texto,categoria,prioridade,setor,grupo
Estou com um problema: Isso está atrapalhando o trabalho de uma pessoa durante a rotina. O problema é que uma configuração foi modificada sem autorização.,Segurança,Média,Segurança,alteracao_nao_autorizada
"Pessoal, a conexão sem fio cai várias vezes. Uma atividade normal ficou prejudicada, embora ainda seja possível fazer outras tarefas. Podem me ajudar?",Rede,Média,Infraestrutura,wifi
"Tenho uma ocorrência em que A rotina individual está comprometida, porém o restante da equipe segue trabalhando. O problema é que a máquina desliga quando fica quente. Podem me ajudar?",Hardware,Média,Infraestrutura,temperatura
"Bom dia, Não há atividade parada; preciso apenas que seja verificado quando possível. O problema é que o computador não dá sinal ao apertar o botão de ligar. Preciso de orientação.",Hardware,Baixa,Suporte N1,energia
"Bom dia, Consigo continuar por outro caminho e isso não bloqueia minha rotina. O problema é que o aplicativo autenticador não aceita o código. Solicito análise.",Acesso,Baixa,Suporte N1,mfa
Preciso de ajuda: A conexão sem fio cai várias vezes. Não há atividade parada; preciso apenas que seja verificado quando possível. Isso começou hoje.,Rede,Baixa,Infraestrutura,wifi
O equipamento passou a apresentar comportamento incomum. Várias pessoas do setor estão com o mesmo problema e uma atividade importante parou. Agradeço se puderem verificar.,Segurança,Alta,Segurança,comportamento_suspeito
"Bom dia, A rotina individual está comprometida, porém o restante da equipe segue trabalhando. O problema é que o documento impresso fica com partes ilegíveis. Conseguem verificar?",Impressora,Média,Suporte N1,qualidade
Podem verificar? Um recurso foi modificado sem registro conhecido da equipe. É um incômodo pontual e o trabalho continua normalmente.,Segurança,Baixa,Sistemas,alteracao_nao_autorizada
Preciso de ajuda: A estação perde a conexão sem fio de tempos em tempos. Diversas equipes não conseguem trabalhar por causa dessa indisponibilidade.,Rede,Crítica,Infraestrutura,wifi
Estou com um problema: A equipe está sem conseguir concluir uma operação necessária para o trabalho. O problema é que a impressão apresenta manchas e trechos faltando. Preciso de orientação.,Impressora,Alta,Suporte N1,qualidade
Podem verificar? Preciso consultar uma tela e recebo aviso de permissão. Um serviço essencial para a empresa ficou indisponível para muitos usuários.,Acesso,Crítica,Sistemas,permissao
"Bom dia, A ocorrência interrompeu uma operação essencial em larga escala. O problema é que um programa necessário não abre depois da instalação. Isso começou hoje.",Software,Crítica,Sistemas,instalacao
Tenho uma ocorrência em que Várias pessoas do setor estão com o mesmo problema e uma atividade importante parou. O problema é que o notebook não consegue se conectar à rede sem fio. Isso começou hoje.,Rede,Alta,Infraestrutura,wifi
Uma ferramenta autorizada precisa ser reinstalada. Só uma tarefa secundária foi afetada e tenho outra forma de realizá-la. Conseguem verificar?,Software,Baixa,Suporte N1,instalacao
"Olá, o ventilador do computador trabalha no máximo o tempo todo. A ocorrência já compromete o trabalho de uma equipe inteira. Agradeço se puderem verificar.",Hardware,Alta,Infraestrutura,temperatura
O notebook não carrega mesmo conectado à energia. A indisponibilidade tem impacto amplo e exige restauração imediata do serviço. Podem me ajudar?,Hardware,Crítica,Suporte N1,energia
"Bom dia, A equipe está sem conseguir concluir uma operação necessária para o trabalho. O problema é que o sistema interno apresenta erro durante o cadastro. Isso começou hoje.",Software,Alta,Sistemas,erp
Estou com um problema: Muitos usuários estão impedidos de executar atividades críticas da empresa. O problema é que a conexão física da estação não disponibiliza a rede. Conseguem verificar?,Rede,Crítica,Infraestrutura,cabeada
Preciso de ajuda: Um programa necessário não abre depois da instalação. Grande parte da operação está parada e não existe alternativa disponível. Podem me ajudar?,Software,Crítica,Sistemas,instalacao
"Bom dia, Diversos usuários foram impactados e não há uma solução prática para o setor. O problema é que a estação não consegue acessar uma pasta compartilhada. Agradeço se puderem verificar.",Rede,Alta,Infraestrutura,recursos_rede
"Olá, a função de digitalização não aparece no computador. Só uma tarefa secundária foi afetada e tenho outra forma de realizá-la. Conseguem verificar?",Impressora,Baixa,Suporte N1,scanner
"Olá, o acesso remoto cai poucos minutos depois de conectar. Várias pessoas do setor estão com o mesmo problema e uma atividade importante parou. Preciso de orientação.",Rede,Alta,Infraestrutura,vpn
"Olá, não consigo concluir a recuperação da senha. A rotina individual está comprometida, porém o restante da equipe segue trabalhando. Isso começou hoje.",Acesso,Média,Suporte N1,senha
"Pessoal, os e-mails não estão sendo movidos para a pasta configurada. Uma função importante para o setor ficou indisponível para várias pessoas. Agradeço se puderem verificar.",E-mail,Alta,Sistemas,regras
"Pessoal, a estação informa que o equipamento não está conectado. Isso está atrapalhando o trabalho de uma pessoa durante a rotina. Podem me ajudar?",Impressora,Média,Suporte N1,offline
Podem verificar? A impressora não aparece disponível na estação. Um serviço essencial para a empresa ficou indisponível para muitos usuários. Preciso de orientação.,Impressora,Crítica,Suporte N1,offline
Preciso de ajuda: O aplicativo foi instalado mas não inicia. A equipe está sem conseguir concluir uma operação necessária para o trabalho. Agradeço se puderem verificar.,Software,Alta,Sistemas,instalacao
Preciso de ajuda: O computador executa ações inesperadas durante o expediente. É um incômodo pontual e o trabalho continua normalmente. Solicito análise.,Segurança,Baixa,Segurança,comportamento_suspeito
Podem verificar? O usuário ficou impedido de iniciar sessão. A ocorrência já compromete o trabalho de uma equipe inteira. Podem me ajudar?,Acesso,Alta,Suporte N1,bloqueio
"Pessoal, um compartilhamento corporativo ficou inacessível. Diversos usuários foram impactados e não há uma solução prática para o setor. Conseguem verificar?",Rede,Alta,Infraestrutura,recursos_rede
"Bom dia, Várias pessoas do setor estão com o mesmo problema e uma atividade importante parou. O problema é que o acesso falha na etapa de autenticação. Isso começou hoje.",Acesso,Alta,Suporte N1,login
Estou com um problema: O problema afeta diversos usuários e precisa ser tratado com rapidez. O problema é que o programa fecha sozinho durante o uso. Preciso de orientação.,Software,Alta,Suporte N1,aplicativo_fechando
Podem verificar? Preciso redefinir a senha da conta. Só uma tarefa secundária foi afetada e tenho outra forma de realizá-la. Preciso de orientação.,Acesso,Baixa,Suporte N1,senha
Podem verificar? Recebi uma mensagem pedindo para confirmar minha senha em um link. Consigo continuar por outro caminho e isso não bloqueia minha rotina. Solicito análise.,Segurança,Baixa,Segurança,phishing
Estou com um problema: O usuário perdeu produtividade e precisa de suporte para continuar a atividade. O problema é que uma tela do sistema de gestão não carrega. Isso começou hoje.,Software,Média,Sistemas,erp
"Pessoal, o histórico mostra entrada que não reconheço. Existe uma alternativa funcionando, então a solicitação pode aguardar. Agradeço se puderem verificar.",Segurança,Baixa,Segurança,acesso_suspeito
Tenho uma ocorrência em que Um serviço essencial para a empresa ficou indisponível para muitos usuários. O problema é que há atraso no recebimento de mensagens corporativas. Podem me ajudar?,E-mail,Crítica,Segurança,recebimento
Podem verificar? Surgiram alertas sobre um possível software malicioso. O problema afeta diversos usuários e precisa ser tratado com rapidez. Preciso de orientação.,Segurança,Alta,Segurança,malware
Identificamos que o computador faz ruído forte de ventilação e aquece. A indisponibilidade tem impacto amplo e exige restauração imediata do serviço.,Hardware,Crítica,Infraestrutura,temperatura
Identificamos que os trabalhos de impressão não saem da lista. Só uma tarefa secundária foi afetada e tenho outra forma de realizá-la. Isso começou hoje.,Impressora,Baixa,Suporte N1,fila
Identificamos que o equipamento compartilhado não recebe trabalhos pela rede. Diversos usuários foram impactados e não há uma solução prática para o setor.,Impressora,Alta,Infraestrutura,rede_impressao
O monitor não recebe sinal do computador. Um serviço essencial para a empresa ficou indisponível para muitos usuários. Isso começou hoje.,Hardware,Crítica,Suporte N1,video
Identificamos que uma tela do sistema de gestão não carrega. Uma função importante para o setor ficou indisponível para várias pessoas. Solicito análise.,Software,Alta,Sistemas,erp
Podem verificar? O aplicativo começou a falhar depois de uma atualização. Uma pessoa não consegue concluir uma tarefa habitual por causa da ocorrência. Isso começou hoje.,Software,Média,Sistemas,atualizacao
"Pessoal, o sistema apresenta erro desde a última versão instalada. A ocorrência interrompeu uma operação essencial em larga escala. Conseguem verificar?",Software,Crítica,Sistemas,atualizacao
"Pessoal, o programa não funciona como antes após ser atualizado. A ocorrência já compromete o trabalho de uma equipe inteira.",Software,Alta,Sistemas,atualizacao
O equipamento não aceita novos trabalhos de impressão. Não há atividade parada; preciso apenas que seja verificado quando possível. Isso começou hoje.,Impressora,Baixa,Suporte N1,offline
Estou com um problema: Uma pessoa não consegue concluir uma tarefa habitual por causa da ocorrência. O problema é que o teclado parou de responder em algumas teclas. Podem me ajudar?,Hardware,Média,Suporte N1,perifericos
Estou com um problema: Diversos usuários foram impactados e não há uma solução prática para o setor. O problema é que surgiram alertas sobre um possível software malicioso.,Segurança,Alta,Segurança,malware
Estou com um problema: Grande parte da operação está parada e não existe alternativa disponível. O problema é que o software apresenta erro ao concluir a configuração. Solicito análise.,Software,Crítica,Sistemas,instalacao
"Pessoal, o notebook não carrega mesmo conectado à energia. O impacto é pequeno neste momento e não existe urgência operacional.",Hardware,Baixa,Suporte N1,energia
Estou com um problema: É um incômodo pontual e o trabalho continua normalmente. O problema é que o filtro configurado não está sendo aplicado. Isso começou hoje.,E-mail,Baixa,Sistemas,regras
"Tenho uma ocorrência em que Uma atividade normal ficou prejudicada, embora ainda seja possível fazer outras tarefas. O problema é que a estação não consegue acessar uma pasta compartilhada. Solicito análise.",Rede,Média,Infraestrutura,recursos_rede
O dispositivo de impressão perdeu comunicação com as estações. A equipe está sem conseguir concluir uma operação necessária para o trabalho. Solicito análise.,Impressora,Alta,Infraestrutura,rede_impressao
"Olá, novos e-mails não aparecem automaticamente. É um incômodo pontual e o trabalho continua normalmente. Conseguem verificar?",E-mail,Baixa,Suporte N1,sincronizacao
"Olá, os e-mails não estão sendo movidos para a pasta configurada. Só uma tarefa secundária foi afetada e tenho outra forma de realizá-la. Solicito análise.",E-mail,Baixa,Sistemas,regras
Preciso de ajuda: O processo automático entre os sistemas parou. Várias pessoas do setor estão com o mesmo problema e uma atividade importante parou. Podem me ajudar?,Software,Alta,Sistemas,integracao
Estou com um problema: Consigo continuar por outro caminho e isso não bloqueia minha rotina. O problema é que um programa necessário não abre depois da instalação. Podem me ajudar?,Software,Baixa,Suporte N1,instalacao
"Pessoal, as páginas estão saindo com falhas na impressão. A ocorrência interrompeu uma operação essencial em larga escala. Conseguem verificar?",Impressora,Crítica,Suporte N1,qualidade
Tenho uma ocorrência em que A indisponibilidade tem impacto amplo e exige restauração imediata do serviço. O problema é que uma configuração foi modificada sem autorização. Conseguem verificar?,Segurança,Crítica,Segurança,alteracao_nao_autorizada
Podem verificar? A organização automática das mensagens falhou. O usuário perdeu produtividade e precisa de suporte para continuar a atividade. Conseguem verificar?,E-mail,Média,Sistemas,regras
"Bom dia, O impacto é pequeno neste momento e não existe urgência operacional. O problema é que o encaminhamento automático parou de funcionar. Agradeço se puderem verificar.",E-mail,Baixa,Sistemas,regras
Tenho uma ocorrência em que O problema afeta diversos usuários e precisa ser tratado com rapidez. O problema é que a imagem desaparece enquanto o equipamento continua ligado. Podem me ajudar?,Hardware,Alta,Suporte N1,video
"Olá, a caixa corporativa apresenta falha ao carregar. Não há atividade parada; preciso apenas que seja verificado quando possível. Agradeço se puderem verificar.",E-mail,Baixa,Suporte N1,caixa
Podem verificar? O serviço de e-mail falha quando tento enviar. A ocorrência já compromete o trabalho de uma equipe inteira. Agradeço se puderem verificar.,E-mail,Alta,Suporte N1,envio
"Pessoal, uma atualização deixou a aplicação instável. Diversas equipes não conseguem trabalhar por causa dessa indisponibilidade. Podem me ajudar?",Software,Crítica,Sistemas,atualizacao
Preciso de ajuda: A conexão segura com a rede corporativa não completa. A indisponibilidade tem impacto amplo e exige restauração imediata do serviço. Podem me ajudar?,Rede,Crítica,Infraestrutura,vpn
Estou com um problema: A ocorrência já compromete o trabalho de uma equipe inteira. O problema é que apareceu uma autenticação de um dispositivo desconhecido. Solicito análise.,Segurança,Alta,Segurança,acesso_suspeito
A imagem desaparece enquanto o equipamento continua ligado. Grande parte da operação está parada e não existe alternativa disponível. Solicito análise.,Hardware,Crítica,Suporte N1,video
Podem verificar? A porta de rede parece não estabelecer comunicação. Não há atividade parada; preciso apenas que seja verificado quando possível.,Rede,Baixa,Infraestrutura,cabeada
"Olá, a estação não obtém conexão pelo cabo de rede. Grande parte da operação está parada e não existe alternativa disponível. Podem me ajudar?",Rede,Crítica,Infraestrutura,cabeada
"Bom dia, Um serviço essencial para a empresa ficou indisponível para muitos usuários. O problema é que um recurso foi modificado sem registro conhecido da equipe. Podem me ajudar?",Segurança,Crítica,Segurança,alteracao_nao_autorizada
Tenho uma ocorrência em que Consigo continuar por outro caminho e isso não bloqueia minha rotina. O problema é que o acesso remoto apresenta erro de conexão. Conseguem verificar?,Rede,Baixa,Infraestrutura,vpn
Podem verificar? Várias estações perderam acesso ao dispositivo de impressão. A ocorrência já compromete o trabalho de uma equipe inteira. Isso começou hoje.,Impressora,Alta,Infraestrutura,rede_impressao
Tenho uma ocorrência em que A ocorrência interrompeu uma operação essencial em larga escala. O problema é que o aplicativo autenticador não aceita o código. Podem me ajudar?,Acesso,Crítica,Suporte N1,mfa
"Olá, a API usada pela aplicação está retornando falha. Uma atividade normal ficou prejudicada, embora ainda seja possível fazer outras tarefas. Preciso de orientação.",Software,Média,Sistemas,integracao
"Identificamos que o sinal está disponível, mas a máquina não consegue navegar. Uma pessoa não consegue concluir uma tarefa habitual por causa da ocorrência.",Rede,Média,Infraestrutura,wifi
"Bom dia, A rotina individual está comprometida, porém o restante da equipe segue trabalhando. O problema é que a verificação em duas etapas não conclui. Agradeço se puderem verificar.",Acesso,Média,Suporte N1,mfa
"Pessoal, a API usada pela aplicação está retornando falha. Grande parte da operação está parada e não existe alternativa disponível. Isso começou hoje.",Software,Crítica,Sistemas,integracao
"Olá, o aplicativo autenticador não aceita o código. Não há atividade parada; preciso apenas que seja verificado quando possível. Podem me ajudar?",Acesso,Baixa,Suporte N1,mfa
Preciso de ajuda: Arquivos locais ficam indisponíveis de forma intermitente. A equipe está sem conseguir concluir uma operação necessária para o trabalho. Agradeço se puderem verificar.,Hardware,Alta,Infraestrutura,armazenamento
Tenho uma ocorrência em que Consigo continuar por outro caminho e isso não bloqueia minha rotina. O problema é que não consigo digitalizar documentos no equipamento. Solicito análise.,Impressora,Baixa,Suporte N1,scanner
"Identificamos que há falhas frequentes ao salvar arquivos na máquina. O problema está limitado a uma estação, mas interfere no trabalho diário. Podem me ajudar?",Hardware,Média,Infraestrutura,armazenamento
"Bom dia, A ocorrência interrompeu uma operação essencial em larga escala. O problema é que o programa deixa de responder depois de alguns minutos. Solicito análise.",Software,Crítica,Suporte N1,aplicativo_fechando
Identificamos que não consigo entrar na minha conta corporativa. O problema afeta diversos usuários e precisa ser tratado com rapidez. Solicito análise.,Acesso,Alta,Suporte N1,login
"Tenho uma ocorrência em que Uma atividade normal ficou prejudicada, embora ainda seja possível fazer outras tarefas. O problema é que algumas mensagens esperadas não estão chegando.",E-mail,Média,Suporte N1,recebimento
Preciso de ajuda: O erp retorna erro ao registrar uma operação. Não há atividade parada; preciso apenas que seja verificado quando possível.,Software,Baixa,Sistemas,erp
"Pessoal, não consigo chegar aos recursos internos trabalhando de casa. Uma função importante para o setor ficou indisponível para várias pessoas. Conseguem verificar?",Rede,Alta,Infraestrutura,vpn
"Olá, mandei imprimir, mas o documento ficou parado na fila. Diversos usuários foram impactados e não há uma solução prática para o setor. Podem me ajudar?",Impressora,Alta,Suporte N1,fila
"Pessoal, o usuário ficou impedido de iniciar sessão. O problema está limitado a uma estação, mas interfere no trabalho diário. Conseguem verificar?",Acesso,Média,Suporte N1,bloqueio
"Pessoal, o computador parece iniciar normalmente, porém nada aparece na tela. Só uma tarefa secundária foi afetada e tenho outra forma de realizá-la. Conseguem verificar?",Hardware,Baixa,Suporte N1,video
Preciso redefinir a senha da conta. Uma função importante para o setor ficou indisponível para várias pessoas. Isso começou hoje.,Acesso,Alta,Suporte N1,senha
"Olá, e-mails externos não estão chegando à conta. Só uma tarefa secundária foi afetada e tenho outra forma de realizá-la. Conseguem verificar?",E-mail,Baixa,Suporte N1,recebimento
"Pessoal, uma tela do sistema de gestão não carrega. Só uma tarefa secundária foi afetada e tenho outra forma de realizá-la. Conseguem verificar?",Software,Baixa,Sistemas,erp
"Olá, o equipamento não consegue acessar recursos usando o cabo. Isso está atrapalhando o trabalho de uma pessoa durante a rotina. Preciso de orientação.",Rede,Média,Infraestrutura,cabeada
Minha conta ficou bloqueada depois de algumas tentativas. O problema afeta diversos usuários e precisa ser tratado com rapidez. Conseguem verificar?,Acesso,Alta,Suporte N1,bloqueio
Tenho uma ocorrência em que Diversas equipes não conseguem trabalhar por causa dessa indisponibilidade. O problema é que a etapa adicional de autenticação está falhando.,Acesso,Crítica,Suporte N1,mfa
"Bom dia, Uma função importante para o setor ficou indisponível para várias pessoas. O problema é que não recebo e-mails de determinados remetentes. Podem me ajudar?",E-mail,Alta,Suporte N1,recebimento
"Bom dia, Existe uma alternativa funcionando, então a solicitação pode aguardar. O problema é que e-mails externos não estão chegando à conta. Isso começou hoje.",E-mail,Baixa,Suporte N1,recebimento
"Podem verificar? Foi detectado conteúdo potencialmente perigoso na estação. O problema está limitado a uma estação, mas interfere no trabalho diário. Podem me ajudar?",Segurança,Média,Segurança,malware
"Bom dia, Diversos usuários foram impactados e não há uma solução prática para o setor. O problema é que o equipamento apresenta aquecimento fora do normal. Podem me ajudar?",Hardware,Alta,Infraestrutura,temperatura
Um recurso interno da rede deixou de responder. O usuário perdeu produtividade e precisa de suporte para continuar a atividade. Agradeço se puderem verificar.,Rede,Média,Infraestrutura,recursos_rede
"Pessoal, a estação não consegue acessar uma pasta compartilhada. Grande parte da operação está parada e não existe alternativa disponível. Isso começou hoje.",Rede,Crítica,Infraestrutura,recursos_rede
"Estou com um problema: O problema está limitado a uma estação, mas interfere no trabalho diário. O problema é que um remetente desconhecido pediu informações da minha conta. Conseguem verificar?",Segurança,Média,Segurança,phishing
Preciso de ajuda: A navegação está muito instável no escritório. Grande parte da operação está parada e não existe alternativa disponível. Agradeço se puderem verificar.,Rede,Crítica,Infraestrutura,internet
"Olá, uma função do sistema de gestão parou de responder. Várias pessoas do setor estão com o mesmo problema e uma atividade importante parou. Preciso de orientação.",Software,Alta,Sistemas,erp
"Bom dia, Uma atividade normal ficou prejudicada, embora ainda seja possível fazer outras tarefas. O problema é que o acesso foi bloqueado e preciso voltar a trabalhar. Isso começou hoje.",Acesso,Média,Suporte N1,bloqueio
"Bom dia, O problema afeta diversos usuários e precisa ser tratado com rapidez. O problema é que o equipamento demora muito para acessar dados do disco. Isso começou hoje.",Hardware,Alta,Infraestrutura,armazenamento
Identificamos que um dispositivo USB não é reconhecido. Isso está atrapalhando o trabalho de uma pessoa durante a rotina. Isso começou hoje.,Hardware,Média,Suporte N1,perifericos
"Estou com um problema: A rotina individual está comprometida, porém o restante da equipe segue trabalhando. O problema é que o equipamento desliga sozinho pouco depois de iniciar. Solicito análise.",Hardware,Média,Suporte N1,energia
"Bom dia, Muitos usuários estão impedidos de executar atividades críticas da empresa. O problema é que preciso redefinir a senha da conta. Solicito análise.",Acesso,Crítica,Suporte N1,senha
Tenho uma ocorrência em que A equipe está sem conseguir concluir uma operação necessária para o trabalho. O problema é que o notebook não carrega mesmo conectado à energia. Isso começou hoje.,Hardware,Alta,Suporte N1,energia
"Pessoal, e-mails externos não estão chegando à conta. O usuário perdeu produtividade e precisa de suporte para continuar a atividade. Solicito análise.",E-mail,Média,Suporte N1,recebimento
"Olá, a máquina acessa a internet mas não os recursos internos. Só uma tarefa secundária foi afetada e tenho outra forma de realizá-la. Agradeço se puderem verificar.",Rede,Baixa,Infraestrutura,recursos_rede
Podem verificar? O equipamento não aceita novos trabalhos de impressão. Grande parte da operação está parada e não existe alternativa disponível. Conseguem verificar?,Impressora,Crítica,Suporte N1,offline
Há atraso no recebimento de mensagens corporativas. A indisponibilidade tem impacto amplo e exige restauração imediata do serviço. Solicito análise.,E-mail,Crítica,Segurança,recebimento
Podem verificar? O equipamento demora muito para acessar dados do disco. Não há atividade parada; preciso apenas que seja verificado quando possível. Solicito análise.,Hardware,Baixa,Suporte N1,armazenamento
Preciso de ajuda: Apareceu um programa no computador que eu nunca instalei. Diversos usuários foram impactados e não há uma solução prática para o setor. Solicito análise.,Segurança,Alta,Segurança,malware
Identificamos que as folhas saem com qualidade muito ruim. Uma função importante para o setor ficou indisponível para várias pessoas.,Impressora,Alta,Suporte N1,qualidade
"Bom dia, Diversos usuários foram impactados e não há uma solução prática para o setor. O problema é que algumas mensagens esperadas não estão chegando. Conseguem verificar?",E-mail,Alta,Suporte N1,recebimento
"Pessoal, a webcam não é detectada pelo computador. Muitos usuários estão impedidos de executar atividades críticas da empresa.",Hardware,Crítica,Suporte N1,perifericos
"Olá, não consigo chegar aos recursos internos trabalhando de casa. A rotina individual está comprometida, porém o restante da equipe segue trabalhando.",Rede,Média,Infraestrutura,vpn
"Bom dia, O usuário perdeu produtividade e precisa de suporte para continuar a atividade. O problema é que minha conta registra acesso em um horário em que eu não estava trabalhando. Preciso de orientação.",Segurança,Média,Segurança,acesso_suspeito
Estou com um problema: Grande parte da operação está parada e não existe alternativa disponível. O problema é que as páginas estão saindo com falhas na impressão. Isso começou hoje.,Impressora,Crítica,Suporte N1,qualidade
O aplicativo começou a falhar depois de uma atualização. A ocorrência interrompeu uma operação essencial em larga escala.,Software,Crítica,Sistemas,atualizacao
Estou com um problema: Diversas equipes não conseguem trabalhar por causa dessa indisponibilidade. O problema é que o processo automático entre os sistemas parou.,Software,Crítica,Sistemas,integracao
"Olá, a estação perdeu alimentação durante o expediente. Grande parte da operação está parada e não existe alternativa disponível. Preciso de orientação.",Hardware,Crítica,Suporte N1,energia
"Olá, a credencial atual não está sendo reconhecida. É um incômodo pontual e o trabalho continua normalmente. Solicito análise.",Acesso,Baixa,Suporte N1,senha
"Pessoal, o filtro configurado não está sendo aplicado. O impacto é pequeno neste momento e não existe urgência operacional. Conseguem verificar?",E-mail,Baixa,Sistemas,regras
Preciso de ajuda: A api usada pela aplicação está retornando falha. O problema afeta diversos usuários e precisa ser tratado com rapidez. Conseguem verificar?,Software,Alta,Sistemas,integracao
Estou com um problema: A ocorrência já compromete o trabalho de uma equipe inteira. O problema é que a sessão remota com a rede corporativa fica instável. Solicito análise.,Rede,Alta,Infraestrutura,vpn
Podem verificar? O sistema rejeita minhas credenciais mesmo estando corretas. O usuário perdeu produtividade e precisa de suporte para continuar a atividade.,Acesso,Média,Suporte N1,login
"Pessoal, a caixa corporativa demora para atualizar. Uma função importante para o setor ficou indisponível para várias pessoas. Isso começou hoje.",E-mail,Alta,Suporte N1,sincronizacao
"Bom dia, O impacto é pequeno neste momento e não existe urgência operacional. O problema é que tenho acesso ao sistema, mas não ao recurso que preciso. Agradeço se puderem verificar.",Acesso,Baixa,Sistemas,permissao
A senha expirou e não consigo continuar. Isso está atrapalhando o trabalho de uma pessoa durante a rotina. Solicito análise.,Acesso,Média,Suporte N1,senha
Preciso de ajuda: A impressão apresenta manchas e trechos faltando. Isso está atrapalhando o trabalho de uma pessoa durante a rotina. Solicito análise.,Impressora,Média,Suporte N1,qualidade
Estou com um problema: A ocorrência já compromete o trabalho de uma equipe inteira. O problema é que os dados não estão sincronizando entre as aplicações. Agradeço se puderem verificar.,Software,Alta,Sistemas,integracao
Preciso de ajuda: Não consigo fazer login no ambiente de trabalho. A equipe está sem conseguir concluir uma operação necessária para o trabalho.,Acesso,Alta,Segurança,login
"Minha conta registra acesso em um horário em que eu não estava trabalhando. Existe uma alternativa funcionando, então a solicitação pode aguardar. Solicito análise.",Segurança,Baixa,Segurança,acesso_suspeito
O headset deixou de funcionar na estação. Diversos usuários foram impactados e não há uma solução prática para o setor. Preciso de orientação.,Hardware,Alta,Suporte N1,perifericos
Não consigo digitalizar documentos no equipamento. Não há atividade parada; preciso apenas que seja verificado quando possível.,Impressora,Baixa,Suporte N1,scanner
"Olá, o equipamento não aceita novos trabalhos de impressão. Consigo continuar por outro caminho e isso não bloqueia minha rotina. Podem me ajudar?",Impressora,Baixa,Suporte N1,offline
Podem verificar? O aplicativo trava e precisa ser aberto novamente. Isso está atrapalhando o trabalho de uma pessoa durante a rotina. Solicito análise.,Software,Média,Suporte N1,aplicativo_fechando
"Identificamos que a estação perde a conexão sem fio de tempos em tempos. Existe uma alternativa funcionando, então a solicitação pode aguardar. Agradeço se puderem verificar.",Rede,Baixa,Infraestrutura,wifi
O notebook não consegue se conectar à rede sem fio. Muitos usuários estão impedidos de executar atividades críticas da empresa. Podem me ajudar?,Rede,Crítica,Infraestrutura,wifi
Tenho uma ocorrência em que É um incômodo pontual e o trabalho continua normalmente. O problema é que uma mensagem afirma que minha conta será bloqueada se eu não informar credenciais. Podem me ajudar?,Segurança,Baixa,Segurança,phishing
Tenho uma ocorrência em que A ocorrência interrompeu uma operação essencial em larga escala. O problema é que a conexão sem fio cai várias vezes. Agradeço se puderem verificar.,Rede,Crítica,Infraestrutura,wifi
"Bom dia, Diversas equipes não conseguem trabalhar por causa dessa indisponibilidade. O problema é que a nova versão do programa não abre corretamente. Isso começou hoje.",Software,Crítica,Sistemas,atualizacao
Identificamos que um recurso foi modificado sem registro conhecido da equipe. Isso está atrapalhando o trabalho de uma pessoa durante a rotina. Preciso de orientação.,Segurança,Média,Segurança,alteracao_nao_autorizada
"Pessoal, o computador executa ações inesperadas durante o expediente. O impacto é pequeno neste momento e não existe urgência operacional.",Segurança,Baixa,Segurança,comportamento_suspeito
Podem verificar? Uma mensagem afirma que minha conta será bloqueada se eu não informar credenciais. Um serviço essencial para a empresa ficou indisponível para muitos usuários. Podem me ajudar?,Segurança,Crítica,Segurança,phishing
Tenho uma ocorrência em que O usuário perdeu produtividade e precisa de suporte para continuar a atividade. O problema é que a ferramenta corporativa fecha ao gerar um relatório. Podem me ajudar?,Software,Média,Suporte N1,aplicativo_fechando
"Tenho uma ocorrência em que A rotina individual está comprometida, porém o restante da equipe segue trabalhando. O problema é que a estação perde a conexão sem fio de tempos em tempos. Conseguem verificar?",Rede,Média,Infraestrutura,wifi
"Preciso de ajuda: Consigo receber, mas não consigo enviar mensagens. O usuário perdeu produtividade e precisa de suporte para continuar a atividade. Isso começou hoje.",E-mail,Média,Suporte N1,envio
Estou com um problema: A indisponibilidade tem impacto amplo e exige restauração imediata do serviço. O problema é que preciso consultar uma tela e recebo aviso de permissão. Solicito análise.,Acesso,Crítica,Sistemas,permissao
"Pessoal, a caixa de e-mail não abre corretamente. A ocorrência interrompeu uma operação essencial em larga escala. Solicito análise.",E-mail,Crítica,Suporte N1,caixa
Preciso de ajuda: A impressão fica pendente indefinidamente. O usuário perdeu produtividade e precisa de suporte para continuar a atividade. Preciso de orientação.,Impressora,Média,Suporte N1,fila
Identificamos que a API usada pela aplicação está retornando falha. Não há atividade parada; preciso apenas que seja verificado quando possível. Podem me ajudar?,Software,Baixa,Sistemas,integracao
"Identificamos que surgiram janelas e processos que o usuário não reconhece. Uma atividade normal ficou prejudicada, embora ainda seja possível fazer outras tarefas. Podem me ajudar?",Segurança,Média,Segurança,comportamento_suspeito
Preciso de ajuda: Recebi uma mensagem pedindo para confirmar minha senha em um link. A ocorrência interrompeu uma operação essencial em larga escala. Podem me ajudar?,Segurança,Crítica,Segurança,phishing
Estou com um problema: Consigo continuar por outro caminho e isso não bloqueia minha rotina. O problema é que a estação perdeu alimentação durante o expediente. Conseguem verificar?,Hardware,Baixa,Suporte N1,energia
Tenho uma ocorrência em que Várias pessoas do setor estão com o mesmo problema e uma atividade importante parou. O problema é que o mouse falha durante o uso. Conseguem verificar?,Hardware,Alta,Suporte N1,perifericos
Podem verificar? Os arquivos enviados para impressão não avançam. A ocorrência já compromete o trabalho de uma equipe inteira. Solicito análise.,Impressora,Alta,Suporte N1,fila
Podem verificar? Há sessões na minha conta que eu não iniciei. Diversos usuários foram impactados e não há uma solução prática para o setor. Agradeço se puderem verificar.,Segurança,Alta,Segurança,acesso_suspeito
O computador conectado por cabo ficou sem acesso. A ocorrência já compromete o trabalho de uma equipe inteira. Preciso de orientação.,Rede,Alta,Infraestrutura,cabeada
"Pessoal, o sistema pede troca de senha mas o processo falha. Grande parte da operação está parada e não existe alternativa disponível. Podem me ajudar?",Acesso,Crítica,Suporte N1,senha
As mensagens enviadas para mim não aparecem. O impacto é pequeno neste momento e não existe urgência operacional. Podem me ajudar?,E-mail,Baixa,Suporte N1,recebimento
"Pessoal, uma mensagem permanece na caixa de saída. O problema afeta diversos usuários e precisa ser tratado com rapidez. Conseguem verificar?",E-mail,Alta,Suporte N1,envio
"Pessoal, o envio de mensagens retorna erro. A indisponibilidade tem impacto amplo e exige restauração imediata do serviço. Preciso de orientação.",E-mail,Crítica,Suporte N1,envio
Preciso de ajuda: Não consigo mandar e-mails para outros usuários. Muitos usuários estão impedidos de executar atividades críticas da empresa. Podem me ajudar?,E-mail,Crítica,Suporte N1,envio
"Pessoal, o computador não dá sinal ao apertar o botão de ligar. Uma pessoa não consegue concluir uma tarefa habitual por causa da ocorrência. Conseguem verificar?",Hardware,Média,Suporte N1,energia
"Podem verificar? Os trabalhos de impressão não saem da lista. Existe uma alternativa funcionando, então a solicitação pode aguardar. Conseguem verificar?",Impressora,Baixa,Suporte N1,fila
Tenho uma ocorrência em que Diversos usuários foram impactados e não há uma solução prática para o setor. O problema é que a estação perdeu alimentação durante o expediente. Solicito análise.,Hardware,Alta,Suporte N1,energia
Tenho uma ocorrência em que Grande parte da operação está parada e não existe alternativa disponível. O problema é que o programa fecha sozinho durante o uso. Isso começou hoje.,Software,Crítica,Suporte N1,aplicativo_fechando
Tenho uma ocorrência em que Grande parte da operação está parada e não existe alternativa disponível. O problema é que a digitalização falha antes de salvar o arquivo.,Impressora,Crítica,Suporte N1,scanner
Arquivos locais ficam indisponíveis de forma intermitente. É um incômodo pontual e o trabalho continua normalmente. Solicito análise.,Hardware,Baixa,Suporte N1,armazenamento
"Olá, o programa deixa de responder depois de alguns minutos. Grande parte da operação está parada e não existe alternativa disponível. Podem me ajudar?",Software,Crítica,Suporte N1,aplicativo_fechando
"Olá, recebi aviso de login que não reconheço. Uma atividade normal ficou prejudicada, embora ainda seja possível fazer outras tarefas. Podem me ajudar?",Segurança,Média,Segurança,acesso_suspeito
"Estou com um problema: Uma atividade normal ficou prejudicada, embora ainda seja possível fazer outras tarefas. O problema é que a estação não obtém conexão pelo cabo de rede.",Rede,Média,Infraestrutura,cabeada
"Tenho uma ocorrência em que Uma atividade normal ficou prejudicada, embora ainda seja possível fazer outras tarefas. O problema é que o headset deixou de funcionar na estação.",Hardware,Média,Suporte N1,perifericos
"Estou com um problema: A rotina individual está comprometida, porém o restante da equipe segue trabalhando. O problema é que a aplicação encerra ao executar uma tarefa. Conseguem verificar?",Software,Média,Suporte N1,aplicativo_fechando
"Olá, o código de autenticação não chega ao meu dispositivo. Uma pessoa não consegue concluir uma tarefa habitual por causa da ocorrência. Solicito análise.",Acesso,Média,Suporte N1,mfa
Estou com um problema: A ocorrência interrompeu uma operação essencial em larga escala. O problema é que não consigo digitalizar documentos no equipamento. Podem me ajudar?,Impressora,Crítica,Suporte N1,scanner
"Pessoal, a máquina acessa a internet mas não os recursos internos. O usuário perdeu produtividade e precisa de suporte para continuar a atividade. Podem me ajudar?",Rede,Média,Infraestrutura,recursos_rede
"Estou com um problema: Existe uma alternativa funcionando, então a solicitação pode aguardar. O problema é que o acesso remoto cai poucos minutos depois de conectar. Conseguem verificar?",Rede,Baixa,Infraestrutura,vpn
"Tenho uma ocorrência em que O problema está limitado a uma estação, mas interfere no trabalho diário. O problema é que o ventilador do computador trabalha no máximo o tempo todo.",Hardware,Média,Infraestrutura,temperatura
A estação informa que o equipamento não está conectado. A indisponibilidade tem impacto amplo e exige restauração imediata do serviço. Conseguem verificar?,Impressora,Crítica,Suporte N1,offline
Podem verificar? Não consigo enviar o documento digitalizado para o computador. Isso está atrapalhando o trabalho de uma pessoa durante a rotina. Agradeço se puderem verificar.,Impressora,Média,Suporte N1,scanner
Estou com um problema: A indisponibilidade tem impacto amplo e exige restauração imediata do serviço. O problema é que a impressora não aparece disponível na estação.,Impressora,Crítica,Suporte N1,offline
"Pessoal, a nova versão do programa não abre corretamente. Existe uma alternativa funcionando, então a solicitação pode aguardar. Isso começou hoje.",Software,Baixa,Sistemas,atualizacao
"Olá, não consigo estabelecer a conexão remota com a empresa. A ocorrência interrompeu uma operação essencial em larga escala. Solicito análise.",Rede,Crítica,Infraestrutura,vpn
"Bom dia, A indisponibilidade tem impacto amplo e exige restauração imediata do serviço. O problema é que não consigo enviar o documento digitalizado para o computador.",Impressora,Crítica,Suporte N1,scanner
"Os e-mails não estão sendo movidos para a pasta configurada. Existe uma alternativa funcionando, então a solicitação pode aguardar. Podem me ajudar?",E-mail,Baixa,Sistemas,regras
"Identificamos que a navegação está muito instável no escritório. Uma atividade normal ficou prejudicada, embora ainda seja possível fazer outras tarefas. Isso começou hoje.",Rede,Média,Infraestrutura,internet
"Pessoal, a navegação ficou lenta e apresenta interrupções. Várias pessoas do setor estão com o mesmo problema e uma atividade importante parou. Isso começou hoje.",Rede,Alta,Infraestrutura,internet
Podem verificar? O notebook não carrega mesmo conectado à energia. Isso está atrapalhando o trabalho de uma pessoa durante a rotina. Agradeço se puderem verificar.,Hardware,Média,Suporte N1,energia
"Bom dia, Muitos usuários estão impedidos de executar atividades críticas da empresa. O problema é que a integração não está enviando os dados esperados. Podem me ajudar?",Software,Crítica,Sistemas,integracao
O erp não permite finalizar o processo. Diversos usuários foram impactados e não há uma solução prática para o setor. Podem me ajudar?,Software,Alta,Sistemas,erp
Preciso de ajuda: O leitor conectado à máquina não responde. A ocorrência já compromete o trabalho de uma equipe inteira. Preciso de orientação.,Hardware,Alta,Suporte N1,perifericos
Podem verificar? Depois da atualização algumas funções deixaram de funcionar. O impacto é pequeno neste momento e não existe urgência operacional. Preciso de orientação.,Software,Baixa,Sistemas,atualizacao
Estou com um problema: Diversas equipes não conseguem trabalhar por causa dessa indisponibilidade. O problema é que não consigo concluir a recuperação da senha. Preciso de orientação.,Acesso,Crítica,Suporte N1,senha
"Os trabalhos de impressão não saem da lista. A rotina individual está comprometida, porém o restante da equipe segue trabalhando. Solicito análise.",Impressora,Média,Suporte N1,fila
"Podem verificar? O equipamento passou a apresentar comportamento incomum. Existe uma alternativa funcionando, então a solicitação pode aguardar. Solicito análise.",Segurança,Baixa,Segurança,comportamento_suspeito
Estou com um problema: A equipe está sem conseguir concluir uma operação necessária para o trabalho. O problema é que uma aplicação desconhecida começou a executar sozinha. Podem me ajudar?,Segurança,Alta,Segurança,malware
"Bom dia, Existe uma alternativa funcionando, então a solicitação pode aguardar. O problema é que a máquina apresenta atividades estranhas mesmo sem uso. Conseguem verificar?",Segurança,Baixa,Segurança,comportamento_suspeito
Tenho uma ocorrência em que A equipe está sem conseguir concluir uma operação necessária para o trabalho. O problema é que o aplicativo trava e precisa ser aberto novamente. Preciso de orientação.,Software,Alta,Suporte N1,aplicativo_fechando
Estou com um problema: A equipe está sem conseguir concluir uma operação necessária para o trabalho. O problema é que os computadores estão com dificuldade para acessar a internet.,Rede,Alta,Infraestrutura,internet
Estou com um problema: A ocorrência interrompeu uma operação essencial em larga escala. O problema é que a API usada pela aplicação está retornando falha. Podem me ajudar?,Software,Crítica,Sistemas,integracao
"Preciso de ajuda: E-mails externos não estão chegando à conta. A rotina individual está comprometida, porém o restante da equipe segue trabalhando. Podem me ajudar?",E-mail,Média,Suporte N1,recebimento
Estou com um problema: O impacto é pequeno neste momento e não existe urgência operacional. O problema é que um recurso foi modificado sem registro conhecido da equipe. Solicito análise.,Segurança,Baixa,Sistemas,alteracao_nao_autorizada
Podem verificar? O perfil não permite executar a operação necessária. Uma função importante para o setor ficou indisponível para várias pessoas. Isso começou hoje.,Acesso,Alta,Sistemas,permissao
Tenho uma ocorrência em que O impacto é pequeno neste momento e não existe urgência operacional. O problema é que a fila acumula documentos sem processá-los.,Impressora,Baixa,Suporte N1,fila
Tenho uma ocorrência em que O impacto é pequeno neste momento e não existe urgência operacional. O problema é que arquivos locais ficam indisponíveis de forma intermitente. Podem me ajudar?,Hardware,Baixa,Suporte N1,armazenamento
Podem verificar? A impressão apresenta manchas e trechos faltando. A indisponibilidade tem impacto amplo e exige restauração imediata do serviço. Agradeço se puderem verificar.,Impressora,Crítica,Suporte N1,qualidade
Estou com um problema: É um incômodo pontual e o trabalho continua normalmente. O problema é que depois da atualização algumas funções deixaram de funcionar.,Software,Baixa,Sistemas,atualizacao
"Pessoal, o acesso foi bloqueado e preciso voltar a trabalhar. O problema afeta diversos usuários e precisa ser tratado com rapidez. Solicito análise.",Acesso,Alta,Suporte N1,bloqueio
"Olá, a nova versão do programa não abre corretamente. Muitos usuários estão impedidos de executar atividades críticas da empresa. Conseguem verificar?",Software,Crítica,Sistemas,atualizacao
Estou com um problema: O usuário perdeu produtividade e precisa de suporte para continuar a atividade. O problema é que o notebook não consegue se conectar à rede sem fio. Preciso de orientação.,Rede,Média,Infraestrutura,wifi
Recebi uma mensagem pedindo para confirmar minha senha em um link. Uma pessoa não consegue concluir uma tarefa habitual por causa da ocorrência. Agradeço se puderem verificar.,Segurança,Média,Segurança,phishing
Novos e-mails não aparecem automaticamente. O impacto é pequeno neste momento e não existe urgência operacional. Agradeço se puderem verificar.,E-mail,Baixa,Suporte N1,sincronizacao
Identificamos que recebi um link inesperado pedindo autenticação corporativa. A ocorrência interrompeu uma operação essencial em larga escala. Preciso de orientação.,Segurança,Crítica,Segurança,phishing
Identificamos que minha conta não permite iniciar a sessão. Consigo continuar por outro caminho e isso não bloqueia minha rotina. Podem me ajudar?,Acesso,Baixa,Suporte N1,login
Estou com um problema: A ocorrência já compromete o trabalho de uma equipe inteira. O problema é que o computador faz ruído forte de ventilação e aquece. Podem me ajudar?,Hardware,Alta,Infraestrutura,temperatura
"Tenho uma ocorrência em que O problema está limitado a uma estação, mas interfere no trabalho diário. O problema é que um recurso foi modificado sem registro conhecido da equipe. Agradeço se puderem verificar.",Segurança,Média,Segurança,alteracao_nao_autorizada
Identificamos que a estação informa que o equipamento não está conectado. A ocorrência já compromete o trabalho de uma equipe inteira. Preciso de orientação.,Impressora,Alta,Suporte N1,offline
Não consigo visualizar as pastas de mensagens. É um incômodo pontual e o trabalho continua normalmente. Solicito análise.,E-mail,Baixa,Suporte N1,caixa
"Bom dia, Isso está atrapalhando o trabalho de uma pessoa durante a rotina. O problema é que os dados não estão sincronizando entre as aplicações. Solicito análise.",Software,Média,Sistemas,integracao
Podem verificar? Uma mensagem suspeita tenta me levar a uma página de login. Uma função importante para o setor ficou indisponível para várias pessoas. Agradeço se puderem verificar.,Segurança,Alta,Segurança,phishing
Estou com um problema: Várias pessoas do setor estão com o mesmo problema e uma atividade importante parou. O problema é que os e-mails não estão sendo movidos para a pasta configurada. Conseguem verificar?,E-mail,Alta,Sistemas,regras
Identificamos que os computadores estão com dificuldade para acessar a internet. Um serviço essencial para a empresa ficou indisponível para muitos usuários. Agradeço se puderem verificar.,Rede,Crítica,Infraestrutura,internet
"Tenho uma ocorrência em que O problema está limitado a uma estação, mas interfere no trabalho diário. O problema é que a senha expirou e não consigo continuar. Podem me ajudar?",Acesso,Média,Suporte N1,senha
Identificamos que o programa corporativo não funciona após ser configurado. Um serviço essencial para a empresa ficou indisponível para muitos usuários. Podem me ajudar?,Software,Crítica,Sistemas,instalacao
Podem verificar? Há atraso no recebimento de mensagens corporativas. A equipe está sem conseguir concluir uma operação necessária para o trabalho. Conseguem verificar?,E-mail,Alta,Segurança,recebimento
Podem verificar? A impressora da rede deixou de responder. Várias pessoas do setor estão com o mesmo problema e uma atividade importante parou. Agradeço se puderem verificar.,Impressora,Alta,Infraestrutura,rede_impressao
Estou com um problema: Diversas equipes não conseguem trabalhar por causa dessa indisponibilidade. O problema é que não consigo enviar documentos porque o dispositivo está offline. Podem me ajudar?,Impressora,Crítica,Suporte N1,offline
Identificamos que foi detectado conteúdo potencialmente perigoso na estação. A equipe está sem conseguir concluir uma operação necessária para o trabalho. Solicito análise.,Segurança,Alta,Segurança,malware
"Pessoal, o aplicativo autenticador não aceita o código. Uma atividade normal ficou prejudicada, embora ainda seja possível fazer outras tarefas. Preciso de orientação.",Acesso,Média,Suporte N1,mfa
Estou com um problema: Várias pessoas do setor estão com o mesmo problema e uma atividade importante parou. O problema é que o perfil não permite executar a operação necessária. Conseguem verificar?,Acesso,Alta,Sistemas,permissao
Estou com um problema: Um serviço essencial para a empresa ficou indisponível para muitos usuários. O problema é que não consigo entrar porque a conta foi travada. Podem me ajudar?,Acesso,Crítica,Suporte N1,bloqueio
"Tenho uma ocorrência em que Consigo continuar por outro caminho e isso não bloqueia minha rotina. O problema é que recebo mensagens pelo navegador, mas não no aplicativo. Isso começou hoje.",E-mail,Baixa,Suporte N1,sincronizacao
Houve uma mudança inesperada em dados corporativos. Uma função importante para o setor ficou indisponível para várias pessoas. Preciso de orientação.,Segurança,Alta,Segurança,alteracao_nao_autorizada
"Olá, o programa fecha sozinho durante o uso. Consigo continuar por outro caminho e isso não bloqueia minha rotina. Isso começou hoje.",Software,Baixa,Suporte N1,aplicativo_fechando
Identificamos que não consigo entrar porque a conta foi travada. É um incômodo pontual e o trabalho continua normalmente. Podem me ajudar?,Acesso,Baixa,Suporte N1,bloqueio
Podem verificar? O dispositivo de impressão perdeu comunicação com as estações. É um incômodo pontual e o trabalho continua normalmente. Conseguem verificar?,Impressora,Baixa,Suporte N1,rede_impressao
"Olá, uma tela do sistema de gestão não carrega. Diversas equipes não conseguem trabalhar por causa dessa indisponibilidade. Agradeço se puderem verificar.",Software,Crítica,Sistemas,erp
Identificamos que não conseguimos localizar a impressora compartilhada. O usuário perdeu produtividade e precisa de suporte para continuar a atividade. Agradeço se puderem verificar.,Impressora,Média,Infraestrutura,rede_impressao
Preciso de ajuda: Os arquivos enviados para impressão não avançam. Isso está atrapalhando o trabalho de uma pessoa durante a rotina. Conseguem verificar?,Impressora,Média,Suporte N1,fila
Preciso consultar uma tela e recebo aviso de permissão. O impacto é pequeno neste momento e não existe urgência operacional. Preciso de orientação.,Acesso,Baixa,Sistemas,permissao
Identificamos que há atividades na estação que não correspondem ao uso normal. É um incômodo pontual e o trabalho continua normalmente. Agradeço se puderem verificar.,Segurança,Baixa,Segurança,comportamento_suspeito
Tenho uma ocorrência em que Só uma tarefa secundária foi afetada e tenho outra forma de realizá-la. O problema é que o processo automático entre os sistemas parou. Preciso de orientação.,Software,Baixa,Sistemas,integracao
Tenho uma ocorrência em que Uma pessoa não consegue concluir uma tarefa habitual por causa da ocorrência. O problema é que o equipamento demora muito para acessar dados do disco. Preciso de orientação.,Hardware,Média,Infraestrutura,armazenamento
Preciso de ajuda: As pastas da conta não ficam disponíveis. O impacto é pequeno neste momento e não existe urgência operacional. Preciso de orientação.,E-mail,Baixa,Suporte N1,caixa
A caixa parece não receber novas mensagens. Não há atividade parada; preciso apenas que seja verificado quando possível.,E-mail,Baixa,Suporte N1,recebimento
Preciso de ajuda: A autenticação não conclui quando tento acessar. Um serviço essencial para a empresa ficou indisponível para muitos usuários. Preciso de orientação.,Acesso,Crítica,Suporte N1,login
"A estação liga, mas não exibe vídeo. A equipe está sem conseguir concluir uma operação necessária para o trabalho. Conseguem verificar?",Hardware,Alta,Suporte N1,video
"Podem verificar? As mensagens novas não aparecem no aplicativo de e-mail. Uma atividade normal ficou prejudicada, embora ainda seja possível fazer outras tarefas. Conseguem verificar?",E-mail,Média,Suporte N1,sincronizacao
"Estou com um problema: O problema está limitado a uma estação, mas interfere no trabalho diário. O problema é que o acesso aos serviços internos está intermitente. Preciso de orientação.",Rede,Média,Infraestrutura,recursos_rede
"Pessoal, a estação não obtém conexão pelo cabo de rede. Não há atividade parada; preciso apenas que seja verificado quando possível. Solicito análise.",Rede,Baixa,Infraestrutura,cabeada
"Bom dia, O usuário perdeu produtividade e precisa de suporte para continuar a atividade. O problema é que não consigo chegar aos recursos internos trabalhando de casa. Preciso de orientação.",Rede,Média,Infraestrutura,vpn
"O aplicativo foi instalado mas não inicia. O problema está limitado a uma estação, mas interfere no trabalho diário. Solicito análise.",Software,Média,Suporte N1,instalacao
Podem verificar? Recebi aviso de login que não reconheço. Grande parte da operação está parada e não existe alternativa disponível. Conseguem verificar?,Segurança,Crítica,Segurança,acesso_suspeito
"Bom dia, Só uma tarefa secundária foi afetada e tenho outra forma de realizá-la. O problema é que o computador passou a abrir programas que não reconheço. Solicito análise.",Segurança,Baixa,Segurança,malware
Podem verificar? Um programa necessário não abre depois da instalação. Não há atividade parada; preciso apenas que seja verificado quando possível. Solicito análise.,Software,Baixa,Suporte N1,instalacao
Identificamos que a conexão física da estação não disponibiliza a rede. Só uma tarefa secundária foi afetada e tenho outra forma de realizá-la. Conseguem verificar?,Rede,Baixa,Infraestrutura,cabeada
"Pessoal, o equipamento demora muito para acessar dados do disco. A ocorrência interrompeu uma operação essencial em larga escala. Solicito análise.",Hardware,Crítica,Infraestrutura,armazenamento
"Estou com um problema: O problema está limitado a uma estação, mas interfere no trabalho diário. O problema é que tenho acesso ao sistema, mas não ao recurso que preciso. Podem me ajudar?",Acesso,Média,Sistemas,permissao
"Bom dia, O problema afeta diversos usuários e precisa ser tratado com rapidez. O problema é que o código de autenticação não chega ao meu dispositivo.",Acesso,Alta,Suporte N1,mfa
Preciso de ajuda: O sistema apresenta erro desde a última versão instalada. Grande parte da operação está parada e não existe alternativa disponível. Agradeço se puderem verificar.,Software,Crítica,Sistemas,atualizacao
"Olá, os computadores estão com dificuldade para acessar a internet. O impacto é pequeno neste momento e não existe urgência operacional. Conseguem verificar?",Rede,Baixa,Infraestrutura,internet
"Olá, uma mensagem permanece na caixa de saída. Uma pessoa não consegue concluir uma tarefa habitual por causa da ocorrência.",E-mail,Média,Suporte N1,envio
"Podem verificar? O serviço abre, mas não mostra o conteúdo das mensagens. Várias pessoas do setor estão com o mesmo problema e uma atividade importante parou. Agradeço se puderem verificar.",E-mail,Alta,Suporte N1,caixa
"Olá, o notebook esquenta muito durante tarefas simples. A ocorrência interrompeu uma operação essencial em larga escala. Podem me ajudar?",Hardware,Crítica,Infraestrutura,temperatura
Tenho uma ocorrência em que Diversas equipes não conseguem trabalhar por causa dessa indisponibilidade. O problema é que a máquina inicia sem mostrar imagem. Preciso de orientação.,Hardware,Crítica,Suporte N1,video
"Olá, o notebook não consegue se conectar à rede sem fio. Diversas equipes não conseguem trabalhar por causa dessa indisponibilidade. Solicito análise.",Rede,Crítica,Infraestrutura,wifi
"Olá, o dispositivo de impressão ficou inacessível. Só uma tarefa secundária foi afetada e tenho outra forma de realizá-la.",Impressora,Baixa,Suporte N1,offline
A impressora não aparece disponível na estação. O impacto é pequeno neste momento e não existe urgência operacional. Agradeço se puderem verificar.,Impressora,Baixa,Suporte N1,offline
"Bom dia, A equipe está sem conseguir concluir uma operação necessária para o trabalho. O problema é que informações registradas em um sistema não chegam ao outro.",Software,Alta,Sistemas,integracao
"Olá, a conexão com a internet está oscilando. Isso está atrapalhando o trabalho de uma pessoa durante a rotina. Isso começou hoje.",Rede,Média,Infraestrutura,internet
"As páginas estão saindo com falhas na impressão. Uma atividade normal ficou prejudicada, embora ainda seja possível fazer outras tarefas. Solicito análise.",Impressora,Média,Suporte N1,qualidade
"Bom dia, O problema está limitado a uma estação, mas interfere no trabalho diário. O problema é que a impressão apresenta manchas e trechos faltando. Podem me ajudar?",Impressora,Média,Suporte N1,qualidade
Não consigo manter uma conexão estável no escritório. Isso está atrapalhando o trabalho de uma pessoa durante a rotina. Solicito análise.,Rede,Média,Infraestrutura,wifi
"Bom dia, Grande parte da operação está parada e não existe alternativa disponível. O problema é que o notebook esquenta muito durante tarefas simples. Solicito análise.",Hardware,Crítica,Infraestrutura,temperatura
Preciso de ajuda: Há sessões na minha conta que eu não iniciei. Consigo continuar por outro caminho e isso não bloqueia minha rotina. Solicito análise.,Segurança,Baixa,Segurança,acesso_suspeito
Estou com um problema: Um serviço essencial para a empresa ficou indisponível para muitos usuários. O problema é que o programa não funciona como antes após ser atualizado. Preciso de orientação.,Software,Crítica,Sistemas,atualizacao
"Podem verificar? O conteúdo impresso apresenta defeitos visíveis. O problema está limitado a uma estação, mas interfere no trabalho diário. Preciso de orientação.",Impressora,Média,Suporte N1,qualidade
"O acesso falha na etapa de autenticação. A rotina individual está comprometida, porém o restante da equipe segue trabalhando. Agradeço se puderem verificar.",Acesso,Média,Suporte N1,login
Tenho uma ocorrência em que Várias pessoas do setor estão com o mesmo problema e uma atividade importante parou. O problema é que não conseguimos localizar a impressora compartilhada. Conseguem verificar?,Impressora,Alta,Infraestrutura,rede_impressao
Estou com um problema: Diversas equipes não conseguem trabalhar por causa dessa indisponibilidade. O problema é que a caixa corporativa demora para atualizar. Podem me ajudar?,E-mail,Crítica,Suporte N1,sincronizacao
"Pessoal, algumas mensagens esperadas não estão chegando. Grande parte da operação está parada e não existe alternativa disponível. Podem me ajudar?",E-mail,Crítica,Suporte N1,recebimento
"Bom dia, O problema afeta diversos usuários e precisa ser tratado com rapidez. O problema é que a caixa de e-mail não abre corretamente. Isso começou hoje.",E-mail,Alta,Suporte N1,caixa
"Bom dia, Existe uma alternativa funcionando, então a solicitação pode aguardar. O problema é que o equipamento desliga sozinho pouco depois de iniciar. Conseguem verificar?",Hardware,Baixa,Suporte N1,energia
As mensagens novas não aparecem no aplicativo de e-mail. Diversos usuários foram impactados e não há uma solução prática para o setor. Solicito análise.,E-mail,Alta,Suporte N1,sincronizacao
"Tenho uma ocorrência em que O problema está limitado a uma estação, mas interfere no trabalho diário. O problema é que a estação liga, mas não exibe vídeo. Agradeço se puderem verificar.",Hardware,Média,Suporte N1,video
Podem verificar? O teclado parou de responder em algumas teclas. O problema afeta diversos usuários e precisa ser tratado com rapidez. Solicito análise.,Hardware,Alta,Suporte N1,perifericos
"Identificamos que a ferramenta corporativa fecha ao gerar um relatório. A rotina individual está comprometida, porém o restante da equipe segue trabalhando. Isso começou hoje.",Software,Média,Suporte N1,aplicativo_fechando
Identificamos que o encaminhamento automático parou de funcionar. A indisponibilidade tem impacto amplo e exige restauração imediata do serviço.,E-mail,Crítica,Sistemas,regras
Identificamos que o teclado parou de responder em algumas teclas. Diversos usuários foram impactados e não há uma solução prática para o setor.,Hardware,Alta,Suporte N1,perifericos
Preciso de ajuda: O computador não alcança um servidor interno. A ocorrência já compromete o trabalho de uma equipe inteira.,Rede,Alta,Infraestrutura,recursos_rede
"Podem verificar? O mouse falha durante o uso. A rotina individual está comprometida, porém o restante da equipe segue trabalhando. Preciso de orientação.",Hardware,Média,Suporte N1,perifericos
Podem verificar? O ponto de rede da mesa não está funcionando. O usuário perdeu produtividade e precisa de suporte para continuar a atividade. Conseguem verificar?,Rede,Média,Infraestrutura,cabeada
Estou com um problema: O impacto é pequeno neste momento e não existe urgência operacional. O problema é que a conexão fica indo e voltando durante o expediente. Conseguem verificar?,Rede,Baixa,Infraestrutura,wifi
Podem verificar? O equipamento não consegue acessar recursos usando o cabo. A indisponibilidade tem impacto amplo e exige restauração imediata do serviço. Solicito análise.,Rede,Crítica,Infraestrutura,cabeada
"Bom dia, Várias pessoas do setor estão com o mesmo problema e uma atividade importante parou. O problema é que sites externos deixam de abrir por alguns minutos. Conseguem verificar?",Rede,Alta,Infraestrutura,internet
"Olá, consigo receber, mas não consigo enviar mensagens. Existe uma alternativa funcionando, então a solicitação pode aguardar. Agradeço se puderem verificar.",E-mail,Baixa,Suporte N1,envio
"Podem verificar? Consigo receber, mas não consigo enviar mensagens. Diversas equipes não conseguem trabalhar por causa dessa indisponibilidade.",E-mail,Crítica,Suporte N1,envio
Identificamos que a digitalização falha antes de salvar o arquivo. O problema afeta diversos usuários e precisa ser tratado com rapidez. Solicito análise.,Impressora,Alta,Suporte N1,scanner
"Consigo entrar no sistema, mas uma função não aparece para mim. Uma pessoa não consegue concluir uma tarefa habitual por causa da ocorrência. Isso começou hoje.",Acesso,Média,Sistemas,permissao
Estou com um problema: A ocorrência já compromete o trabalho de uma equipe inteira. O problema é que novos e-mails não aparecem automaticamente.,E-mail,Alta,Suporte N1,sincronizacao
Podem verificar? A webcam não é detectada pelo computador. Só uma tarefa secundária foi afetada e tenho outra forma de realizá-la.,Hardware,Baixa,Suporte N1,perifericos
"Olá, uma atualização deixou a aplicação instável. O usuário perdeu produtividade e precisa de suporte para continuar a atividade. Agradeço se puderem verificar.",Software,Média,Sistemas,atualizacao
Tenho uma ocorrência em que Isso está atrapalhando o trabalho de uma pessoa durante a rotina. O problema é que há atividades na estação que não correspondem ao uso normal. Conseguem verificar?,Segurança,Média,Segurança,comportamento_suspeito
Identificamos que houve uma mudança inesperada em dados corporativos. O usuário perdeu produtividade e precisa de suporte para continuar a atividade. Solicito análise.,Segurança,Média,Segurança,alteracao_nao_autorizada
Preciso de ajuda: O acesso foi bloqueado e preciso voltar a trabalhar. Diversos usuários foram impactados e não há uma solução prática para o setor. Podem me ajudar?,Acesso,Alta,Suporte N1,bloqueio
"Olá, não consigo enviar documentos porque o dispositivo está offline. A rotina individual está comprometida, porém o restante da equipe segue trabalhando. Preciso de orientação.",Impressora,Média,Suporte N1,offline
Podem verificar? Recebi confirmação de acesso que não fui eu quem realizou. Isso está atrapalhando o trabalho de uma pessoa durante a rotina. Solicito análise.,Segurança,Média,Segurança,acesso_suspeito
"Bom dia, O problema afeta diversos usuários e precisa ser tratado com rapidez. O problema é que a porta de rede parece não estabelecer comunicação. Podem me ajudar?",Rede,Alta,Infraestrutura,cabeada
"Olá, o sistema interno apresenta erro durante o cadastro. O problema está limitado a uma estação, mas interfere no trabalho diário. Conseguem verificar?",Software,Média,Sistemas,erp
A estação não obtém conexão pelo cabo de rede. A ocorrência interrompeu uma operação essencial em larga escala. Isso começou hoje.,Rede,Crítica,Infraestrutura,cabeada
Estou com um problema: A equipe está sem conseguir concluir uma operação necessária para o trabalho. O problema é que o serviço de e-mail falha quando tento enviar. Preciso de orientação.,E-mail,Alta,Suporte N1,envio
Identificamos que o acesso falha na etapa de autenticação. Só uma tarefa secundária foi afetada e tenho outra forma de realizá-la.,Acesso,Baixa,Suporte N1,login
"Pessoal, informações apareceram alteradas e ninguém da equipe realizou a mudança. Consigo continuar por outro caminho e isso não bloqueia minha rotina. Preciso de orientação.",Segurança,Baixa,Sistemas,alteracao_nao_autorizada
"Bom dia, Isso está atrapalhando o trabalho de uma pessoa durante a rotina. O problema é que a sessão remota com a rede corporativa fica instável. Conseguem verificar?",Rede,Média,Infraestrutura,vpn
A credencial atual não está sendo reconhecida. O impacto é pequeno neste momento e não existe urgência operacional. Podem me ajudar?,Acesso,Baixa,Suporte N1,senha
"Preciso de ajuda: O scanner não é reconhecido pela estação. O problema está limitado a uma estação, mas interfere no trabalho diário.",Impressora,Média,Suporte N1,scanner
Estou com um problema: Uma pessoa não consegue concluir uma tarefa habitual por causa da ocorrência. O problema é que a conexão sem fio cai várias vezes. Solicito análise.,Rede,Média,Infraestrutura,wifi
Tenho uma ocorrência em que A equipe está sem conseguir concluir uma operação necessária para o trabalho. O problema é que não consigo enviar o documento digitalizado para o computador. Isso começou hoje.,Impressora,Alta,Suporte N1,scanner
Tenho uma ocorrência em que O problema afeta diversos usuários e precisa ser tratado com rapidez. O problema é que minha senha deixou de ser aceita. Preciso de orientação.,Acesso,Alta,Suporte N1,senha
Identificamos que as mensagens novas não aparecem no aplicativo de e-mail. Uma pessoa não consegue concluir uma tarefa habitual por causa da ocorrência. Isso começou hoje.,E-mail,Média,Suporte N1,sincronizacao
"Bom dia, Não há atividade parada; preciso apenas que seja verificado quando possível. O problema é que há sessões na minha conta que eu não iniciei. Podem me ajudar?",Segurança,Baixa,Segurança,acesso_suspeito
Foi detectado conteúdo potencialmente perigoso na estação. Um serviço essencial para a empresa ficou indisponível para muitos usuários. Preciso de orientação.,Segurança,Crítica,Segurança,malware
"Olá, a estação fica muito quente e perde desempenho. A rotina individual está comprometida, porém o restante da equipe segue trabalhando. Solicito análise.",Hardware,Média,Infraestrutura,temperatura
Podem verificar? A estação fica muito quente e perde desempenho. Muitos usuários estão impedidos de executar atividades críticas da empresa. Isso começou hoje.,Hardware,Crítica,Infraestrutura,temperatura
"Olá, o acesso à internet parou em parte do ambiente. Uma pessoa não consegue concluir uma tarefa habitual por causa da ocorrência. Solicito análise.",Rede,Média,Infraestrutura,internet
Identificamos que uma aplicação desconhecida começou a executar sozinha. Um serviço essencial para a empresa ficou indisponível para muitos usuários.,Segurança,Crítica,Segurança,malware
Podem verificar? O equipamento multifuncional não conclui o escaneamento. O usuário perdeu produtividade e precisa de suporte para continuar a atividade.,Impressora,Média,Suporte N1,scanner
Tenho uma ocorrência em que Isso está atrapalhando o trabalho de uma pessoa durante a rotina. O problema é que há falhas frequentes ao salvar arquivos na máquina. Solicito análise.,Hardware,Média,Infraestrutura,armazenamento
"Preciso de ajuda: Os dados não estão sincronizando entre as aplicações. O problema está limitado a uma estação, mas interfere no trabalho diário.",Software,Média,Sistemas,integracao
Preciso de ajuda: Não consigo entrar na minha conta corporativa. Consigo continuar por outro caminho e isso não bloqueia minha rotina. Agradeço se puderem verificar.,Acesso,Baixa,Suporte N1,login
Podem verificar? O programa deixa de responder depois de alguns minutos. Uma pessoa não consegue concluir uma tarefa habitual por causa da ocorrência. Preciso de orientação.,Software,Média,Suporte N1,aplicativo_fechando
Identificamos que o computador apresenta erros ao abrir arquivos locais. O problema afeta diversos usuários e precisa ser tratado com rapidez. Preciso de orientação.,Hardware,Alta,Infraestrutura,armazenamento
"Olá, os dados não estão sincronizando entre as aplicações. É um incômodo pontual e o trabalho continua normalmente. Podem me ajudar?",Software,Baixa,Sistemas,integracao
O equipamento de impressão aparece indisponível. Uma pessoa não consegue concluir uma tarefa habitual por causa da ocorrência. Podem me ajudar?,Impressora,Média,Suporte N1,offline
"Pessoal, a conexão segura com a rede corporativa não completa. Um serviço essencial para a empresa ficou indisponível para muitos usuários. Solicito análise.",Rede,Crítica,Infraestrutura,vpn
"Pessoal, o resultado impresso está diferente do arquivo original. Uma atividade normal ficou prejudicada, embora ainda seja possível fazer outras tarefas. Agradeço se puderem verificar.",Impressora,Média,Suporte N1,qualidade
"Podem verificar? O sistema corporativo não conclui o lançamento. O problema está limitado a uma estação, mas interfere no trabalho diário.",Software,Média,Sistemas,erp
"Pessoal, o notebook esquenta muito durante tarefas simples. Consigo continuar por outro caminho e isso não bloqueia minha rotina. Solicito análise.",Hardware,Baixa,Infraestrutura,temperatura
O sistema corporativo não conclui o lançamento. A equipe está sem conseguir concluir uma operação necessária para o trabalho. Conseguem verificar?,Software,Alta,Sistemas,erp
O acesso remoto apresenta erro de conexão. Uma pessoa não consegue concluir uma tarefa habitual por causa da ocorrência. Isso começou hoje.,Rede,Média,Infraestrutura,vpn
O equipamento desliga sozinho pouco depois de iniciar. Diversas equipes não conseguem trabalhar por causa dessa indisponibilidade. Conseguem verificar?,Hardware,Crítica,Suporte N1,energia
A verificação em duas etapas não conclui. Só uma tarefa secundária foi afetada e tenho outra forma de realizá-la.,Acesso,Baixa,Suporte N1,mfa
Preciso de ajuda: O equipamento passou a apresentar comportamento incomum. Muitos usuários estão impedidos de executar atividades críticas da empresa. Podem me ajudar?,Segurança,Crítica,Segurança,comportamento_suspeito
"Olá, as mensagens enviadas para mim não aparecem. O problema está limitado a uma estação, mas interfere no trabalho diário. Solicito análise.",E-mail,Média,Suporte N1,recebimento
"Estou com um problema: Existe uma alternativa funcionando, então a solicitação pode aguardar. O problema é que a caixa de entrada parou de atualizar. Isso começou hoje.",E-mail,Baixa,Suporte N1,sincronizacao
"Preciso de ajuda: Recebi um link inesperado pedindo autenticação corporativa. Uma atividade normal ficou prejudicada, embora ainda seja possível fazer outras tarefas. Isso começou hoje.",Segurança,Média,Segurança,phishing
Identificamos que a integração não está enviando os dados esperados. O usuário perdeu produtividade e precisa de suporte para continuar a atividade. Preciso de orientação.,Software,Média,Sistemas,integracao
Podem verificar? A etapa adicional de autenticação está falhando. Várias pessoas do setor estão com o mesmo problema e uma atividade importante parou. Podem me ajudar?,Acesso,Alta,Suporte N1,mfa
Podem verificar? O programa não funciona como antes após ser atualizado. A indisponibilidade tem impacto amplo e exige restauração imediata do serviço. Agradeço se puderem verificar.,Software,Crítica,Sistemas,atualizacao
"Pessoal, uma regra da caixa está tratando mensagens de forma errada. Uma pessoa não consegue concluir uma tarefa habitual por causa da ocorrência. Solicito análise.",E-mail,Média,Sistemas,regras
O equipamento apresenta aquecimento fora do normal. Uma pessoa não consegue concluir uma tarefa habitual por causa da ocorrência. Conseguem verificar?,Hardware,Média,Infraestrutura,temperatura
Identificamos que a conexão segura com a rede corporativa não completa. O impacto é pequeno neste momento e não existe urgência operacional.,Rede,Baixa,Infraestrutura,vpn
Preciso de ajuda: A aplicação para de responder ao salvar informações. Um serviço essencial para a empresa ficou indisponível para muitos usuários. Isso começou hoje.,Software,Crítica,Suporte N1,aplicativo_fechando
Tenho uma ocorrência em que A indisponibilidade tem impacto amplo e exige restauração imediata do serviço. O problema é que o programa corporativo não funciona após ser configurado. Solicito análise.,Software,Crítica,Sistemas,instalacao
Não conseguimos localizar a impressora compartilhada. Uma função importante para o setor ficou indisponível para várias pessoas. Isso começou hoje.,Impressora,Alta,Infraestrutura,rede_impressao
Estou com um problema: É um incômodo pontual e o trabalho continua normalmente. O problema é que o computador conectado por cabo ficou sem acesso. Isso começou hoje.,Rede,Baixa,Infraestrutura,cabeada
Identificamos que o sistema apresenta erro desde a última versão instalada. Consigo continuar por outro caminho e isso não bloqueia minha rotina. Isso começou hoje.,Software,Baixa,Sistemas,atualizacao
"Preciso de ajuda: A máquina acessa a internet mas não os recursos internos. A rotina individual está comprometida, porém o restante da equipe segue trabalhando. Isso começou hoje.",Rede,Média,Infraestrutura,recursos_rede
Estou com um problema: Uma pessoa não consegue concluir uma tarefa habitual por causa da ocorrência. O problema é que o equipamento compartilhado não recebe trabalhos pela rede. Podem me ajudar?,Impressora,Média,Infraestrutura,rede_impressao
"Há atividades na estação que não correspondem ao uso normal. O problema está limitado a uma estação, mas interfere no trabalho diário. Isso começou hoje.",Segurança,Média,Segurança,comportamento_suspeito
"Pessoal, o equipamento multifuncional não conclui o escaneamento. Existe uma alternativa funcionando, então a solicitação pode aguardar. Podem me ajudar?",Impressora,Baixa,Suporte N1,scanner
"Bom dia, A ocorrência interrompeu uma operação essencial em larga escala. O problema é que mandei imprimir, mas o documento ficou parado na fila. Solicito análise.",Impressora,Crítica,Suporte N1,fila
As folhas saem com qualidade muito ruim. Muitos usuários estão impedidos de executar atividades críticas da empresa. Agradeço se puderem verificar.,Impressora,Crítica,Suporte N1,qualidade
Estou com um problema: A indisponibilidade tem impacto amplo e exige restauração imediata do serviço. O problema é que uma mensagem afirma que minha conta será bloqueada se eu não informar credenciais. Isso começou hoje.,Segurança,Crítica,Segurança,phishing
"Consigo receber, mas não consigo enviar mensagens. Só uma tarefa secundária foi afetada e tenho outra forma de realizá-la. Preciso de orientação.",E-mail,Baixa,Suporte N1,envio
"Bom dia, Grande parte da operação está parada e não existe alternativa disponível. O problema é que não consigo estabelecer a conexão remota com a empresa.",Rede,Crítica,Infraestrutura,vpn
Estou com um problema: Grande parte da operação está parada e não existe alternativa disponível. O problema é que o acesso à internet parou em parte do ambiente. Conseguem verificar?,Rede,Crítica,Infraestrutura,internet
"Podem verificar? Mandei imprimir, mas o documento ficou parado na fila. Não há atividade parada; preciso apenas que seja verificado quando possível. Preciso de orientação.",Impressora,Baixa,Suporte N1,fila
Estou com um problema: Diversas equipes não conseguem trabalhar por causa dessa indisponibilidade. O problema é que não consigo chegar aos recursos internos trabalhando de casa. Isso começou hoje.,Rede,Crítica,Infraestrutura,vpn
Identificamos que os e-mails não estão sendo movidos para a pasta configurada. Diversas equipes não conseguem trabalhar por causa dessa indisponibilidade. Podem me ajudar?,E-mail,Crítica,Sistemas,regras
Identificamos que o sistema pede troca de senha mas o processo falha. Não há atividade parada; preciso apenas que seja verificado quando possível. Solicito análise.,Acesso,Baixa,Suporte N1,senha
"A porta de rede parece não estabelecer comunicação. Uma atividade normal ficou prejudicada, embora ainda seja possível fazer outras tarefas. Conseguem verificar?",Rede,Média,Infraestrutura,cabeada
"Pessoal, a impressora não aparece disponível na estação. A equipe está sem conseguir concluir uma operação necessária para o trabalho. Solicito análise.",Impressora,Alta,Suporte N1,offline
"Bom dia, É um incômodo pontual e o trabalho continua normalmente. O problema é que o serviço de e-mail falha quando tento enviar. Podem me ajudar?",E-mail,Baixa,Suporte N1,envio
"Olá, a verificação em duas etapas não conclui. O usuário perdeu produtividade e precisa de suporte para continuar a atividade. Preciso de orientação.",Acesso,Média,Suporte N1,mfa
"Pessoal, houve uma mudança inesperada em dados corporativos. Só uma tarefa secundária foi afetada e tenho outra forma de realizá-la. Conseguem verificar?",Segurança,Baixa,Sistemas,alteracao_nao_autorizada
"Pessoal, não consigo estabelecer a conexão remota com a empresa. Consigo continuar por outro caminho e isso não bloqueia minha rotina.",Rede,Baixa,Infraestrutura,vpn
"Estou com um problema: Uma atividade normal ficou prejudicada, embora ainda seja possível fazer outras tarefas. O problema é que uma regra da caixa está tratando mensagens de forma errada.",E-mail,Média,Sistemas,regras
"Preciso de ajuda: O serviço abre, mas não mostra o conteúdo das mensagens. Existe uma alternativa funcionando, então a solicitação pode aguardar. Solicito análise.",E-mail,Baixa,Suporte N1,caixa
Preciso de ajuda: Os trabalhos de impressão não saem da lista. Muitos usuários estão impedidos de executar atividades críticas da empresa. Agradeço se puderem verificar.,Impressora,Crítica,Suporte N1,fila
"Olá, a ferramenta corporativa fecha ao gerar um relatório. Uma função importante para o setor ficou indisponível para várias pessoas.",Software,Alta,Suporte N1,aplicativo_fechando
"Olá, as páginas estão saindo com falhas na impressão. Uma pessoa não consegue concluir uma tarefa habitual por causa da ocorrência.",Impressora,Média,Suporte N1,qualidade
"Olá, minha conta registra acesso em um horário em que eu não estava trabalhando. Só uma tarefa secundária foi afetada e tenho outra forma de realizá-la.",Segurança,Baixa,Segurança,acesso_suspeito
Podem verificar? O encaminhamento automático parou de funcionar. A equipe está sem conseguir concluir uma operação necessária para o trabalho. Solicito análise.,E-mail,Alta,Sistemas,regras
Meu perfil não possui acesso a uma área necessária. O usuário perdeu produtividade e precisa de suporte para continuar a atividade. Solicito análise.,Acesso,Média,Sistemas,permissao
"Pessoal, o computador faz ruído forte de ventilação e aquece. A equipe está sem conseguir concluir uma operação necessária para o trabalho. Isso começou hoje.",Hardware,Alta,Infraestrutura,temperatura
Estou com um problema: É um incômodo pontual e o trabalho continua normalmente. O problema é que a autenticação não conclui quando tento acessar. Preciso de orientação.,Acesso,Baixa,Suporte N1,login
Preciso de ajuda: O equipamento compartilhado não aparece para alguns usuários. Uma pessoa não consegue concluir uma tarefa habitual por causa da ocorrência. Isso começou hoje.,Impressora,Média,Infraestrutura,rede_impressao
"Podem verificar? Houve uma mudança inesperada em dados corporativos. A rotina individual está comprometida, porém o restante da equipe segue trabalhando. Podem me ajudar?",Segurança,Média,Segurança,alteracao_nao_autorizada
"Pessoal, a caixa parece não receber novas mensagens. Diversos usuários foram impactados e não há uma solução prática para o setor. Isso começou hoje.",E-mail,Alta,Suporte N1,recebimento
Identificamos que apareceu uma autenticação de um dispositivo desconhecido. A indisponibilidade tem impacto amplo e exige restauração imediata do serviço. Preciso de orientação.,Segurança,Crítica,Segurança,acesso_suspeito
Estou com um problema: A equipe está sem conseguir concluir uma operação necessária para o trabalho. O problema é que os arquivos enviados para impressão não avançam. Podem me ajudar?,Impressora,Alta,Suporte N1,fila
Podem verificar? O ventilador do computador trabalha no máximo o tempo todo. É um incômodo pontual e o trabalho continua normalmente. Podem me ajudar?,Hardware,Baixa,Infraestrutura,temperatura
"Olá, a impressão fica pendente indefinidamente. Existe uma alternativa funcionando, então a solicitação pode aguardar. Solicito análise.",Impressora,Baixa,Suporte N1,fila
Podem verificar? O documento impresso fica com partes ilegíveis. Diversas equipes não conseguem trabalhar por causa dessa indisponibilidade.,Impressora,Crítica,Suporte N1,qualidade
Estou com um problema: A indisponibilidade tem impacto amplo e exige restauração imediata do serviço. O problema é que não consigo manter uma conexão estável no escritório. Isso começou hoje.,Rede,Crítica,Infraestrutura,wifi
"Pessoal, o equipamento desliga sozinho pouco depois de iniciar. O usuário perdeu produtividade e precisa de suporte para continuar a atividade. Podem me ajudar?",Hardware,Média,Suporte N1,energia
"Olá, a caixa de entrada parou de atualizar. Várias pessoas do setor estão com o mesmo problema e uma atividade importante parou. Agradeço se puderem verificar.",E-mail,Alta,Suporte N1,sincronizacao
Surgiram janelas e processos que o usuário não reconhece. O problema afeta diversos usuários e precisa ser tratado com rapidez.,Segurança,Alta,Segurança,comportamento_suspeito
"Tenho uma ocorrência em que Existe uma alternativa funcionando, então a solicitação pode aguardar. O problema é que a conexão física da estação não disponibiliza a rede. Isso começou hoje.",Rede,Baixa,Infraestrutura,cabeada
"Pessoal, tenho acesso ao sistema, mas não ao recurso que preciso. Isso está atrapalhando o trabalho de uma pessoa durante a rotina. Isso começou hoje.",Acesso,Média,Sistemas,permissao
Identificamos que o resultado impresso está diferente do arquivo original. Grande parte da operação está parada e não existe alternativa disponível. Podem me ajudar?,Impressora,Crítica,Suporte N1,qualidade
"O sistema apresenta erro desde a última versão instalada. Uma atividade normal ficou prejudicada, embora ainda seja possível fazer outras tarefas. Solicito análise.",Software,Média,Sistemas,atualizacao
"Bom dia, É um incômodo pontual e o trabalho continua normalmente. O problema é que o usuário ficou impedido de iniciar sessão. Preciso de orientação.",Acesso,Baixa,Suporte N1,bloqueio
"Identificamos que depois da atualização algumas funções deixaram de funcionar. O problema está limitado a uma estação, mas interfere no trabalho diário. Agradeço se puderem verificar.",Software,Média,Sistemas,atualizacao
"Pessoal, uma funcionalidade está indisponível apenas para meu usuário. Diversos usuários foram impactados e não há uma solução prática para o setor.",Acesso,Alta,Sistemas,permissao
Preciso de ajuda: Não consigo digitalizar documentos no equipamento. O problema afeta diversos usuários e precisa ser tratado com rapidez. Conseguem verificar?,Impressora,Alta,Suporte N1,scanner
Estou com um problema: O usuário perdeu produtividade e precisa de suporte para continuar a atividade. O problema é que o computador passou a abrir programas que não reconheço. Agradeço se puderem verificar.,Segurança,Média,Segurança,malware
Tenho uma ocorrência em que Diversas equipes não conseguem trabalhar por causa dessa indisponibilidade. O problema é que as folhas saem com qualidade muito ruim. Preciso de orientação.,Impressora,Crítica,Suporte N1,qualidade
Estou com um problema: Isso está atrapalhando o trabalho de uma pessoa durante a rotina. O problema é que foi detectado conteúdo potencialmente perigoso na estação. Isso começou hoje.,Segurança,Média,Segurança,malware
Podem verificar? O erp retorna erro ao registrar uma operação. O problema afeta diversos usuários e precisa ser tratado com rapidez. Conseguem verificar?,Software,Alta,Sistemas,erp
"Olá, a autenticação não conclui quando tento acessar. A equipe está sem conseguir concluir uma operação necessária para o trabalho. Solicito análise.",Acesso,Alta,Suporte N1,login
Tenho uma ocorrência em que Muitos usuários estão impedidos de executar atividades críticas da empresa. O problema é que o dispositivo de impressão ficou inacessível.,Impressora,Crítica,Suporte N1,offline
O acesso remoto cai poucos minutos depois de conectar. Uma função importante para o setor ficou indisponível para várias pessoas.,Rede,Alta,Infraestrutura,vpn
Tenho uma ocorrência em que O usuário perdeu produtividade e precisa de suporte para continuar a atividade. O problema é que não consigo mandar e-mails para outros usuários. Preciso de orientação.,E-mail,Média,Suporte N1,envio
Tenho uma ocorrência em que A indisponibilidade tem impacto amplo e exige restauração imediata do serviço. O problema é que várias estações perderam acesso ao dispositivo de impressão. Solicito análise.,Impressora,Crítica,Infraestrutura,rede_impressao
Tenho uma ocorrência em que Uma pessoa não consegue concluir uma tarefa habitual por causa da ocorrência. O problema é que a porta de rede parece não estabelecer comunicação. Agradeço se puderem verificar.,Rede,Média,Infraestrutura,cabeada
"Olá, o computador faz ruído forte de ventilação e aquece. É um incômodo pontual e o trabalho continua normalmente. Preciso de orientação.",Hardware,Baixa,Infraestrutura,temperatura
"Olá, a conexão segura com a rede corporativa não completa. A ocorrência já compromete o trabalho de uma equipe inteira. Conseguem verificar?",Rede,Alta,Infraestrutura,vpn
Não consigo enviar o documento digitalizado para o computador. A ocorrência já compromete o trabalho de uma equipe inteira. Podem me ajudar?,Impressora,Alta,Suporte N1,scanner
Tenho uma ocorrência em que O problema afeta diversos usuários e precisa ser tratado com rapidez. O problema é que o notebook esquenta muito durante tarefas simples. Conseguem verificar?,Hardware,Alta,Infraestrutura,temperatura
Preciso de ajuda: Não consigo enviar documentos porque o dispositivo está offline. Várias pessoas do setor estão com o mesmo problema e uma atividade importante parou. Conseguem verificar?,Impressora,Alta,Suporte N1,offline
Podem verificar? Dados do sistema mudaram sem uma solicitação conhecida. Várias pessoas do setor estão com o mesmo problema e uma atividade importante parou. Solicito análise.,Segurança,Alta,Segurança,alteracao_nao_autorizada
"Pessoal, a impressora da rede deixou de responder. A rotina individual está comprometida, porém o restante da equipe segue trabalhando.",Impressora,Média,Infraestrutura,rede_impressao
"Podem verificar? O computador só liga depois de várias tentativas. Existe uma alternativa funcionando, então a solicitação pode aguardar. Solicito análise.",Hardware,Baixa,Suporte N1,energia
Podem verificar? O histórico mostra entrada que não reconheço. O usuário perdeu produtividade e precisa de suporte para continuar a atividade. Isso começou hoje.,Segurança,Média,Segurança,acesso_suspeito
Estou com um problema: O impacto é pequeno neste momento e não existe urgência operacional. O problema é que o dispositivo de impressão perdeu comunicação com as estações. Agradeço se puderem verificar.,Impressora,Baixa,Suporte N1,rede_impressao
Preciso de ajuda: A estação informa que o equipamento não está conectado. É um incômodo pontual e o trabalho continua normalmente. Isso começou hoje.,Impressora,Baixa,Suporte N1,offline
"Podem verificar? Consigo entrar no sistema, mas uma função não aparece para mim. Consigo continuar por outro caminho e isso não bloqueia minha rotina. Preciso de orientação.",Acesso,Baixa,Sistemas,permissao
Preciso de ajuda: O programa não funciona como antes após ser atualizado. A equipe está sem conseguir concluir uma operação necessária para o trabalho. Solicito análise.,Software,Alta,Sistemas,atualizacao
"Olá, o mouse falha durante o uso. Diversas equipes não conseguem trabalhar por causa dessa indisponibilidade. Podem me ajudar?",Hardware,Crítica,Suporte N1,perifericos
Tenho uma ocorrência em que O problema afeta diversos usuários e precisa ser tratado com rapidez. O problema é que o equipamento compartilhado não recebe trabalhos pela rede. Preciso de orientação.,Impressora,Alta,Infraestrutura,rede_impressao
Podem verificar? Há atividades na estação que não correspondem ao uso normal. O impacto é pequeno neste momento e não existe urgência operacional. Preciso de orientação.,Segurança,Baixa,Segurança,comportamento_suspeito
"Bom dia, É um incômodo pontual e o trabalho continua normalmente. O problema é que uma configuração foi modificada sem autorização. Isso começou hoje.",Segurança,Baixa,Sistemas,alteracao_nao_autorizada
"Bom dia, Diversas equipes não conseguem trabalhar por causa dessa indisponibilidade. O problema é que o ponto de rede da mesa não está funcionando. Preciso de orientação.",Rede,Crítica,Infraestrutura,cabeada
"Olá, recebi um link inesperado pedindo autenticação corporativa. Consigo continuar por outro caminho e isso não bloqueia minha rotina. Agradeço se puderem verificar.",Segurança,Baixa,Segurança,phishing
Tenho uma ocorrência em que Muitos usuários estão impedidos de executar atividades críticas da empresa. O problema é que o perfil não permite executar a operação necessária. Solicito análise.,Acesso,Crítica,Sistemas,permissao
Podem verificar? Não consigo concluir a recuperação da senha. Muitos usuários estão impedidos de executar atividades críticas da empresa. Agradeço se puderem verificar.,Acesso,Crítica,Suporte N1,senha
"Identificamos que mandei imprimir, mas o documento ficou parado na fila. Uma atividade normal ficou prejudicada, embora ainda seja possível fazer outras tarefas. Agradeço se puderem verificar.",Impressora,Média,Suporte N1,fila
"Olá, o sistema corporativo não conclui o lançamento. A indisponibilidade tem impacto amplo e exige restauração imediata do serviço. Isso começou hoje.",Software,Crítica,Sistemas,erp
"Bom dia, Só uma tarefa secundária foi afetada e tenho outra forma de realizá-la. O problema é que a etapa adicional de autenticação está falhando. Preciso de orientação.",Acesso,Baixa,Suporte N1,mfa
"Tenho uma ocorrência em que Existe uma alternativa funcionando, então a solicitação pode aguardar. O problema é que o aplicativo mostra erro ao acessar minha caixa. Conseguem verificar?",E-mail,Baixa,Suporte N1,caixa
"Bom dia, Uma atividade normal ficou prejudicada, embora ainda seja possível fazer outras tarefas. O problema é que o equipamento compartilhado não aparece para alguns usuários. Conseguem verificar?",Impressora,Média,Infraestrutura,rede_impressao
Preciso de ajuda: O aplicativo mostra erro ao acessar minha caixa. Uma função importante para o setor ficou indisponível para várias pessoas.,E-mail,Alta,Suporte N1,caixa
"Olá, o aplicativo foi instalado mas não inicia. Isso está atrapalhando o trabalho de uma pessoa durante a rotina.",Software,Média,Suporte N1,instalacao
Estou com um problema: Várias pessoas do setor estão com o mesmo problema e uma atividade importante parou. O problema é que o dispositivo de impressão ficou inacessível. Isso começou hoje.,Impressora,Alta,Suporte N1,offline
"Bom dia, Muitos usuários estão impedidos de executar atividades críticas da empresa. O problema é que o acesso remoto cai poucos minutos depois de conectar. Agradeço se puderem verificar.",Rede,Crítica,Infraestrutura,vpn
"Olá, os arquivos enviados para impressão não avançam. O impacto é pequeno neste momento e não existe urgência operacional. Preciso de orientação.",Impressora,Baixa,Suporte N1,fila
Identificamos que a conexão sem fio cai várias vezes. Diversos usuários foram impactados e não há uma solução prática para o setor. Preciso de orientação.,Rede,Alta,Infraestrutura,wifi
"Bom dia, Uma função importante para o setor ficou indisponível para várias pessoas. O problema é que chegou um e-mail estranho solicitando meus dados de acesso. Solicito análise.",Segurança,Alta,Segurança,phishing
"Identificamos que o equipamento passou a apresentar comportamento incomum. A rotina individual está comprometida, porém o restante da equipe segue trabalhando.",Segurança,Média,Segurança,comportamento_suspeito
Estou com um problema: Isso está atrapalhando o trabalho de uma pessoa durante a rotina. O problema é que as pastas da conta não ficam disponíveis. Conseguem verificar?,E-mail,Média,Suporte N1,caixa
"Olá, o acesso falha na etapa de autenticação. O usuário perdeu produtividade e precisa de suporte para continuar a atividade. Conseguem verificar?",Acesso,Média,Suporte N1,login
Preciso de ajuda: O computador conectado por cabo ficou sem acesso. Um serviço essencial para a empresa ficou indisponível para muitos usuários. Isso começou hoje.,Rede,Crítica,Infraestrutura,cabeada
Podem verificar? O dispositivo de impressão ficou inacessível. Uma função importante para o setor ficou indisponível para várias pessoas. Podem me ajudar?,Impressora,Alta,Suporte N1,offline
"Podem verificar? Informações apareceram alteradas e ninguém da equipe realizou a mudança. Uma atividade normal ficou prejudicada, embora ainda seja possível fazer outras tarefas. Conseguem verificar?",Segurança,Média,Segurança,alteracao_nao_autorizada
"Pessoal, a sessão remota com a rede corporativa fica instável. A equipe está sem conseguir concluir uma operação necessária para o trabalho. Podem me ajudar?",Rede,Alta,Infraestrutura,vpn
"Pessoal, não consigo confirmar o segundo fator de acesso. A ocorrência já compromete o trabalho de uma equipe inteira. Solicito análise.",Acesso,Alta,Suporte N1,mfa
Podem verificar? Minhas mensagens ficam presas e não são enviadas. Não há atividade parada; preciso apenas que seja verificado quando possível. Isso começou hoje.,E-mail,Baixa,Suporte N1,envio
"Preciso de ajuda: A credencial atual não está sendo reconhecida. O problema está limitado a uma estação, mas interfere no trabalho diário. Preciso de orientação.",Acesso,Média,Suporte N1,senha
"Pessoal, não consigo entrar porque a conta foi travada. A indisponibilidade tem impacto amplo e exige restauração imediata do serviço. Isso começou hoje.",Acesso,Crítica,Suporte N1,bloqueio
"Olá, o acesso foi bloqueado e preciso voltar a trabalhar. Uma pessoa não consegue concluir uma tarefa habitual por causa da ocorrência. Conseguem verificar?",Acesso,Média,Suporte N1,bloqueio
"Preciso de ajuda: O documento foi enviado, mas nada foi impresso. Diversos usuários foram impactados e não há uma solução prática para o setor. Solicito análise.",Impressora,Alta,Suporte N1,fila
"Pessoal, uma função do sistema de gestão parou de responder. Muitos usuários estão impedidos de executar atividades críticas da empresa. Isso começou hoje.",Software,Crítica,Sistemas,erp
Tenho uma ocorrência em que Muitos usuários estão impedidos de executar atividades críticas da empresa. O problema é que a aplicação encerra ao executar uma tarefa. Solicito análise.,Software,Crítica,Suporte N1,aplicativo_fechando
Preciso de ajuda: O acesso falha na etapa de autenticação. Uma função importante para o setor ficou indisponível para várias pessoas. Podem me ajudar?,Acesso,Alta,Suporte N1,login
Identificamos que algumas mensagens esperadas não estão chegando. Não há atividade parada; preciso apenas que seja verificado quando possível. Solicito análise.,E-mail,Baixa,Suporte N1,recebimento
Identificamos que uma ferramenta autorizada precisa ser reinstalada. Muitos usuários estão impedidos de executar atividades críticas da empresa. Conseguem verificar?,Software,Crítica,Sistemas,instalacao
"Tenho uma ocorrência em que A rotina individual está comprometida, porém o restante da equipe segue trabalhando. O problema é que uma função do sistema de gestão parou de responder. Solicito análise.",Software,Média,Sistemas,erp
Estou com um problema: A ocorrência já compromete o trabalho de uma equipe inteira. O problema é que o scanner não é reconhecido pela estação. Agradeço se puderem verificar.,Impressora,Alta,Suporte N1,scanner
"Olá, o documento foi enviado, mas nada foi impresso. Uma pessoa não consegue concluir uma tarefa habitual por causa da ocorrência. Isso começou hoje.",Impressora,Média,Suporte N1,fila
"Olá, o scanner não é reconhecido pela estação. É um incômodo pontual e o trabalho continua normalmente. Podem me ajudar?",Impressora,Baixa,Suporte N1,scanner
"Bom dia, Uma pessoa não consegue concluir uma tarefa habitual por causa da ocorrência. O problema é que recebi um link inesperado pedindo autenticação corporativa. Conseguem verificar?",Segurança,Média,Segurança,phishing
Identificamos que o computador passou a abrir programas que não reconheço. Uma função importante para o setor ficou indisponível para várias pessoas. Isso começou hoje.,Segurança,Alta,Segurança,malware
Tenho uma ocorrência em que O usuário perdeu produtividade e precisa de suporte para continuar a atividade. O problema é que sites externos deixam de abrir por alguns minutos.,Rede,Média,Infraestrutura,internet
"Tenho uma ocorrência em que Existe uma alternativa funcionando, então a solicitação pode aguardar. O problema é que o sistema informa erro relacionado ao armazenamento. Conseguem verificar?",Hardware,Baixa,Suporte N1,armazenamento
"Pessoal, a organização automática das mensagens falhou. Existe uma alternativa funcionando, então a solicitação pode aguardar. Preciso de orientação.",E-mail,Baixa,Sistemas,regras
"Olá, o resultado impresso está diferente do arquivo original. Não há atividade parada; preciso apenas que seja verificado quando possível. Solicito análise.",Impressora,Baixa,Suporte N1,qualidade
"Tenho uma ocorrência em que Existe uma alternativa funcionando, então a solicitação pode aguardar. O problema é que o antivírus detectou um arquivo suspeito. Isso começou hoje.",Segurança,Baixa,Segurança,malware
"Bom dia, Diversas equipes não conseguem trabalhar por causa dessa indisponibilidade. O problema é que o computador só liga depois de várias tentativas. Isso começou hoje.",Hardware,Crítica,Suporte N1,energia
Identificamos que há atraso no recebimento de mensagens corporativas. A ocorrência já compromete o trabalho de uma equipe inteira. Isso começou hoje.,E-mail,Alta,Segurança,recebimento
Há sessões na minha conta que eu não iniciei. A ocorrência interrompeu uma operação essencial em larga escala. Podem me ajudar?,Segurança,Crítica,Segurança,acesso_suspeito
Estou com um problema: Diversos usuários foram impactados e não há uma solução prática para o setor. O problema é que um arquivo corporativo foi alterado sem que a equipe soubesse. Conseguem verificar?,Segurança,Alta,Segurança,alteracao_nao_autorizada
"Bom dia, O problema afeta diversos usuários e precisa ser tratado com rapidez. O problema é que o sistema apresenta erro desde a última versão instalada. Preciso de orientação.",Software,Alta,Sistemas,atualizacao
"Bom dia, Diversas equipes não conseguem trabalhar por causa dessa indisponibilidade. O problema é que o equipamento passou a apresentar comportamento incomum. Isso começou hoje.",Segurança,Crítica,Segurança,comportamento_suspeito
"Tenho uma ocorrência em que O problema está limitado a uma estação, mas interfere no trabalho diário. O problema é que o cliente de e-mail não sincroniza as mensagens. Agradeço se puderem verificar.",E-mail,Média,Suporte N1,sincronizacao
Estou com um problema: Consigo continuar por outro caminho e isso não bloqueia minha rotina. O problema é que o programa deixa de responder depois de alguns minutos.,Software,Baixa,Suporte N1,aplicativo_fechando
"Pessoal, a aplicação para de responder ao salvar informações. A indisponibilidade tem impacto amplo e exige restauração imediata do serviço. Podem me ajudar?",Software,Crítica,Suporte N1,aplicativo_fechando
"Olá, surgiram janelas e processos que o usuário não reconhece. Grande parte da operação está parada e não existe alternativa disponível. Preciso de orientação.",Segurança,Crítica,Segurança,comportamento_suspeito
"Bom dia, A indisponibilidade tem impacto amplo e exige restauração imediata do serviço. O problema é que depois da atualização algumas funções deixaram de funcionar. Solicito análise.",Software,Crítica,Sistemas,atualizacao
Identificamos que o computador não dá sinal ao apertar o botão de ligar. A ocorrência interrompeu uma operação essencial em larga escala. Solicito análise.,Hardware,Crítica,Suporte N1,energia
Podem verificar? O scanner não é reconhecido pela estação. A equipe está sem conseguir concluir uma operação necessária para o trabalho. Conseguem verificar?,Impressora,Alta,Suporte N1,scanner
"Bom dia, Uma função importante para o setor ficou indisponível para várias pessoas. O problema é que não consigo enviar documentos porque o dispositivo está offline. Agradeço se puderem verificar.",Impressora,Alta,Suporte N1,offline
"Olá, a caixa corporativa demora para atualizar. A rotina individual está comprometida, porém o restante da equipe segue trabalhando. Preciso de orientação.",E-mail,Média,Suporte N1,sincronizacao
"Pessoal, foi detectado conteúdo potencialmente perigoso na estação. É um incômodo pontual e o trabalho continua normalmente. Conseguem verificar?",Segurança,Baixa,Segurança,malware
"Pessoal, o navegador começou a abrir páginas que não solicitei. Uma pessoa não consegue concluir uma tarefa habitual por causa da ocorrência. Conseguem verificar?",Segurança,Média,Segurança,comportamento_suspeito
"Pessoal, não consigo manter uma conexão estável no escritório. Um serviço essencial para a empresa ficou indisponível para muitos usuários. Conseguem verificar?",Rede,Crítica,Infraestrutura,wifi
Preciso de ajuda: O equipamento multifuncional não conclui o escaneamento. Só uma tarefa secundária foi afetada e tenho outra forma de realizá-la. Isso começou hoje.,Impressora,Baixa,Suporte N1,scanner
Preciso de ajuda: O equipamento apresenta aquecimento fora do normal. O problema afeta diversos usuários e precisa ser tratado com rapidez. Solicito análise.,Hardware,Alta,Infraestrutura,temperatura
Estou com um problema: O impacto é pequeno neste momento e não existe urgência operacional. O problema é que um dispositivo USB não é reconhecido. Agradeço se puderem verificar.,Hardware,Baixa,Suporte N1,perifericos
"Bom dia, Diversos usuários foram impactados e não há uma solução prática para o setor. O problema é que recebo mensagens pelo navegador, mas não no aplicativo.",E-mail,Alta,Suporte N1,sincronizacao
Identificamos que a estação não obtém conexão pelo cabo de rede. O problema afeta diversos usuários e precisa ser tratado com rapidez. Agradeço se puderem verificar.,Rede,Alta,Infraestrutura,cabeada
"Preciso de ajuda: O computador passou a abrir programas que não reconheço. Existe uma alternativa funcionando, então a solicitação pode aguardar.",Segurança,Baixa,Segurança,malware
"Pessoal, não consigo entrar na minha conta corporativa. Não há atividade parada; preciso apenas que seja verificado quando possível. Conseguem verificar?",Acesso,Baixa,Suporte N1,login
Preciso de ajuda: O equipamento demora muito para acessar dados do disco. Grande parte da operação está parada e não existe alternativa disponível. Podem me ajudar?,Hardware,Crítica,Infraestrutura,armazenamento
"Pessoal, o documento impresso fica com partes ilegíveis. Várias pessoas do setor estão com o mesmo problema e uma atividade importante parou. Podem me ajudar?",Impressora,Alta,Suporte N1,qualidade
Estou com um problema: Muitos usuários estão impedidos de executar atividades críticas da empresa. O problema é que o documento impresso fica com partes ilegíveis. Solicito análise.,Impressora,Crítica,Suporte N1,qualidade
"Pessoal, o monitor não recebe sinal do computador. O problema está limitado a uma estação, mas interfere no trabalho diário. Solicito análise.",Hardware,Média,Suporte N1,video
Podem verificar? O processo automático entre os sistemas parou. Muitos usuários estão impedidos de executar atividades críticas da empresa. Preciso de orientação.,Software,Crítica,Sistemas,integracao
"Pessoal, não consigo visualizar as pastas de mensagens. A ocorrência já compromete o trabalho de uma equipe inteira. Conseguem verificar?",E-mail,Alta,Suporte N1,caixa
"Bom dia, A ocorrência já compromete o trabalho de uma equipe inteira. O problema é que a aplicação para de responder ao salvar informações. Conseguem verificar?",Software,Alta,Suporte N1,aplicativo_fechando
Estou com um problema: O usuário perdeu produtividade e precisa de suporte para continuar a atividade. O problema é que as folhas saem com qualidade muito ruim. Podem me ajudar?,Impressora,Média,Suporte N1,qualidade
"Pessoal, os dados não estão sincronizando entre as aplicações. A equipe está sem conseguir concluir uma operação necessária para o trabalho. Preciso de orientação.",Software,Alta,Sistemas,integracao
Preciso de ajuda: A impressora não aparece disponível na estação. A ocorrência já compromete o trabalho de uma equipe inteira. Podem me ajudar?,Impressora,Alta,Suporte N1,offline
"Tenho uma ocorrência em que Um serviço essencial para a empresa ficou indisponível para muitos usuários. O problema é que tenho acesso ao sistema, mas não ao recurso que preciso. Preciso de orientação.",Acesso,Crítica,Sistemas,permissao
"Olá, a imagem desaparece enquanto o equipamento continua ligado. A ocorrência interrompeu uma operação essencial em larga escala.",Hardware,Crítica,Suporte N1,video
Preciso de ajuda: A estação não consegue acessar uma pasta compartilhada. A ocorrência interrompeu uma operação essencial em larga escala. Conseguem verificar?,Rede,Crítica,Infraestrutura,recursos_rede
"Bom dia, Uma pessoa não consegue concluir uma tarefa habitual por causa da ocorrência. O problema é que não consigo digitalizar documentos no equipamento. Agradeço se puderem verificar.",Impressora,Média,Suporte N1,scanner
Preciso de ajuda: O ventilador do computador trabalha no máximo o tempo todo. A indisponibilidade tem impacto amplo e exige restauração imediata do serviço. Isso começou hoje.,Hardware,Crítica,Infraestrutura,temperatura
"Pessoal, não consigo enviar o documento digitalizado para o computador. O impacto é pequeno neste momento e não existe urgência operacional.",Impressora,Baixa,Suporte N1,scanner
Preciso de ajuda: Uma função do sistema de gestão parou de responder. Diversas equipes não conseguem trabalhar por causa dessa indisponibilidade. Conseguem verificar?,Software,Crítica,Sistemas,erp
Preciso de ajuda: Uma regra automática deixou de organizar as mensagens. O problema afeta diversos usuários e precisa ser tratado com rapidez. Solicito análise.,E-mail,Alta,Sistemas,regras
Preciso de ajuda: Uma aplicação desconhecida começou a executar sozinha. Isso está atrapalhando o trabalho de uma pessoa durante a rotina. Conseguem verificar?,Segurança,Média,Segurança,malware
"Pessoal, recebo mensagens pelo navegador, mas não no aplicativo. Grande parte da operação está parada e não existe alternativa disponível. Agradeço se puderem verificar.",E-mail,Crítica,Suporte N1,sincronizacao
Tenho uma ocorrência em que Diversos usuários foram impactados e não há uma solução prática para o setor. O problema é que o aplicativo começou a falhar depois de uma atualização. Solicito análise.,Software,Alta,Sistemas,atualizacao
Podem verificar? O computador apresenta erros ao abrir arquivos locais. Uma pessoa não consegue concluir uma tarefa habitual por causa da ocorrência.,Hardware,Média,Infraestrutura,armazenamento
Podem verificar? O sistema apresenta erro desde a última versão instalada. Não há atividade parada; preciso apenas que seja verificado quando possível. Conseguem verificar?,Software,Baixa,Sistemas,atualizacao
Tenho uma ocorrência em que O usuário perdeu produtividade e precisa de suporte para continuar a atividade. O problema é que o computador só liga depois de várias tentativas. Preciso de orientação.,Hardware,Média,Suporte N1,energia
"Olá, o computador não dá sinal ao apertar o botão de ligar. Consigo continuar por outro caminho e isso não bloqueia minha rotina.",Hardware,Baixa,Suporte N1,energia
"Pessoal, uma ferramenta autorizada precisa ser reinstalada. Várias pessoas do setor estão com o mesmo problema e uma atividade importante parou.",Software,Alta,Sistemas,instalacao
"Identificamos que a unidade de armazenamento some durante o uso. A rotina individual está comprometida, porém o restante da equipe segue trabalhando. Conseguem verificar?",Hardware,Média,Infraestrutura,armazenamento
Podem verificar? Novos e-mails não aparecem automaticamente. Um serviço essencial para a empresa ficou indisponível para muitos usuários. Preciso de orientação.,E-mail,Crítica,Suporte N1,sincronizacao
"Bom dia, Não há atividade parada; preciso apenas que seja verificado quando possível. O problema é que uma regra da caixa está tratando mensagens de forma errada. Isso começou hoje.",E-mail,Baixa,Sistemas,regras
"Identificamos que minhas mensagens ficam presas e não são enviadas. Uma atividade normal ficou prejudicada, embora ainda seja possível fazer outras tarefas. Podem me ajudar?",E-mail,Média,Suporte N1,envio
"Pessoal, a digitalização falha antes de salvar o arquivo. Uma pessoa não consegue concluir uma tarefa habitual por causa da ocorrência. Conseguem verificar?",Impressora,Média,Suporte N1,scanner
Tenho uma ocorrência em que A ocorrência já compromete o trabalho de uma equipe inteira. O problema é que a conexão fica indo e voltando durante o expediente. Solicito análise.,Rede,Alta,Infraestrutura,wifi
"Olá, o sistema informa erro relacionado ao armazenamento. O usuário perdeu produtividade e precisa de suporte para continuar a atividade. Podem me ajudar?",Hardware,Média,Infraestrutura,armazenamento
"Olá, preciso redefinir a senha da conta. Várias pessoas do setor estão com o mesmo problema e uma atividade importante parou. Podem me ajudar?",Acesso,Alta,Suporte N1,senha
"Pessoal, o aplicativo mostra erro ao acessar minha caixa. Várias pessoas do setor estão com o mesmo problema e uma atividade importante parou. Preciso de orientação.",E-mail,Alta,Suporte N1,caixa
"Bom dia, Uma atividade normal ficou prejudicada, embora ainda seja possível fazer outras tarefas. O problema é que o documento foi enviado, mas nada foi impresso. Podem me ajudar?",Impressora,Média,Suporte N1,fila
Preciso de ajuda: A estação não obtém conexão pelo cabo de rede. Consigo continuar por outro caminho e isso não bloqueia minha rotina. Podem me ajudar?,Rede,Baixa,Infraestrutura,cabeada
Podem verificar? A nova versão do programa não abre corretamente. O usuário perdeu produtividade e precisa de suporte para continuar a atividade. Solicito análise.,Software,Média,Sistemas,atualizacao
"Preciso de ajuda: Os e-mails não estão sendo movidos para a pasta configurada. A rotina individual está comprometida, porém o restante da equipe segue trabalhando. Preciso de orientação.",E-mail,Média,Sistemas,regras
"Estou com um problema: A rotina individual está comprometida, porém o restante da equipe segue trabalhando. O problema é que a máquina apresenta atividades estranhas mesmo sem uso. Solicito análise.",Segurança,Média,Segurança,comportamento_suspeito
Podem verificar? O acesso remoto cai poucos minutos depois de conectar. Só uma tarefa secundária foi afetada e tenho outra forma de realizá-la. Isso começou hoje.,Rede,Baixa,Infraestrutura,vpn
Estou com um problema: A ocorrência já compromete o trabalho de uma equipe inteira. O problema é que a credencial atual não está sendo reconhecida. Conseguem verificar?,Acesso,Alta,Suporte N1,senha
Estou com um problema: Grande parte da operação está parada e não existe alternativa disponível. O problema é que o acesso foi bloqueado e preciso voltar a trabalhar.,Acesso,Crítica,Suporte N1,bloqueio
Identificamos que a senha expirou e não consigo continuar. O impacto é pequeno neste momento e não existe urgência operacional. Isso começou hoje.,Acesso,Baixa,Suporte N1,senha
"Pessoal, o programa fecha sozinho durante o uso. Uma pessoa não consegue concluir uma tarefa habitual por causa da ocorrência.",Software,Média,Suporte N1,aplicativo_fechando
"Pessoal, a impressão fica pendente indefinidamente. Várias pessoas do setor estão com o mesmo problema e uma atividade importante parou. Agradeço se puderem verificar.",Impressora,Alta,Suporte N1,fila
Estou com um problema: Não há atividade parada; preciso apenas que seja verificado quando possível. O problema é que o ERP não permite finalizar o processo. Preciso de orientação.,Software,Baixa,Sistemas,erp
Tenho uma ocorrência em que Uma pessoa não consegue concluir uma tarefa habitual por causa da ocorrência. O problema é que um programa necessário não abre depois da instalação. Preciso de orientação.,Software,Média,Suporte N1,instalacao
"Pessoal, um arquivo corporativo foi alterado sem que a equipe soubesse. O problema afeta diversos usuários e precisa ser tratado com rapidez. Agradeço se puderem verificar.",Segurança,Alta,Segurança,alteracao_nao_autorizada
Podem verificar? A função de digitalização não aparece no computador. Muitos usuários estão impedidos de executar atividades críticas da empresa. Preciso de orientação.,Impressora,Crítica,Suporte N1,scanner
Tenho uma ocorrência em que A ocorrência já compromete o trabalho de uma equipe inteira. O problema é que o sistema corporativo não conclui o lançamento. Agradeço se puderem verificar.,Software,Alta,Sistemas,erp
Podem verificar? Os dados não estão sincronizando entre as aplicações. Um serviço essencial para a empresa ficou indisponível para muitos usuários. Conseguem verificar?,Software,Crítica,Sistemas,integracao
"Uma atualização deixou a aplicação instável. A rotina individual está comprometida, porém o restante da equipe segue trabalhando. Preciso de orientação.",Software,Média,Sistemas,atualizacao
"Pessoal, a conexão física da estação não disponibiliza a rede. Diversas equipes não conseguem trabalhar por causa dessa indisponibilidade. Agradeço se puderem verificar.",Rede,Crítica,Infraestrutura,cabeada
"Bom dia, Existe uma alternativa funcionando, então a solicitação pode aguardar. O problema é que a máquina acessa a internet mas não os recursos internos. Conseguem verificar?",Rede,Baixa,Infraestrutura,recursos_rede
Preciso de ajuda: O sistema informa erro relacionado ao armazenamento. Uma função importante para o setor ficou indisponível para várias pessoas.,Hardware,Alta,Infraestrutura,armazenamento
Não consigo enviar documentos porque o dispositivo está offline. O usuário perdeu produtividade e precisa de suporte para continuar a atividade.,Impressora,Média,Suporte N1,offline
Preciso de ajuda: O acesso remoto cai poucos minutos depois de conectar. Diversas equipes não conseguem trabalhar por causa dessa indisponibilidade. Conseguem verificar?,Rede,Crítica,Infraestrutura,vpn
Identificamos que a máquina apresenta atividades estranhas mesmo sem uso. Várias pessoas do setor estão com o mesmo problema e uma atividade importante parou. Preciso de orientação.,Segurança,Alta,Segurança,comportamento_suspeito
"Bom dia, Uma pessoa não consegue concluir uma tarefa habitual por causa da ocorrência. O problema é que recebi aviso de login que não reconheço. Solicito análise.",Segurança,Média,Segurança,acesso_suspeito
"Preciso de ajuda: Uma tela do sistema de gestão não carrega. Existe uma alternativa funcionando, então a solicitação pode aguardar. Agradeço se puderem verificar.",Software,Baixa,Sistemas,erp
"Bom dia, Uma atividade normal ficou prejudicada, embora ainda seja possível fazer outras tarefas. O problema é que o acesso à internet parou em parte do ambiente.",Rede,Média,Infraestrutura,internet
"Pessoal, o software apresenta erro ao concluir a configuração. O problema afeta diversos usuários e precisa ser tratado com rapidez. Podem me ajudar?",Software,Alta,Sistemas,instalacao
"Bom dia, O impacto é pequeno neste momento e não existe urgência operacional. O problema é que há atraso no recebimento de mensagens corporativas. Solicito análise.",E-mail,Baixa,Suporte N1,recebimento
"Identificamos que consigo entrar no sistema, mas uma função não aparece para mim. Não há atividade parada; preciso apenas que seja verificado quando possível. Agradeço se puderem verificar.",Acesso,Baixa,Sistemas,permissao
O programa não funciona como antes após ser atualizado. É um incômodo pontual e o trabalho continua normalmente. Conseguem verificar?,Software,Baixa,Sistemas,atualizacao
"Identificamos que consigo receber, mas não consigo enviar mensagens. Muitos usuários estão impedidos de executar atividades críticas da empresa. Preciso de orientação.",E-mail,Crítica,Suporte N1,envio
"Bom dia, Grande parte da operação está parada e não existe alternativa disponível. O problema é que o headset deixou de funcionar na estação. Conseguem verificar?",Hardware,Crítica,Suporte N1,perifericos
"Preciso de ajuda: Tenho acesso ao sistema, mas não ao recurso que preciso. É um incômodo pontual e o trabalho continua normalmente. Conseguem verificar?",Acesso,Baixa,Sistemas,permissao
"Pessoal, o equipamento de impressão aparece indisponível. Grande parte da operação está parada e não existe alternativa disponível. Agradeço se puderem verificar.",Impressora,Crítica,Suporte N1,offline
Tenho uma ocorrência em que Isso está atrapalhando o trabalho de uma pessoa durante a rotina. O problema é que depois da atualização algumas funções deixaram de funcionar. Conseguem verificar?,Software,Média,Sistemas,atualizacao
Identificamos que a função de digitalização não aparece no computador. Diversas equipes não conseguem trabalhar por causa dessa indisponibilidade. Agradeço se puderem verificar.,Impressora,Crítica,Suporte N1,scanner
Identificamos que o ventilador do computador trabalha no máximo o tempo todo. O impacto é pequeno neste momento e não existe urgência operacional. Solicito análise.,Hardware,Baixa,Infraestrutura,temperatura
"Bom dia, A equipe está sem conseguir concluir uma operação necessária para o trabalho. O problema é que o leitor conectado à máquina não responde.",Hardware,Alta,Suporte N1,perifericos
"Mandei imprimir, mas o documento ficou parado na fila. O problema afeta diversos usuários e precisa ser tratado com rapidez. Isso começou hoje.",Impressora,Alta,Suporte N1,fila
"Olá, não consigo visualizar as pastas de mensagens. O impacto é pequeno neste momento e não existe urgência operacional.",E-mail,Baixa,Suporte N1,caixa
"Bom dia, Várias pessoas do setor estão com o mesmo problema e uma atividade importante parou. O problema é que o usuário aparece como bloqueado no sistema.",Acesso,Alta,Suporte N1,bloqueio
Estou com um problema: Diversos usuários foram impactados e não há uma solução prática para o setor. O problema é que o resultado impresso está diferente do arquivo original. Conseguem verificar?,Impressora,Alta,Suporte N1,qualidade
Estou com um problema: A equipe está sem conseguir concluir uma operação necessária para o trabalho. O problema é que não consigo visualizar as pastas de mensagens. Isso começou hoje.,E-mail,Alta,Suporte N1,caixa
"Olá, não consigo entrar na minha conta corporativa. Grande parte da operação está parada e não existe alternativa disponível. Agradeço se puderem verificar.",Acesso,Crítica,Suporte N1,login
"Pessoal, as folhas saem com qualidade muito ruim. A rotina individual está comprometida, porém o restante da equipe segue trabalhando. Isso começou hoje.",Impressora,Média,Suporte N1,qualidade
A navegação está muito instável no escritório. O problema afeta diversos usuários e precisa ser tratado com rapidez. Solicito análise.,Rede,Alta,Infraestrutura,internet
"Olá, a sessão remota com a rede corporativa fica instável. É um incômodo pontual e o trabalho continua normalmente. Agradeço se puderem verificar.",Rede,Baixa,Infraestrutura,vpn
Preciso de ajuda: A máquina inicia sem mostrar imagem. O usuário perdeu produtividade e precisa de suporte para continuar a atividade. Conseguem verificar?,Hardware,Média,Suporte N1,video
"Olá, a impressão apresenta manchas e trechos faltando. O impacto é pequeno neste momento e não existe urgência operacional. Isso começou hoje.",Impressora,Baixa,Suporte N1,qualidade
Tenho uma ocorrência em que Isso está atrapalhando o trabalho de uma pessoa durante a rotina. O problema é que a aplicação para de responder ao salvar informações.,Software,Média,Suporte N1,aplicativo_fechando
Estou com um problema: Uma pessoa não consegue concluir uma tarefa habitual por causa da ocorrência. O problema é que o ERP retorna erro ao registrar uma operação. Agradeço se puderem verificar.,Software,Média,Sistemas,erp
"Identificamos que um recurso interno da rede deixou de responder. Existe uma alternativa funcionando, então a solicitação pode aguardar.",Rede,Baixa,Infraestrutura,recursos_rede
"Preciso de ajuda: A sessão remota com a rede corporativa fica instável. O problema está limitado a uma estação, mas interfere no trabalho diário. Isso começou hoje.",Rede,Média,Infraestrutura,vpn
"Identificamos que a webcam não é detectada pelo computador. Existe uma alternativa funcionando, então a solicitação pode aguardar. Preciso de orientação.",Hardware,Baixa,Suporte N1,perifericos
Uma função do sistema de gestão parou de responder. O usuário perdeu produtividade e precisa de suporte para continuar a atividade.,Software,Média,Sistemas,erp
O acesso foi bloqueado e preciso voltar a trabalhar. Consigo continuar por outro caminho e isso não bloqueia minha rotina. Agradeço se puderem verificar.,Acesso,Baixa,Suporte N1,bloqueio
Estou com um problema: A ocorrência interrompeu uma operação essencial em larga escala. O problema é que o acesso remoto apresenta erro de conexão. Agradeço se puderem verificar.,Rede,Crítica,Infraestrutura,vpn
Estou com um problema: A indisponibilidade tem impacto amplo e exige restauração imediata do serviço. O problema é que o computador não alcança um servidor interno. Agradeço se puderem verificar.,Rede,Crítica,Infraestrutura,recursos_rede
Uma funcionalidade está indisponível apenas para meu usuário. Não há atividade parada; preciso apenas que seja verificado quando possível. Conseguem verificar?,Acesso,Baixa,Sistemas,permissao
"Olá, a navegação está muito instável no escritório. Diversos usuários foram impactados e não há uma solução prática para o setor.",Rede,Alta,Infraestrutura,internet
Preciso de ajuda: O histórico mostra entrada que não reconheço. Só uma tarefa secundária foi afetada e tenho outra forma de realizá-la. Preciso de orientação.,Segurança,Baixa,Segurança,acesso_suspeito
Estou com um problema: O problema afeta diversos usuários e precisa ser tratado com rapidez. O problema é que uma funcionalidade está indisponível apenas para meu usuário. Preciso de orientação.,Acesso,Alta,Sistemas,permissao
"Olá, a unidade de armazenamento some durante o uso. Muitos usuários estão impedidos de executar atividades críticas da empresa. Solicito análise.",Hardware,Crítica,Infraestrutura,armazenamento
Tenho uma ocorrência em que Muitos usuários estão impedidos de executar atividades críticas da empresa. O problema é que a máquina acessa a internet mas não os recursos internos. Agradeço se puderem verificar.,Rede,Crítica,Infraestrutura,recursos_rede
"Olá, a estação perde a conexão sem fio de tempos em tempos. Várias pessoas do setor estão com o mesmo problema e uma atividade importante parou. Podem me ajudar?",Rede,Alta,Infraestrutura,wifi
O filtro configurado não está sendo aplicado. A ocorrência já compromete o trabalho de uma equipe inteira. Preciso de orientação.,E-mail,Alta,Sistemas,regras
"Bom dia, A equipe está sem conseguir concluir uma operação necessária para o trabalho. O problema é que a conexão segura com a rede corporativa não completa. Isso começou hoje.",Rede,Alta,Infraestrutura,vpn
Identificamos que o notebook esquenta muito durante tarefas simples. Uma pessoa não consegue concluir uma tarefa habitual por causa da ocorrência. Agradeço se puderem verificar.,Hardware,Média,Infraestrutura,temperatura
Preciso de ajuda: Um remetente desconhecido pediu informações da minha conta. É um incômodo pontual e o trabalho continua normalmente. Preciso de orientação.,Segurança,Baixa,Segurança,phishing
Estou com um problema: É um incômodo pontual e o trabalho continua normalmente. O problema é que não consigo enviar o documento digitalizado para o computador. Preciso de orientação.,Impressora,Baixa,Suporte N1,scanner
A api usada pela aplicação está retornando falha. Uma pessoa não consegue concluir uma tarefa habitual por causa da ocorrência.,Software,Média,Sistemas,integracao
"Bom dia, Consigo continuar por outro caminho e isso não bloqueia minha rotina. O problema é que o teclado parou de responder em algumas teclas. Agradeço se puderem verificar.",Hardware,Baixa,Suporte N1,perifericos
"Estou com um problema: Uma atividade normal ficou prejudicada, embora ainda seja possível fazer outras tarefas. O problema é que não consigo entrar na minha conta corporativa. Isso começou hoje.",Acesso,Média,Suporte N1,login
"Bom dia, Existe uma alternativa funcionando, então a solicitação pode aguardar. O problema é que uma mensagem suspeita tenta me levar a uma página de login. Podem me ajudar?",Segurança,Baixa,Segurança,phishing
Tenho uma ocorrência em que Uma função importante para o setor ficou indisponível para várias pessoas. O problema é que a unidade de armazenamento some durante o uso. Isso começou hoje.,Hardware,Alta,Infraestrutura,armazenamento
"Bom dia, O usuário perdeu produtividade e precisa de suporte para continuar a atividade. O problema é que o processo automático entre os sistemas parou. Isso começou hoje.",Software,Média,Sistemas,integracao
"Bom dia, A ocorrência já compromete o trabalho de uma equipe inteira. O problema é que a fila acumula documentos sem processá-los. Conseguem verificar?",Impressora,Alta,Suporte N1,fila
Podem verificar? O programa corporativo não funciona após ser configurado. A ocorrência já compromete o trabalho de uma equipe inteira. Isso começou hoje.,Software,Alta,Sistemas,instalacao
"Preciso de ajuda: A caixa parece não receber novas mensagens. Uma atividade normal ficou prejudicada, embora ainda seja possível fazer outras tarefas. Conseguem verificar?",E-mail,Média,Suporte N1,recebimento
Tenho uma ocorrência em que Diversos usuários foram impactados e não há uma solução prática para o setor. O problema é que surgiram janelas e processos que o usuário não reconhece. Solicito análise.,Segurança,Alta,Segurança,comportamento_suspeito
Podem verificar? A máquina apresenta atividades estranhas mesmo sem uso. Uma função importante para o setor ficou indisponível para várias pessoas.,Segurança,Alta,Segurança,comportamento_suspeito
Identificamos que e-mails externos não estão chegando à conta. Diversas equipes não conseguem trabalhar por causa dessa indisponibilidade. Agradeço se puderem verificar.,E-mail,Crítica,Suporte N1,recebimento
"Pessoal, a instalação de uma ferramenta corporativa falha. Diversas equipes não conseguem trabalhar por causa dessa indisponibilidade. Preciso de orientação.",Software,Crítica,Sistemas,instalacao
"Pessoal, não consigo fazer login no ambiente de trabalho. A ocorrência já compromete o trabalho de uma equipe inteira. Preciso de orientação.",Acesso,Alta,Segurança,login
"O sistema informa erro relacionado ao armazenamento. A rotina individual está comprometida, porém o restante da equipe segue trabalhando. Isso começou hoje.",Hardware,Média,Infraestrutura,armazenamento
"Olá, dois sistemas deixaram de trocar informações. A ocorrência interrompeu uma operação essencial em larga escala. Agradeço se puderem verificar.",Software,Crítica,Sistemas,integracao
"Podem verificar? Não consigo estabelecer a conexão remota com a empresa. Uma atividade normal ficou prejudicada, embora ainda seja possível fazer outras tarefas. Agradeço se puderem verificar.",Rede,Média,Infraestrutura,vpn
Estou com um problema: Consigo continuar por outro caminho e isso não bloqueia minha rotina. O problema é que surgiram janelas e processos que o usuário não reconhece. Conseguem verificar?,Segurança,Baixa,Segurança,comportamento_suspeito
Identificamos que a organização automática das mensagens falhou. Várias pessoas do setor estão com o mesmo problema e uma atividade importante parou. Isso começou hoje.,E-mail,Alta,Sistemas,regras
"Olá, o equipamento multifuncional não conclui o escaneamento. Muitos usuários estão impedidos de executar atividades críticas da empresa. Isso começou hoje.",Impressora,Crítica,Suporte N1,scanner
"Pessoal, o computador não alcança um servidor interno. A equipe está sem conseguir concluir uma operação necessária para o trabalho. Preciso de orientação.",Rede,Alta,Infraestrutura,recursos_rede
Podem verificar? Não consigo fazer login no ambiente de trabalho. A indisponibilidade tem impacto amplo e exige restauração imediata do serviço. Conseguem verificar?,Acesso,Crítica,Segurança,login
Identificamos que a máquina acessa a internet mas não os recursos internos. Diversas equipes não conseguem trabalhar por causa dessa indisponibilidade. Preciso de orientação.,Rede,Crítica,Infraestrutura,recursos_rede
"Preciso de ajuda: O perfil não permite executar a operação necessária. A rotina individual está comprometida, porém o restante da equipe segue trabalhando. Preciso de orientação.",Acesso,Média,Sistemas,permissao
"Pessoal, o leitor conectado à máquina não responde. Um serviço essencial para a empresa ficou indisponível para muitos usuários. Agradeço se puderem verificar.",Hardware,Crítica,Suporte N1,perifericos
"Bom dia, Uma pessoa não consegue concluir uma tarefa habitual por causa da ocorrência. O problema é que o equipamento não aceita novos trabalhos de impressão. Solicito análise.",Impressora,Média,Suporte N1,offline
Preciso de ajuda: O cliente de e-mail não sincroniza as mensagens. A indisponibilidade tem impacto amplo e exige restauração imediata do serviço. Solicito análise.,E-mail,Crítica,Suporte N1,sincronizacao
Podem verificar? A caixa corporativa demora para atualizar. Muitos usuários estão impedidos de executar atividades críticas da empresa. Solicito análise.,E-mail,Crítica,Suporte N1,sincronizacao
"Olá, sites externos deixam de abrir por alguns minutos. Uma função importante para o setor ficou indisponível para várias pessoas. Agradeço se puderem verificar.",Rede,Alta,Infraestrutura,internet
"Bom dia, Isso está atrapalhando o trabalho de uma pessoa durante a rotina. O problema é que a credencial atual não está sendo reconhecida.",Acesso,Média,Suporte N1,senha
Podem verificar? Não consigo chegar aos recursos internos trabalhando de casa. Muitos usuários estão impedidos de executar atividades críticas da empresa. Podem me ajudar?,Rede,Crítica,Infraestrutura,vpn
Tenho uma ocorrência em que A ocorrência interrompeu uma operação essencial em larga escala. O problema é que o ERP retorna erro ao registrar uma operação. Podem me ajudar?,Software,Crítica,Sistemas,erp
Podem verificar? Os computadores estão com dificuldade para acessar a internet. A ocorrência já compromete o trabalho de uma equipe inteira. Preciso de orientação.,Rede,Alta,Infraestrutura,internet
"Olá, dados do sistema mudaram sem uma solicitação conhecida. Existe uma alternativa funcionando, então a solicitação pode aguardar. Preciso de orientação.",Segurança,Baixa,Sistemas,alteracao_nao_autorizada
Podem verificar? O equipamento não permanece ligado. O impacto é pequeno neste momento e não existe urgência operacional. Preciso de orientação.,Hardware,Baixa,Suporte N1,energia
"Podem verificar? A estação liga, mas não exibe vídeo. É um incômodo pontual e o trabalho continua normalmente.",Hardware,Baixa,Suporte N1,video
Tenho uma ocorrência em que Várias pessoas do setor estão com o mesmo problema e uma atividade importante parou. O problema é que houve uma mudança inesperada em dados corporativos.,Segurança,Alta,Segurança,alteracao_nao_autorizada
A webcam não é detectada pelo computador. O usuário perdeu produtividade e precisa de suporte para continuar a atividade. Conseguem verificar?,Hardware,Média,Suporte N1,perifericos
Podem verificar? Não consigo entrar na minha conta corporativa. Uma pessoa não consegue concluir uma tarefa habitual por causa da ocorrência. Podem me ajudar?,Acesso,Média,Suporte N1,login
"Bom dia, O impacto é pequeno neste momento e não existe urgência operacional. O problema é que o acesso aos serviços internos está intermitente. Podem me ajudar?",Rede,Baixa,Infraestrutura,recursos_rede
Identificamos que o conteúdo impresso apresenta defeitos visíveis. A equipe está sem conseguir concluir uma operação necessária para o trabalho. Agradeço se puderem verificar.,Impressora,Alta,Suporte N1,qualidade
"Olá, apareceu uma autenticação de um dispositivo desconhecido. É um incômodo pontual e o trabalho continua normalmente. Agradeço se puderem verificar.",Segurança,Baixa,Segurança,acesso_suspeito
"Olá, recebo mensagens pelo navegador, mas não no aplicativo. Uma atividade normal ficou prejudicada, embora ainda seja possível fazer outras tarefas. Solicito análise.",E-mail,Média,Suporte N1,sincronizacao
Há falhas frequentes ao salvar arquivos na máquina. A ocorrência já compromete o trabalho de uma equipe inteira.,Hardware,Alta,Infraestrutura,armazenamento
"Pessoal, o ERP retorna erro ao registrar uma operação. Uma atividade normal ficou prejudicada, embora ainda seja possível fazer outras tarefas. Preciso de orientação.",Software,Média,Sistemas,erp
"Bom dia, Uma atividade normal ficou prejudicada, embora ainda seja possível fazer outras tarefas. O problema é que um arquivo corporativo foi alterado sem que a equipe soubesse.",Segurança,Média,Segurança,alteracao_nao_autorizada
Identificamos que o serviço de e-mail falha quando tento enviar. Um serviço essencial para a empresa ficou indisponível para muitos usuários. Conseguem verificar?,E-mail,Crítica,Suporte N1,envio
Tenho uma ocorrência em que Uma função importante para o setor ficou indisponível para várias pessoas. O problema é que a nova versão do programa não abre corretamente. Preciso de orientação.,Software,Alta,Sistemas,atualizacao
"Bom dia, O problema está limitado a uma estação, mas interfere no trabalho diário. O problema é que o equipamento não consegue acessar recursos usando o cabo. Agradeço se puderem verificar.",Rede,Média,Infraestrutura,cabeada
"Bom dia, Só uma tarefa secundária foi afetada e tenho outra forma de realizá-la. O problema é que dados do sistema mudaram sem uma solicitação conhecida. Agradeço se puderem verificar.",Segurança,Baixa,Sistemas,alteracao_nao_autorizada
"Olá, o navegador começou a abrir páginas que não solicitei. Consigo continuar por outro caminho e isso não bloqueia minha rotina.",Segurança,Baixa,Segurança,comportamento_suspeito
Estou com um problema: Diversas equipes não conseguem trabalhar por causa dessa indisponibilidade. O problema é que chegou um e-mail estranho solicitando meus dados de acesso. Agradeço se puderem verificar.,Segurança,Crítica,Segurança,phishing
Estou com um problema: Isso está atrapalhando o trabalho de uma pessoa durante a rotina. O problema é que o conteúdo impresso apresenta defeitos visíveis.,Impressora,Média,Suporte N1,qualidade
"A caixa de e-mail não abre corretamente. Uma atividade normal ficou prejudicada, embora ainda seja possível fazer outras tarefas. Agradeço se puderem verificar.",E-mail,Média,Suporte N1,caixa
Tenho uma ocorrência em que Uma função importante para o setor ficou indisponível para várias pessoas. O problema é que a organização automática das mensagens falhou. Podem me ajudar?,E-mail,Alta,Sistemas,regras
"Olá, o software apresenta erro ao concluir a configuração. Uma pessoa não consegue concluir uma tarefa habitual por causa da ocorrência. Agradeço se puderem verificar.",Software,Média,Suporte N1,instalacao
Estou com um problema: Muitos usuários estão impedidos de executar atividades críticas da empresa. O problema é que uma atualização deixou a aplicação instável. Solicito análise.,Software,Crítica,Sistemas,atualizacao
Preciso de ajuda: O sistema interno apresenta erro durante o cadastro. A ocorrência já compromete o trabalho de uma equipe inteira. Podem me ajudar?,Software,Alta,Sistemas,erp
"Pessoal, a etapa adicional de autenticação está falhando. A rotina individual está comprometida, porém o restante da equipe segue trabalhando. Conseguem verificar?",Acesso,Média,Suporte N1,mfa
Estou com um problema: Várias pessoas do setor estão com o mesmo problema e uma atividade importante parou. O problema é que uma mensagem suspeita tenta me levar a uma página de login. Preciso de orientação.,Segurança,Alta,Segurança,phishing
Preciso de ajuda: A fila acumula documentos sem processá-los. A equipe está sem conseguir concluir uma operação necessária para o trabalho. Isso começou hoje.,Impressora,Alta,Suporte N1,fila
Estou com um problema: Diversas equipes não conseguem trabalhar por causa dessa indisponibilidade. O problema é que meu perfil não possui acesso a uma área necessária. Isso começou hoje.,Acesso,Crítica,Sistemas,permissao
Tenho uma ocorrência em que Uma pessoa não consegue concluir uma tarefa habitual por causa da ocorrência. O problema é que minha conta ficou bloqueada depois de algumas tentativas. Agradeço se puderem verificar.,Acesso,Média,Suporte N1,bloqueio
"Preciso de ajuda: Apareceu uma autenticação de um dispositivo desconhecido. O problema está limitado a uma estação, mas interfere no trabalho diário. Isso começou hoje.",Segurança,Média,Segurança,acesso_suspeito
Estou com um problema: O problema afeta diversos usuários e precisa ser tratado com rapidez. O problema é que um compartilhamento corporativo ficou inacessível. Isso começou hoje.,Rede,Alta,Infraestrutura,recursos_rede
Identificamos que o sistema interno apresenta erro durante o cadastro. O impacto é pequeno neste momento e não existe urgência operacional.,Software,Baixa,Sistemas,erp
Estou com um problema: Muitos usuários estão impedidos de executar atividades críticas da empresa. O problema é que a verificação em duas etapas não conclui. Podem me ajudar?,Acesso,Crítica,Suporte N1,mfa
"Bom dia, Grande parte da operação está parada e não existe alternativa disponível. O problema é que o ERP não permite finalizar o processo.",Software,Crítica,Sistemas,erp
Identificamos que o dispositivo de impressão ficou inacessível. Diversas equipes não conseguem trabalhar por causa dessa indisponibilidade. Solicito análise.,Impressora,Crítica,Suporte N1,offline
"Pessoal, o serviço abre, mas não mostra o conteúdo das mensagens. A rotina individual está comprometida, porém o restante da equipe segue trabalhando.",E-mail,Média,Suporte N1,caixa
Uma mensagem afirma que minha conta será bloqueada se eu não informar credenciais. O impacto é pequeno neste momento e não existe urgência operacional. Solicito análise.,Segurança,Baixa,Segurança,phishing
Preciso de ajuda: Há falhas frequentes ao salvar arquivos na máquina. Um serviço essencial para a empresa ficou indisponível para muitos usuários. Conseguem verificar?,Hardware,Crítica,Infraestrutura,armazenamento
Estou com um problema: Uma função importante para o setor ficou indisponível para várias pessoas. O problema é que a máquina inicia sem mostrar imagem. Podem me ajudar?,Hardware,Alta,Suporte N1,video
"O equipamento demora muito para acessar dados do disco. Uma atividade normal ficou prejudicada, embora ainda seja possível fazer outras tarefas. Agradeço se puderem verificar.",Hardware,Média,Infraestrutura,armazenamento
O acesso à internet parou em parte do ambiente. Consigo continuar por outro caminho e isso não bloqueia minha rotina. Podem me ajudar?,Rede,Baixa,Infraestrutura,internet
Identificamos que o aplicativo trava e precisa ser aberto novamente. A ocorrência já compromete o trabalho de uma equipe inteira.,Software,Alta,Suporte N1,aplicativo_fechando
Tenho uma ocorrência em que Diversas equipes não conseguem trabalhar por causa dessa indisponibilidade. O problema é que dados do sistema mudaram sem uma solicitação conhecida. Preciso de orientação.,Segurança,Crítica,Segurança,alteracao_nao_autorizada
Identificamos que uma regra da caixa está tratando mensagens de forma errada. O problema afeta diversos usuários e precisa ser tratado com rapidez. Agradeço se puderem verificar.,E-mail,Alta,Sistemas,regras
Podem verificar? A estação não consegue acessar uma pasta compartilhada. Consigo continuar por outro caminho e isso não bloqueia minha rotina. Isso começou hoje.,Rede,Baixa,Infraestrutura,recursos_rede
"Estou com um problema: O problema está limitado a uma estação, mas interfere no trabalho diário. O problema é que o aplicativo trava e precisa ser aberto novamente. Podem me ajudar?",Software,Média,Suporte N1,aplicativo_fechando
Preciso de ajuda: Um arquivo corporativo foi alterado sem que a equipe soubesse. Uma pessoa não consegue concluir uma tarefa habitual por causa da ocorrência. Preciso de orientação.,Segurança,Média,Segurança,alteracao_nao_autorizada
O leitor conectado à máquina não responde. Isso está atrapalhando o trabalho de uma pessoa durante a rotina. Podem me ajudar?,Hardware,Média,Suporte N1,perifericos
"Olá, o computador conectado por cabo ficou sem acesso. A equipe está sem conseguir concluir uma operação necessária para o trabalho. Agradeço se puderem verificar.",Rede,Alta,Infraestrutura,cabeada
Estou com um problema: Muitos usuários estão impedidos de executar atividades críticas da empresa. O problema é que o acesso falha na etapa de autenticação.,Acesso,Crítica,Suporte N1,login
"Pessoal, o dispositivo de impressão ficou inacessível. O usuário perdeu produtividade e precisa de suporte para continuar a atividade. Conseguem verificar?",Impressora,Média,Suporte N1,offline
"Pessoal, a função de digitalização não aparece no computador. Uma função importante para o setor ficou indisponível para várias pessoas. Solicito análise.",Impressora,Alta,Suporte N1,scanner
Preciso de ajuda: O serviço de e-mail falha quando tento enviar. Isso está atrapalhando o trabalho de uma pessoa durante a rotina. Solicito análise.,E-mail,Média,Suporte N1,envio
Preciso de ajuda: A porta de rede parece não estabelecer comunicação. Grande parte da operação está parada e não existe alternativa disponível. Solicito análise.,Rede,Crítica,Infraestrutura,cabeada
"Olá, o leitor conectado à máquina não responde. O problema está limitado a uma estação, mas interfere no trabalho diário. Solicito análise.",Hardware,Média,Suporte N1,perifericos
Preciso de ajuda: Há atividades na estação que não correspondem ao uso normal. Um serviço essencial para a empresa ficou indisponível para muitos usuários.,Segurança,Crítica,Segurança,comportamento_suspeito
Podem verificar? A estação não obtém conexão pelo cabo de rede. Uma pessoa não consegue concluir uma tarefa habitual por causa da ocorrência. Preciso de orientação.,Rede,Média,Infraestrutura,cabeada
Tenho uma ocorrência em que Só uma tarefa secundária foi afetada e tenho outra forma de realizá-la. O problema é que a estação fica muito quente e perde desempenho. Isso começou hoje.,Hardware,Baixa,Infraestrutura,temperatura
"Preciso de ajuda: O encaminhamento automático parou de funcionar. O problema está limitado a uma estação, mas interfere no trabalho diário. Conseguem verificar?",E-mail,Média,Sistemas,regras
Tenho uma ocorrência em que Consigo continuar por outro caminho e isso não bloqueia minha rotina. O problema é que a API usada pela aplicação está retornando falha. Solicito análise.,Software,Baixa,Sistemas,integracao
"Bom dia, Uma função importante para o setor ficou indisponível para várias pessoas. O problema é que uma função do sistema de gestão parou de responder. Agradeço se puderem verificar.",Software,Alta,Sistemas,erp
"Pessoal, novos e-mails não aparecem automaticamente. A equipe está sem conseguir concluir uma operação necessária para o trabalho. Solicito análise.",E-mail,Alta,Suporte N1,sincronizacao
"Podem verificar? Uma tela do sistema de gestão não carrega. A rotina individual está comprometida, porém o restante da equipe segue trabalhando. Podem me ajudar?",Software,Média,Sistemas,erp
"Olá, o aplicativo mostra erro ao acessar minha caixa. O usuário perdeu produtividade e precisa de suporte para continuar a atividade. Podem me ajudar?",E-mail,Média,Suporte N1,caixa
Preciso de ajuda: O código de autenticação não chega ao meu dispositivo. Diversos usuários foram impactados e não há uma solução prática para o setor. Preciso de orientação.,Acesso,Alta,Suporte N1,mfa
"Não consigo entrar porque a conta foi travada. O problema está limitado a uma estação, mas interfere no trabalho diário.",Acesso,Média,Suporte N1,bloqueio
"Pessoal, apareceu uma autenticação de um dispositivo desconhecido. Isso está atrapalhando o trabalho de uma pessoa durante a rotina. Podem me ajudar?",Segurança,Média,Segurança,acesso_suspeito
"Pessoal, o acesso aos serviços internos está intermitente. Isso está atrapalhando o trabalho de uma pessoa durante a rotina.",Rede,Média,Infraestrutura,recursos_rede
Estou com um problema: Não há atividade parada; preciso apenas que seja verificado quando possível. O problema é que o notebook esquenta muito durante tarefas simples.,Hardware,Baixa,Infraestrutura,temperatura
"Podem verificar? A instalação de uma ferramenta corporativa falha. Existe uma alternativa funcionando, então a solicitação pode aguardar. Preciso de orientação.",Software,Baixa,Suporte N1,instalacao
"Pessoal, o equipamento não consegue acessar recursos usando o cabo. A ocorrência já compromete o trabalho de uma equipe inteira. Isso começou hoje.",Rede,Alta,Infraestrutura,cabeada
"Bom dia, Um serviço essencial para a empresa ficou indisponível para muitos usuários. O problema é que a conexão fica indo e voltando durante o expediente. Agradeço se puderem verificar.",Rede,Crítica,Infraestrutura,wifi
Preciso de ajuda: O acesso remoto apresenta erro de conexão. O problema afeta diversos usuários e precisa ser tratado com rapidez.,Rede,Alta,Infraestrutura,vpn
Preciso de ajuda: Não recebo a confirmação necessária para entrar. O impacto é pequeno neste momento e não existe urgência operacional. Isso começou hoje.,Acesso,Baixa,Suporte N1,mfa
O antivírus detectou um arquivo suspeito. Só uma tarefa secundária foi afetada e tenho outra forma de realizá-la. Podem me ajudar?,Segurança,Baixa,Segurança,malware
"Preciso de ajuda: O notebook liga, mas a tela permanece apagada. Uma pessoa não consegue concluir uma tarefa habitual por causa da ocorrência. Preciso de orientação.",Hardware,Média,Suporte N1,video
Preciso de ajuda: Não consigo confirmar o segundo fator de acesso. Isso está atrapalhando o trabalho de uma pessoa durante a rotina. Podem me ajudar?,Acesso,Média,Suporte N1,mfa
Preciso de ajuda: Uma ferramenta autorizada precisa ser reinstalada. O usuário perdeu produtividade e precisa de suporte para continuar a atividade. Solicito análise.,Software,Média,Suporte N1,instalacao
"Identificamos que uma função do sistema de gestão parou de responder. Existe uma alternativa funcionando, então a solicitação pode aguardar. Podem me ajudar?",Software,Baixa,Sistemas,erp
"Estou com um problema: Diversos usuários foram impactados e não há uma solução prática para o setor. O problema é que o notebook liga, mas a tela permanece apagada. Conseguem verificar?",Hardware,Alta,Suporte N1,video
"Pessoal, o equipamento apresenta aquecimento fora do normal. Grande parte da operação está parada e não existe alternativa disponível.",Hardware,Crítica,Infraestrutura,temperatura
Tenho uma ocorrência em que Isso está atrapalhando o trabalho de uma pessoa durante a rotina. O problema é que o computador conectado por cabo ficou sem acesso.,Rede,Média,Infraestrutura,cabeada
Tenho uma ocorrência em que A indisponibilidade tem impacto amplo e exige restauração imediata do serviço. O problema é que os arquivos enviados para impressão não avançam. Preciso de orientação.,Impressora,Crítica,Suporte N1,fila
"Bom dia, Muitos usuários estão impedidos de executar atividades críticas da empresa. O problema é que o computador parece iniciar normalmente, porém nada aparece na tela. Conseguem verificar?",Hardware,Crítica,Suporte N1,video
"Olá, o ponto de rede da mesa não está funcionando. Muitos usuários estão impedidos de executar atividades críticas da empresa.",Rede,Crítica,Infraestrutura,cabeada
"Preciso de ajuda: O programa fecha sozinho durante o uso. Uma atividade normal ficou prejudicada, embora ainda seja possível fazer outras tarefas. Solicito análise.",Software,Média,Suporte N1,aplicativo_fechando
Identificamos que o leitor conectado à máquina não responde. O impacto é pequeno neste momento e não existe urgência operacional. Conseguem verificar?,Hardware,Baixa,Suporte N1,perifericos
"Olá, uma mensagem suspeita tenta me levar a uma página de login. Só uma tarefa secundária foi afetada e tenho outra forma de realizá-la. Isso começou hoje.",Segurança,Baixa,Segurança,phishing
Preciso de ajuda: O resultado impresso está diferente do arquivo original. Uma pessoa não consegue concluir uma tarefa habitual por causa da ocorrência. Preciso de orientação.,Impressora,Média,Suporte N1,qualidade
Podem verificar? Minha conta não permite iniciar a sessão. Não há atividade parada; preciso apenas que seja verificado quando possível. Isso começou hoje.,Acesso,Baixa,Suporte N1,login
"Olá, as mensagens novas não aparecem no aplicativo de e-mail. A ocorrência interrompeu uma operação essencial em larga escala.",E-mail,Crítica,Suporte N1,sincronizacao
"Bom dia, A ocorrência já compromete o trabalho de uma equipe inteira. O problema é que não consigo entrar porque a conta foi travada. Agradeço se puderem verificar.",Acesso,Alta,Suporte N1,bloqueio
A organização automática das mensagens falhou. Diversas equipes não conseguem trabalhar por causa dessa indisponibilidade. Solicito análise.,E-mail,Crítica,Sistemas,regras
Estou com um problema: Diversos usuários foram impactados e não há uma solução prática para o setor. O problema é que o aplicativo autenticador não aceita o código. Agradeço se puderem verificar.,Acesso,Alta,Suporte N1,mfa
"Olá, um recurso foi modificado sem registro conhecido da equipe. A ocorrência já compromete o trabalho de uma equipe inteira. Isso começou hoje.",Segurança,Alta,Segurança,alteracao_nao_autorizada
Não consigo estabelecer a conexão remota com a empresa. Diversos usuários foram impactados e não há uma solução prática para o setor. Podem me ajudar?,Rede,Alta,Infraestrutura,vpn
"Bom dia, O impacto é pequeno neste momento e não existe urgência operacional. O problema é que um remetente desconhecido pediu informações da minha conta.",Segurança,Baixa,Segurança,phishing
Identificamos que o computador executa ações inesperadas durante o expediente. A ocorrência já compromete o trabalho de uma equipe inteira. Conseguem verificar?,Segurança,Alta,Segurança,comportamento_suspeito
Estou com um problema: Uma função importante para o setor ficou indisponível para várias pessoas. O problema é que a navegação ficou lenta e apresenta interrupções. Podem me ajudar?,Rede,Alta,Infraestrutura,internet
"Pessoal, o cliente de e-mail não sincroniza as mensagens. Um serviço essencial para a empresa ficou indisponível para muitos usuários.",E-mail,Crítica,Suporte N1,sincronizacao
"Bom dia, O impacto é pequeno neste momento e não existe urgência operacional. O problema é que apareceu uma autenticação de um dispositivo desconhecido. Conseguem verificar?",Segurança,Baixa,Segurança,acesso_suspeito
Tenho uma ocorrência em que O impacto é pequeno neste momento e não existe urgência operacional. O problema é que o programa não funciona como antes após ser atualizado. Agradeço se puderem verificar.,Software,Baixa,Sistemas,atualizacao
Estou com um problema: Uma função importante para o setor ficou indisponível para várias pessoas. O problema é que a impressão fica pendente indefinidamente. Conseguem verificar?,Impressora,Alta,Suporte N1,fila
Identificamos que o ERP não permite finalizar o processo. Uma pessoa não consegue concluir uma tarefa habitual por causa da ocorrência. Conseguem verificar?,Software,Média,Sistemas,erp
Tenho uma ocorrência em que O usuário perdeu produtividade e precisa de suporte para continuar a atividade. O problema é que a instalação de uma ferramenta corporativa falha. Conseguem verificar?,Software,Média,Suporte N1,instalacao
"Pessoal, a verificação em duas etapas não conclui. Várias pessoas do setor estão com o mesmo problema e uma atividade importante parou. Isso começou hoje.",Acesso,Alta,Suporte N1,mfa
Preciso de ajuda: O erp não permite finalizar o processo. A ocorrência interrompeu uma operação essencial em larga escala. Preciso de orientação.,Software,Crítica,Sistemas,erp
Identificamos que novos e-mails não aparecem automaticamente. A indisponibilidade tem impacto amplo e exige restauração imediata do serviço. Agradeço se puderem verificar.,E-mail,Crítica,Suporte N1,sincronizacao
Identificamos que o aplicativo autenticador não aceita o código. Grande parte da operação está parada e não existe alternativa disponível. Isso começou hoje.,Acesso,Crítica,Suporte N1,mfa
"Olá, o equipamento de impressão aparece indisponível. O problema afeta diversos usuários e precisa ser tratado com rapidez. Solicito análise.",Impressora,Alta,Suporte N1,offline
"Pessoal, não consigo enviar documentos porque o dispositivo está offline. Muitos usuários estão impedidos de executar atividades críticas da empresa. Isso começou hoje.",Impressora,Crítica,Suporte N1,offline
Os dados não estão sincronizando entre as aplicações. O impacto é pequeno neste momento e não existe urgência operacional. Isso começou hoje.,Software,Baixa,Sistemas,integracao
Identificamos que a porta de rede parece não estabelecer comunicação. Consigo continuar por outro caminho e isso não bloqueia minha rotina. Preciso de orientação.,Rede,Baixa,Infraestrutura,cabeada
"Tenho uma ocorrência em que O problema está limitado a uma estação, mas interfere no trabalho diário. O problema é que a conexão segura com a rede corporativa não completa. Preciso de orientação.",Rede,Média,Infraestrutura,vpn
Tenho uma ocorrência em que Muitos usuários estão impedidos de executar atividades críticas da empresa. O problema é que a máquina apresenta atividades estranhas mesmo sem uso. Agradeço se puderem verificar.,Segurança,Crítica,Segurança,comportamento_suspeito
Identificamos que uma atualização deixou a aplicação instável. Só uma tarefa secundária foi afetada e tenho outra forma de realizá-la. Solicito análise.,Software,Baixa,Sistemas,atualizacao
Tenho uma ocorrência em que Não há atividade parada; preciso apenas que seja verificado quando possível. O problema é que a caixa de e-mail não abre corretamente. Preciso de orientação.,E-mail,Baixa,Suporte N1,caixa
"Tenho uma ocorrência em que Existe uma alternativa funcionando, então a solicitação pode aguardar. O problema é que o documento impresso fica com partes ilegíveis.",Impressora,Baixa,Suporte N1,qualidade
Estou com um problema: Várias pessoas do setor estão com o mesmo problema e uma atividade importante parou. O problema é que a função de digitalização não aparece no computador.,Impressora,Alta,Suporte N1,scanner
"Olá, minha senha deixou de ser aceita. A ocorrência interrompeu uma operação essencial em larga escala. Conseguem verificar?",Acesso,Crítica,Suporte N1,senha
"Bom dia, O usuário perdeu produtividade e precisa de suporte para continuar a atividade. O problema é que a estação fica muito quente e perde desempenho.",Hardware,Média,Infraestrutura,temperatura
Tenho uma ocorrência em que A equipe está sem conseguir concluir uma operação necessária para o trabalho. O problema é que o filtro configurado não está sendo aplicado.,E-mail,Alta,Sistemas,regras
"Olá, minhas mensagens ficam presas e não são enviadas. Diversos usuários foram impactados e não há uma solução prática para o setor. Preciso de orientação.",E-mail,Alta,Suporte N1,envio
A impressão apresenta manchas e trechos faltando. É um incômodo pontual e o trabalho continua normalmente. Conseguem verificar?,Impressora,Baixa,Suporte N1,qualidade
O aplicativo mostra erro ao acessar minha caixa. Só uma tarefa secundária foi afetada e tenho outra forma de realizá-la. Isso começou hoje.,E-mail,Baixa,Suporte N1,caixa
"Estou com um problema: O problema está limitado a uma estação, mas interfere no trabalho diário. O problema é que o notebook não carrega mesmo conectado à energia. Preciso de orientação.",Hardware,Média,Suporte N1,energia
Podem verificar? A integração não está enviando os dados esperados. Só uma tarefa secundária foi afetada e tenho outra forma de realizá-la.,Software,Baixa,Sistemas,integracao
Identificamos que não consigo estabelecer a conexão remota com a empresa. Uma pessoa não consegue concluir uma tarefa habitual por causa da ocorrência. Conseguem verificar?,Rede,Média,Infraestrutura,vpn
Preciso de ajuda: A imagem desaparece enquanto o equipamento continua ligado. Não há atividade parada; preciso apenas que seja verificado quando possível.,Hardware,Baixa,Suporte N1,video
O ventilador do computador trabalha no máximo o tempo todo. Isso está atrapalhando o trabalho de uma pessoa durante a rotina. Preciso de orientação.,Hardware,Média,Infraestrutura,temperatura
Podem verificar? A estação informa que o equipamento não está conectado. A equipe está sem conseguir concluir uma operação necessária para o trabalho.,Impressora,Alta,Suporte N1,offline
"Preciso de ajuda: Recebo mensagens pelo navegador, mas não no aplicativo. O problema afeta diversos usuários e precisa ser tratado com rapidez. Preciso de orientação.",E-mail,Alta,Suporte N1,sincronizacao
"Pessoal, o ponto de rede da mesa não está funcionando. Existe uma alternativa funcionando, então a solicitação pode aguardar. Preciso de orientação.",Rede,Baixa,Infraestrutura,cabeada
"Olá, uma funcionalidade está indisponível apenas para meu usuário. Consigo continuar por outro caminho e isso não bloqueia minha rotina. Isso começou hoje.",Acesso,Baixa,Sistemas,permissao
Podem verificar? Minha conta ficou bloqueada depois de algumas tentativas. Não há atividade parada; preciso apenas que seja verificado quando possível.,Acesso,Baixa,Suporte N1,bloqueio
"Olá, o computador só liga depois de várias tentativas. Uma função importante para o setor ficou indisponível para várias pessoas. Conseguem verificar?",Hardware,Alta,Suporte N1,energia
Podem verificar? Uma aplicação desconhecida começou a executar sozinha. A indisponibilidade tem impacto amplo e exige restauração imediata do serviço. Solicito análise.,Segurança,Crítica,Segurança,malware
Estou com um problema: Só uma tarefa secundária foi afetada e tenho outra forma de realizá-la. O problema é que a ferramenta corporativa fecha ao gerar um relatório. Agradeço se puderem verificar.,Software,Baixa,Suporte N1,aplicativo_fechando
Tenho uma ocorrência em que Um serviço essencial para a empresa ficou indisponível para muitos usuários. O problema é que apareceu uma autenticação de um dispositivo desconhecido. Agradeço se puderem verificar.,Segurança,Crítica,Segurança,acesso_suspeito
O cliente de e-mail não sincroniza as mensagens. Isso está atrapalhando o trabalho de uma pessoa durante a rotina. Conseguem verificar?,E-mail,Média,Suporte N1,sincronizacao
Estou com um problema: Consigo continuar por outro caminho e isso não bloqueia minha rotina. O problema é que minha conta ficou bloqueada depois de algumas tentativas. Solicito análise.,Acesso,Baixa,Suporte N1,bloqueio
"Olá, surgiram alertas sobre um possível software malicioso. Não há atividade parada; preciso apenas que seja verificado quando possível. Conseguem verificar?",Segurança,Baixa,Segurança,malware
"Bom dia, A ocorrência interrompeu uma operação essencial em larga escala. O problema é que a navegação está muito instável no escritório. Preciso de orientação.",Rede,Crítica,Infraestrutura,internet
"Olá, as pastas da conta não ficam disponíveis. A indisponibilidade tem impacto amplo e exige restauração imediata do serviço. Preciso de orientação.",E-mail,Crítica,Segurança,caixa
Tenho uma ocorrência em que Grande parte da operação está parada e não existe alternativa disponível. O problema é que há sessões na minha conta que eu não iniciei. Isso começou hoje.,Segurança,Crítica,Segurança,acesso_suspeito
"Bom dia, A rotina individual está comprometida, porém o restante da equipe segue trabalhando. O problema é que a impressão fica pendente indefinidamente.",Impressora,Média,Suporte N1,fila
"Podem verificar? O sinal está disponível, mas a máquina não consegue navegar. Consigo continuar por outro caminho e isso não bloqueia minha rotina. Solicito análise.",Rede,Baixa,Infraestrutura,wifi
"Podem verificar? A ferramenta corporativa fecha ao gerar um relatório. Existe uma alternativa funcionando, então a solicitação pode aguardar. Conseguem verificar?",Software,Baixa,Suporte N1,aplicativo_fechando
Tenho uma ocorrência em que O problema afeta diversos usuários e precisa ser tratado com rapidez. O problema é que informações apareceram alteradas e ninguém da equipe realizou a mudança. Podem me ajudar?,Segurança,Alta,Segurança,alteracao_nao_autorizada
"Olá, a caixa de e-mail não abre corretamente. Uma pessoa não consegue concluir uma tarefa habitual por causa da ocorrência. Conseguem verificar?",E-mail,Média,Suporte N1,caixa
Tenho uma ocorrência em que Uma pessoa não consegue concluir uma tarefa habitual por causa da ocorrência. O problema é que o sistema apresenta erro desde a última versão instalada. Podem me ajudar?,Software,Média,Sistemas,atualizacao
"Preciso de ajuda: A função de digitalização não aparece no computador. A rotina individual está comprometida, porém o restante da equipe segue trabalhando. Podem me ajudar?",Impressora,Média,Suporte N1,scanner
Podem verificar? A sessão remota com a rede corporativa fica instável. Um serviço essencial para a empresa ficou indisponível para muitos usuários.,Rede,Crítica,Infraestrutura,vpn
"Bom dia, Uma atividade normal ficou prejudicada, embora ainda seja possível fazer outras tarefas. O problema é que o notebook liga, mas a tela permanece apagada.",Hardware,Média,Suporte N1,video
"Podem verificar? O notebook liga, mas a tela permanece apagada. A ocorrência interrompeu uma operação essencial em larga escala. Isso começou hoje.",Hardware,Crítica,Suporte N1,video
"Bom dia, Um serviço essencial para a empresa ficou indisponível para muitos usuários. O problema é que o sistema corporativo não conclui o lançamento. Podem me ajudar?",Software,Crítica,Sistemas,erp
Identificamos que o equipamento multifuncional não conclui o escaneamento. Várias pessoas do setor estão com o mesmo problema e uma atividade importante parou. Preciso de orientação.,Impressora,Alta,Suporte N1,scanner
"Identificamos que minha conta ficou bloqueada depois de algumas tentativas. Uma atividade normal ficou prejudicada, embora ainda seja possível fazer outras tarefas. Preciso de orientação.",Acesso,Média,Suporte N1,bloqueio
"Bom dia, É um incômodo pontual e o trabalho continua normalmente. O problema é que os computadores estão com dificuldade para acessar a internet. Isso começou hoje.",Rede,Baixa,Infraestrutura,internet
"Olá, o sistema apresenta erro desde a última versão instalada. Diversos usuários foram impactados e não há uma solução prática para o setor.",Software,Alta,Sistemas,atualizacao
"Olá, o computador executa ações inesperadas durante o expediente. Um serviço essencial para a empresa ficou indisponível para muitos usuários. Solicito análise.",Segurança,Crítica,Segurança,comportamento_suspeito
"Pessoal, o ventilador do computador trabalha no máximo o tempo todo. Um serviço essencial para a empresa ficou indisponível para muitos usuários. Podem me ajudar?",Hardware,Crítica,Infraestrutura,temperatura
Tenho uma ocorrência em que O problema afeta diversos usuários e precisa ser tratado com rapidez. O problema é que as mensagens novas não aparecem no aplicativo de e-mail. Podem me ajudar?,E-mail,Alta,Suporte N1,sincronizacao
"Podem verificar? A imagem desaparece enquanto o equipamento continua ligado. Uma atividade normal ficou prejudicada, embora ainda seja possível fazer outras tarefas. Conseguem verificar?",Hardware,Média,Suporte N1,video
"Tenho uma ocorrência em que Uma pessoa não consegue concluir uma tarefa habitual por causa da ocorrência. O problema é que mandei imprimir, mas o documento ficou parado na fila. Conseguem verificar?",Impressora,Média,Suporte N1,fila
Preciso de ajuda: Não consigo manter uma conexão estável no escritório. A ocorrência já compromete o trabalho de uma equipe inteira. Agradeço se puderem verificar.,Rede,Alta,Infraestrutura,wifi
"Olá, foi detectado conteúdo potencialmente perigoso na estação. A indisponibilidade tem impacto amplo e exige restauração imediata do serviço. Agradeço se puderem verificar.",Segurança,Crítica,Segurança,malware
Identificamos que a conta não permite novas tentativas de autenticação. Muitos usuários estão impedidos de executar atividades críticas da empresa. Isso começou hoje.,Acesso,Crítica,Suporte N1,bloqueio
Preciso de ajuda: Sites externos deixam de abrir por alguns minutos. Muitos usuários estão impedidos de executar atividades críticas da empresa. Isso começou hoje.,Rede,Crítica,Infraestrutura,internet
Preciso de ajuda: O aplicativo autenticador não aceita o código. Uma pessoa não consegue concluir uma tarefa habitual por causa da ocorrência.,Acesso,Média,Suporte N1,mfa
Tenho uma ocorrência em que Um serviço essencial para a empresa ficou indisponível para muitos usuários. O problema é que o acesso aos serviços internos está intermitente. Isso começou hoje.,Rede,Crítica,Infraestrutura,recursos_rede
"Bom dia, Isso está atrapalhando o trabalho de uma pessoa durante a rotina. O problema é que o computador não alcança um servidor interno. Solicito análise.",Rede,Média,Infraestrutura,recursos_rede
"Pessoal, a impressão apresenta manchas e trechos faltando. A ocorrência já compromete o trabalho de uma equipe inteira.",Impressora,Alta,Suporte N1,qualidade
Estou com um problema: Consigo continuar por outro caminho e isso não bloqueia minha rotina. O problema é que a navegação está muito instável no escritório. Agradeço se puderem verificar.,Rede,Baixa,Infraestrutura,internet
"Identificamos que o notebook liga, mas a tela permanece apagada. Grande parte da operação está parada e não existe alternativa disponível. Podem me ajudar?",Hardware,Crítica,Suporte N1,video
Preciso de ajuda: O aplicativo trava e precisa ser aberto novamente. É um incômodo pontual e o trabalho continua normalmente. Conseguem verificar?,Software,Baixa,Suporte N1,aplicativo_fechando
"Bom dia, O usuário perdeu produtividade e precisa de suporte para continuar a atividade. O problema é que não consigo concluir a recuperação da senha. Podem me ajudar?",Acesso,Média,Suporte N1,senha
"Pessoal, a imagem desaparece enquanto o equipamento continua ligado. Consigo continuar por outro caminho e isso não bloqueia minha rotina. Preciso de orientação.",Hardware,Baixa,Suporte N1,video
Preciso de ajuda: O aplicativo começou a falhar depois de uma atualização. Consigo continuar por outro caminho e isso não bloqueia minha rotina. Preciso de orientação.,Software,Baixa,Sistemas,atualizacao
Preciso de ajuda: O equipamento não consegue acessar recursos usando o cabo. A equipe está sem conseguir concluir uma operação necessária para o trabalho. Conseguem verificar?,Rede,Alta,Infraestrutura,cabeada
"Preciso de ajuda: A estação liga, mas não exibe vídeo. A indisponibilidade tem impacto amplo e exige restauração imediata do serviço. Solicito análise.",Hardware,Crítica,Suporte N1,video
Identificamos que a impressão fica pendente indefinidamente. Muitos usuários estão impedidos de executar atividades críticas da empresa. Podem me ajudar?,Impressora,Crítica,Suporte N1,fila
Estou com um problema: O usuário perdeu produtividade e precisa de suporte para continuar a atividade. O problema é que o mouse falha durante o uso.,Hardware,Média,Suporte N1,perifericos
A nova versão do programa não abre corretamente. Várias pessoas do setor estão com o mesmo problema e uma atividade importante parou. Agradeço se puderem verificar.,Software,Alta,Sistemas,atualizacao
Tenho uma ocorrência em que Grande parte da operação está parada e não existe alternativa disponível. O problema é que o computador não dá sinal ao apertar o botão de ligar.,Hardware,Crítica,Suporte N1,energia
"Olá, recebi uma mensagem pedindo para confirmar minha senha em um link. O problema afeta diversos usuários e precisa ser tratado com rapidez. Conseguem verificar?",Segurança,Alta,Segurança,phishing
"Bom dia, A equipe está sem conseguir concluir uma operação necessária para o trabalho. O problema é que o ventilador do computador trabalha no máximo o tempo todo. Conseguem verificar?",Hardware,Alta,Infraestrutura,temperatura
Estou com um problema: Não há atividade parada; preciso apenas que seja verificado quando possível. O problema é que o headset deixou de funcionar na estação. Isso começou hoje.,Hardware,Baixa,Suporte N1,perifericos
"Bom dia, O problema está limitado a uma estação, mas interfere no trabalho diário. O problema é que uma aplicação desconhecida começou a executar sozinha. Agradeço se puderem verificar.",Segurança,Média,Segurança,malware
"O código de autenticação não chega ao meu dispositivo. Uma atividade normal ficou prejudicada, embora ainda seja possível fazer outras tarefas. Podem me ajudar?",Acesso,Média,Suporte N1,mfa
Tenho uma ocorrência em que Consigo continuar por outro caminho e isso não bloqueia minha rotina. O problema é que o sistema pede troca de senha mas o processo falha.,Acesso,Baixa,Suporte N1,senha
"Pessoal, a estação perdeu alimentação durante o expediente. Não há atividade parada; preciso apenas que seja verificado quando possível. Agradeço se puderem verificar.",Hardware,Baixa,Suporte N1,energia
"Pessoal, a credencial atual não está sendo reconhecida. A equipe está sem conseguir concluir uma operação necessária para o trabalho. Agradeço se puderem verificar.",Acesso,Alta,Suporte N1,senha
Tenho uma ocorrência em que Só uma tarefa secundária foi afetada e tenho outra forma de realizá-la. O problema é que chegou um e-mail estranho solicitando meus dados de acesso. Conseguem verificar?,Segurança,Baixa,Segurança,phishing
"Bom dia, Muitos usuários estão impedidos de executar atividades críticas da empresa. O problema é que a caixa de entrada parou de atualizar. Conseguem verificar?",E-mail,Crítica,Suporte N1,sincronizacao
Estou com um problema: A indisponibilidade tem impacto amplo e exige restauração imediata do serviço. O problema é que as mensagens enviadas para mim não aparecem. Conseguem verificar?,E-mail,Crítica,Suporte N1,recebimento
"Olá, a estação liga, mas não exibe vídeo. A ocorrência já compromete o trabalho de uma equipe inteira. Isso começou hoje.",Hardware,Alta,Suporte N1,video
Tenho uma ocorrência em que Diversas equipes não conseguem trabalhar por causa dessa indisponibilidade. O problema é que a impressora da rede deixou de responder. Isso começou hoje.,Impressora,Crítica,Infraestrutura,rede_impressao
"Olá, não consigo manter uma conexão estável no escritório. O problema está limitado a uma estação, mas interfere no trabalho diário.",Rede,Média,Infraestrutura,wifi
O computador faz ruído forte de ventilação e aquece. O impacto é pequeno neste momento e não existe urgência operacional.,Hardware,Baixa,Infraestrutura,temperatura
"Recebo mensagens pelo navegador, mas não no aplicativo. Uma pessoa não consegue concluir uma tarefa habitual por causa da ocorrência. Podem me ajudar?",E-mail,Média,Suporte N1,sincronizacao
"Estou com um problema: Grande parte da operação está parada e não existe alternativa disponível. O problema é que o documento foi enviado, mas nada foi impresso. Preciso de orientação.",Impressora,Crítica,Suporte N1,fila
Podem verificar? O antivírus detectou um arquivo suspeito. Diversas equipes não conseguem trabalhar por causa dessa indisponibilidade. Isso começou hoje.,Segurança,Crítica,Segurança,malware
"A caixa corporativa demora para atualizar. Existe uma alternativa funcionando, então a solicitação pode aguardar.",E-mail,Baixa,Suporte N1,sincronizacao
Tenho uma ocorrência em que Diversos usuários foram impactados e não há uma solução prática para o setor. O problema é que a estação não obtém conexão pelo cabo de rede. Conseguem verificar?,Rede,Alta,Infraestrutura,cabeada
Podem verificar? As mensagens enviadas para mim não aparecem. Um serviço essencial para a empresa ficou indisponível para muitos usuários. Isso começou hoje.,E-mail,Crítica,Suporte N1,recebimento
Preciso de ajuda: Um recurso foi modificado sem registro conhecido da equipe. A indisponibilidade tem impacto amplo e exige restauração imediata do serviço. Solicito análise.,Segurança,Crítica,Segurança,alteracao_nao_autorizada
"Olá, o acesso remoto apresenta erro de conexão. Uma atividade normal ficou prejudicada, embora ainda seja possível fazer outras tarefas. Podem me ajudar?",Rede,Média,Infraestrutura,vpn
"Olá, uma ferramenta autorizada precisa ser reinstalada. Existe uma alternativa funcionando, então a solicitação pode aguardar. Isso começou hoje.",Software,Baixa,Suporte N1,instalacao
Tenho uma ocorrência em que A ocorrência já compromete o trabalho de uma equipe inteira. O problema é que o conteúdo impresso apresenta defeitos visíveis. Conseguem verificar?,Impressora,Alta,Suporte N1,qualidade
"Olá, a senha expirou e não consigo continuar. A ocorrência já compromete o trabalho de uma equipe inteira.",Acesso,Alta,Suporte N1,senha
"Olá, o equipamento compartilhado não recebe trabalhos pela rede. A ocorrência interrompeu uma operação essencial em larga escala. Conseguem verificar?",Impressora,Crítica,Infraestrutura,rede_impressao
"Bom dia, O impacto é pequeno neste momento e não existe urgência operacional. O problema é que o scanner não é reconhecido pela estação. Solicito análise.",Impressora,Baixa,Suporte N1,scanner
"Pessoal, uma mensagem afirma que minha conta será bloqueada se eu não informar credenciais. A equipe está sem conseguir concluir uma operação necessária para o trabalho. Conseguem verificar?",Segurança,Alta,Segurança,phishing
Podem verificar? O equipamento desliga sozinho pouco depois de iniciar. Uma função importante para o setor ficou indisponível para várias pessoas.,Hardware,Alta,Suporte N1,energia
Preciso de ajuda: Uma regra da caixa está tratando mensagens de forma errada. Consigo continuar por outro caminho e isso não bloqueia minha rotina. Podem me ajudar?,E-mail,Baixa,Sistemas,regras
"Olá, o equipamento não permanece ligado. A equipe está sem conseguir concluir uma operação necessária para o trabalho. Podem me ajudar?",Hardware,Alta,Suporte N1,energia
Preciso de ajuda: Os computadores estão com dificuldade para acessar a internet. Isso está atrapalhando o trabalho de uma pessoa durante a rotina. Podem me ajudar?,Rede,Média,Infraestrutura,internet
Tenho uma ocorrência em que Só uma tarefa secundária foi afetada e tenho outra forma de realizá-la. O problema é que meu perfil não possui acesso a uma área necessária. Podem me ajudar?,Acesso,Baixa,Sistemas,permissao
"Podem verificar? O equipamento compartilhado não recebe trabalhos pela rede. Uma atividade normal ficou prejudicada, embora ainda seja possível fazer outras tarefas. Solicito análise.",Impressora,Média,Infraestrutura,rede_impressao
"Podem verificar? O notebook esquenta muito durante tarefas simples. Uma atividade normal ficou prejudicada, embora ainda seja possível fazer outras tarefas. Preciso de orientação.",Hardware,Média,Infraestrutura,temperatura
Podem verificar? A aplicação para de responder ao salvar informações. O impacto é pequeno neste momento e não existe urgência operacional. Podem me ajudar?,Software,Baixa,Suporte N1,aplicativo_fechando
Podem verificar? O computador não alcança um servidor interno. Um serviço essencial para a empresa ficou indisponível para muitos usuários. Conseguem verificar?,Rede,Crítica,Infraestrutura,recursos_rede
Preciso de ajuda: Depois da atualização algumas funções deixaram de funcionar. Um serviço essencial para a empresa ficou indisponível para muitos usuários.,Software,Crítica,Sistemas,atualizacao
"Pessoal, a estação perde a conexão sem fio de tempos em tempos. Muitos usuários estão impedidos de executar atividades críticas da empresa. Preciso de orientação.",Rede,Crítica,Infraestrutura,wifi
Estou com um problema: Várias pessoas do setor estão com o mesmo problema e uma atividade importante parou. O problema é que minha conta registra acesso em um horário em que eu não estava trabalhando. Isso começou hoje.,Segurança,Alta,Segurança,acesso_suspeito
"Olá, o conteúdo impresso apresenta defeitos visíveis. A indisponibilidade tem impacto amplo e exige restauração imediata do serviço. Podem me ajudar?",Impressora,Crítica,Suporte N1,qualidade
Podem verificar? O acesso foi bloqueado e preciso voltar a trabalhar. A ocorrência interrompeu uma operação essencial em larga escala. Preciso de orientação.,Acesso,Crítica,Suporte N1,bloqueio
"Pessoal, o sistema informa erro relacionado ao armazenamento. Diversas equipes não conseguem trabalhar por causa dessa indisponibilidade. Preciso de orientação.",Hardware,Crítica,Infraestrutura,armazenamento
"Pessoal, as pastas da conta não ficam disponíveis. É um incômodo pontual e o trabalho continua normalmente. Agradeço se puderem verificar.",E-mail,Baixa,Suporte N1,caixa
"Bom dia, Uma pessoa não consegue concluir uma tarefa habitual por causa da ocorrência. O problema é que uma regra automática deixou de organizar as mensagens. Podem me ajudar?",E-mail,Média,Sistemas,regras
O mouse falha durante o uso. Muitos usuários estão impedidos de executar atividades críticas da empresa. Isso começou hoje.,Hardware,Crítica,Suporte N1,perifericos
Preciso de ajuda: O envio de mensagens retorna erro. A equipe está sem conseguir concluir uma operação necessária para o trabalho.,E-mail,Alta,Suporte N1,envio
Uma mensagem permanece na caixa de saída. Consigo continuar por outro caminho e isso não bloqueia minha rotina. Solicito análise.,E-mail,Baixa,Suporte N1,envio
"Identificamos que a estação liga, mas não exibe vídeo. Isso está atrapalhando o trabalho de uma pessoa durante a rotina. Preciso de orientação.",Hardware,Média,Suporte N1,video
Tenho uma ocorrência em que Uma pessoa não consegue concluir uma tarefa habitual por causa da ocorrência. O problema é que minha conta não permite iniciar a sessão. Solicito análise.,Acesso,Média,Suporte N1,login
"Olá, o headset deixou de funcionar na estação. O problema afeta diversos usuários e precisa ser tratado com rapidez. Agradeço se puderem verificar.",Hardware,Alta,Suporte N1,perifericos
A máquina desliga quando fica quente. Uma função importante para o setor ficou indisponível para várias pessoas. Solicito análise.,Hardware,Alta,Infraestrutura,temperatura
"O envio de mensagens retorna erro. O problema está limitado a uma estação, mas interfere no trabalho diário. Isso começou hoje.",E-mail,Média,Suporte N1,envio
Estou com um problema: O problema afeta diversos usuários e precisa ser tratado com rapidez. O problema é que o computador não dá sinal ao apertar o botão de ligar. Isso começou hoje.,Hardware,Alta,Suporte N1,energia
"Olá, apareceu um programa no computador que eu nunca instalei. Uma pessoa não consegue concluir uma tarefa habitual por causa da ocorrência. Isso começou hoje.",Segurança,Média,Segurança,malware
Podem verificar? O computador conectado por cabo ficou sem acesso. O impacto é pequeno neste momento e não existe urgência operacional. Podem me ajudar?,Rede,Baixa,Infraestrutura,cabeada
Identificamos que o notebook não carrega mesmo conectado à energia. A ocorrência já compromete o trabalho de uma equipe inteira. Conseguem verificar?,Hardware,Alta,Suporte N1,energia
Tenho uma ocorrência em que Grande parte da operação está parada e não existe alternativa disponível. O problema é que uma regra da caixa está tratando mensagens de forma errada. Conseguem verificar?,E-mail,Crítica,Sistemas,regras
"Tenho uma ocorrência em que Uma atividade normal ficou prejudicada, embora ainda seja possível fazer outras tarefas. O problema é que o sinal está disponível, mas a máquina não consegue navegar. Preciso de orientação.",Rede,Média,Infraestrutura,wifi
Preciso de ajuda: As páginas estão saindo com falhas na impressão. Diversos usuários foram impactados e não há uma solução prática para o setor. Agradeço se puderem verificar.,Impressora,Alta,Suporte N1,qualidade
Tenho uma ocorrência em que É um incômodo pontual e o trabalho continua normalmente. O problema é que o sistema interno apresenta erro durante o cadastro. Preciso de orientação.,Software,Baixa,Sistemas,erp
Podem verificar? O aplicativo autenticador não aceita o código. O problema afeta diversos usuários e precisa ser tratado com rapidez. Conseguem verificar?,Acesso,Alta,Suporte N1,mfa
Estou com um problema: Muitos usuários estão impedidos de executar atividades críticas da empresa. O problema é que o sistema informa erro relacionado ao armazenamento. Agradeço se puderem verificar.,Hardware,Crítica,Infraestrutura,armazenamento
Tenho uma ocorrência em que É um incômodo pontual e o trabalho continua normalmente. O problema é que o leitor conectado à máquina não responde. Isso começou hoje.,Hardware,Baixa,Suporte N1,perifericos
"Pessoal, o perfil não permite executar a operação necessária. O usuário perdeu produtividade e precisa de suporte para continuar a atividade. Agradeço se puderem verificar.",Acesso,Média,Sistemas,permissao
"Bom dia, Diversos usuários foram impactados e não há uma solução prática para o setor. O problema é que o sistema pede troca de senha mas o processo falha. Conseguem verificar?",Acesso,Alta,Suporte N1,senha
"Olá, a webcam não é detectada pelo computador. Várias pessoas do setor estão com o mesmo problema e uma atividade importante parou. Isso começou hoje.",Hardware,Alta,Suporte N1,perifericos
Estou com um problema: Só uma tarefa secundária foi afetada e tenho outra forma de realizá-la. O problema é que o computador só liga depois de várias tentativas. Podem me ajudar?,Hardware,Baixa,Suporte N1,energia
"A função de digitalização não aparece no computador. Existe uma alternativa funcionando, então a solicitação pode aguardar. Agradeço se puderem verificar.",Impressora,Baixa,Suporte N1,scanner
"Pessoal, o mouse falha durante o uso. Só uma tarefa secundária foi afetada e tenho outra forma de realizá-la. Solicito análise.",Hardware,Baixa,Suporte N1,perifericos
Identificamos que as páginas estão saindo com falhas na impressão. Consigo continuar por outro caminho e isso não bloqueia minha rotina. Isso começou hoje.,Impressora,Baixa,Suporte N1,qualidade
O ponto de rede da mesa não está funcionando. Várias pessoas do setor estão com o mesmo problema e uma atividade importante parou. Solicito análise.,Rede,Alta,Infraestrutura,cabeada
"Pessoal, há sessões na minha conta que eu não iniciei. Uma pessoa não consegue concluir uma tarefa habitual por causa da ocorrência.",Segurança,Média,Segurança,acesso_suspeito
"Bom dia, Consigo continuar por outro caminho e isso não bloqueia minha rotina. O problema é que a conexão sem fio cai várias vezes. Conseguem verificar?",Rede,Baixa,Infraestrutura,wifi
"Olá, há falhas frequentes ao salvar arquivos na máquina. A equipe está sem conseguir concluir uma operação necessária para o trabalho. Preciso de orientação.",Hardware,Alta,Infraestrutura,armazenamento
"Bom dia, Existe uma alternativa funcionando, então a solicitação pode aguardar. O problema é que a aplicação encerra ao executar uma tarefa.",Software,Baixa,Suporte N1,aplicativo_fechando
Identificamos que o sistema corporativo não conclui o lançamento. Isso está atrapalhando o trabalho de uma pessoa durante a rotina. Preciso de orientação.,Software,Média,Sistemas,erp
Preciso de ajuda: A instalação de uma ferramenta corporativa falha. Muitos usuários estão impedidos de executar atividades críticas da empresa.,Software,Crítica,Sistemas,instalacao
"Bom dia, O problema está limitado a uma estação, mas interfere no trabalho diário. O problema é que não consigo confirmar o segundo fator de acesso. Isso começou hoje.",Acesso,Média,Suporte N1,mfa
Preciso de ajuda: O usuário ficou impedido de iniciar sessão. Isso está atrapalhando o trabalho de uma pessoa durante a rotina. Agradeço se puderem verificar.,Acesso,Média,Suporte N1,bloqueio
"Pessoal, o sistema interno apresenta erro durante o cadastro. Um serviço essencial para a empresa ficou indisponível para muitos usuários. Solicito análise.",Software,Crítica,Sistemas,erp
"Pessoal, não consigo mandar e-mails para outros usuários. Diversas equipes não conseguem trabalhar por causa dessa indisponibilidade. Solicito análise.",E-mail,Crítica,Suporte N1,envio
"Olá, a conta não permite novas tentativas de autenticação. Existe uma alternativa funcionando, então a solicitação pode aguardar. Podem me ajudar?",Acesso,Baixa,Suporte N1,bloqueio
Preciso de ajuda: O teclado parou de responder em algumas teclas. Não há atividade parada; preciso apenas que seja verificado quando possível. Conseguem verificar?,Hardware,Baixa,Suporte N1,perifericos
Identificamos que a etapa adicional de autenticação está falhando. Uma função importante para o setor ficou indisponível para várias pessoas. Solicito análise.,Acesso,Alta,Suporte N1,mfa
"Pessoal, surgiram janelas e processos que o usuário não reconhece. Não há atividade parada; preciso apenas que seja verificado quando possível. Agradeço se puderem verificar.",Segurança,Baixa,Segurança,comportamento_suspeito
Podem verificar? A autenticação não conclui quando tento acessar. O impacto é pequeno neste momento e não existe urgência operacional. Agradeço se puderem verificar.,Acesso,Baixa,Suporte N1,login
"Bom dia, Só uma tarefa secundária foi afetada e tenho outra forma de realizá-la. O problema é que a impressora da rede deixou de responder. Podem me ajudar?",Impressora,Baixa,Suporte N1,rede_impressao
"Pessoal, a fila acumula documentos sem processá-los. A indisponibilidade tem impacto amplo e exige restauração imediata do serviço. Podem me ajudar?",Impressora,Crítica,Suporte N1,fila
"Pessoal, o processo automático entre os sistemas parou. Uma função importante para o setor ficou indisponível para várias pessoas. Solicito análise.",Software,Alta,Sistemas,integracao
Tenho uma ocorrência em que A ocorrência interrompeu uma operação essencial em larga escala. O problema é que o teclado parou de responder em algumas teclas. Preciso de orientação.,Hardware,Crítica,Suporte N1,perifericos
"Identificamos que um programa necessário não abre depois da instalação. Uma atividade normal ficou prejudicada, embora ainda seja possível fazer outras tarefas.",Software,Média,Suporte N1,instalacao
Podem verificar? A estação perdeu alimentação durante o expediente. Uma pessoa não consegue concluir uma tarefa habitual por causa da ocorrência. Isso começou hoje.,Hardware,Média,Suporte N1,energia
"Pessoal, o antivírus detectou um arquivo suspeito. Várias pessoas do setor estão com o mesmo problema e uma atividade importante parou. Agradeço se puderem verificar.",Segurança,Alta,Segurança,malware
"Identificamos que tenho acesso ao sistema, mas não ao recurso que preciso. A ocorrência já compromete o trabalho de uma equipe inteira.",Acesso,Alta,Sistemas,permissao
"Bom dia, Muitos usuários estão impedidos de executar atividades críticas da empresa. O problema é que não conseguimos localizar a impressora compartilhada. Solicito análise.",Impressora,Crítica,Infraestrutura,rede_impressao
Preciso de ajuda: A estação fica muito quente e perde desempenho. Várias pessoas do setor estão com o mesmo problema e uma atividade importante parou. Preciso de orientação.,Hardware,Alta,Infraestrutura,temperatura
Podem verificar? Apareceu uma autenticação de um dispositivo desconhecido. A equipe está sem conseguir concluir uma operação necessária para o trabalho.,Segurança,Alta,Segurança,acesso_suspeito
"Pessoal, o código de autenticação não chega ao meu dispositivo. A ocorrência interrompeu uma operação essencial em larga escala. Agradeço se puderem verificar.",Acesso,Crítica,Suporte N1,mfa
Uma tela do sistema de gestão não carrega. Muitos usuários estão impedidos de executar atividades críticas da empresa. Preciso de orientação.,Software,Crítica,Sistemas,erp
Identificamos que recebi uma mensagem pedindo para confirmar minha senha em um link. Não há atividade parada; preciso apenas que seja verificado quando possível.,Segurança,Baixa,Segurança,phishing
Identificamos que a impressora da rede deixou de responder. Muitos usuários estão impedidos de executar atividades críticas da empresa. Conseguem verificar?,Impressora,Crítica,Infraestrutura,rede_impressao
"Pessoal, apareceu um programa no computador que eu nunca instalei. A ocorrência interrompeu uma operação essencial em larga escala.",Segurança,Crítica,Segurança,malware
"Podem verificar? O usuário aparece como bloqueado no sistema. Existe uma alternativa funcionando, então a solicitação pode aguardar. Agradeço se puderem verificar.",Acesso,Baixa,Suporte N1,bloqueio
"Olá, não consigo fazer login no ambiente de trabalho. Isso está atrapalhando o trabalho de uma pessoa durante a rotina. Podem me ajudar?",Acesso,Média,Suporte N1,login
O sistema rejeita minhas credenciais mesmo estando corretas. Várias pessoas do setor estão com o mesmo problema e uma atividade importante parou. Conseguem verificar?,Acesso,Alta,Suporte N1,login
Tenho uma ocorrência em que O problema afeta diversos usuários e precisa ser tratado com rapidez. O problema é que dois sistemas deixaram de trocar informações.,Software,Alta,Sistemas,integracao
"Preciso de ajuda: O computador faz ruído forte de ventilação e aquece. O problema está limitado a uma estação, mas interfere no trabalho diário. Conseguem verificar?",Hardware,Média,Infraestrutura,temperatura
"Identificamos que não consigo enviar o documento digitalizado para o computador. O problema está limitado a uma estação, mas interfere no trabalho diário. Conseguem verificar?",Impressora,Média,Suporte N1,scanner
"Identificamos que o programa deixa de responder depois de alguns minutos. Uma atividade normal ficou prejudicada, embora ainda seja possível fazer outras tarefas. Agradeço se puderem verificar.",Software,Média,Suporte N1,aplicativo_fechando
Estou com um problema: O impacto é pequeno neste momento e não existe urgência operacional. O problema é que o sistema corporativo não conclui o lançamento. Solicito análise.,Software,Baixa,Sistemas,erp
Estou com um problema: Muitos usuários estão impedidos de executar atividades críticas da empresa. O problema é que o aplicativo mostra erro ao acessar minha caixa. Agradeço se puderem verificar.,E-mail,Crítica,Suporte N1,caixa
"Identificamos que recebo mensagens pelo navegador, mas não no aplicativo. Não há atividade parada; preciso apenas que seja verificado quando possível. Conseguem verificar?",E-mail,Baixa,Suporte N1,sincronizacao
Um dispositivo usb não é reconhecido. A equipe está sem conseguir concluir uma operação necessária para o trabalho. Solicito análise.,Hardware,Alta,Suporte N1,perifericos
Podem verificar? Não consigo digitalizar documentos no equipamento. Grande parte da operação está parada e não existe alternativa disponível. Solicito análise.,Impressora,Crítica,Suporte N1,scanner
Identificamos que a estação não consegue acessar uma pasta compartilhada. Não há atividade parada; preciso apenas que seja verificado quando possível. Podem me ajudar?,Rede,Baixa,Infraestrutura,recursos_rede
Preciso de ajuda: A aplicação encerra ao executar uma tarefa. Só uma tarefa secundária foi afetada e tenho outra forma de realizá-la. Preciso de orientação.,Software,Baixa,Suporte N1,aplicativo_fechando
Identificamos que a fila acumula documentos sem processá-los. É um incômodo pontual e o trabalho continua normalmente. Solicito análise.,Impressora,Baixa,Suporte N1,fila
"Estou com um problema: Consigo continuar por outro caminho e isso não bloqueia minha rotina. O problema é que mandei imprimir, mas o documento ficou parado na fila.",Impressora,Baixa,Suporte N1,fila
"Olá, o notebook não carrega mesmo conectado à energia. Um serviço essencial para a empresa ficou indisponível para muitos usuários. Solicito análise.",Hardware,Crítica,Suporte N1,energia
Preciso de ajuda: O equipamento não permanece ligado. Um serviço essencial para a empresa ficou indisponível para muitos usuários.,Hardware,Crítica,Suporte N1,energia
"Bom dia, Isso está atrapalhando o trabalho de uma pessoa durante a rotina. O problema é que as mensagens enviadas para mim não aparecem.",E-mail,Média,Suporte N1,recebimento
"Estou com um problema: Existe uma alternativa funcionando, então a solicitação pode aguardar. O problema é que o computador parece iniciar normalmente, porém nada aparece na tela. Isso começou hoje.",Hardware,Baixa,Suporte N1,video
Estou com um problema: A ocorrência interrompeu uma operação essencial em larga escala. O problema é que o sistema pede troca de senha mas o processo falha. Solicito análise.,Acesso,Crítica,Suporte N1,senha
"O documento foi enviado, mas nada foi impresso. Consigo continuar por outro caminho e isso não bloqueia minha rotina. Conseguem verificar?",Impressora,Baixa,Suporte N1,fila
Estou com um problema: Uma função importante para o setor ficou indisponível para várias pessoas. O problema é que a impressora da rede deixou de responder. Preciso de orientação.,Impressora,Alta,Infraestrutura,rede_impressao
Identificamos que o aplicativo foi instalado mas não inicia. É um incômodo pontual e o trabalho continua normalmente. Isso começou hoje.,Software,Baixa,Suporte N1,instalacao
"Bom dia, Várias pessoas do setor estão com o mesmo problema e uma atividade importante parou. O problema é que a instalação de uma ferramenta corporativa falha. Solicito análise.",Software,Alta,Sistemas,instalacao
Identificamos que minha senha deixou de ser aceita. Uma pessoa não consegue concluir uma tarefa habitual por causa da ocorrência.,Acesso,Média,Suporte N1,senha
Podem verificar? O acesso aos serviços internos está intermitente. A equipe está sem conseguir concluir uma operação necessária para o trabalho. Agradeço se puderem verificar.,Rede,Alta,Infraestrutura,recursos_rede
"Olá, não recebo e-mails de determinados remetentes. A rotina individual está comprometida, porém o restante da equipe segue trabalhando. Isso começou hoje.",E-mail,Média,Suporte N1,recebimento
Recebi confirmação de acesso que não fui eu quem realizou. A ocorrência já compromete o trabalho de uma equipe inteira. Agradeço se puderem verificar.,Segurança,Alta,Segurança,acesso_suspeito
"O notebook liga, mas a tela permanece apagada. Consigo continuar por outro caminho e isso não bloqueia minha rotina. Podem me ajudar?",Hardware,Baixa,Suporte N1,video
A digitalização falha antes de salvar o arquivo. A ocorrência interrompeu uma operação essencial em larga escala. Preciso de orientação.,Impressora,Crítica,Suporte N1,scanner
Uma configuração foi modificada sem autorização. Um serviço essencial para a empresa ficou indisponível para muitos usuários. Isso começou hoje.,Segurança,Crítica,Segurança,alteracao_nao_autorizada
A estação perdeu alimentação durante o expediente. O problema afeta diversos usuários e precisa ser tratado com rapidez.,Hardware,Alta,Suporte N1,energia
O computador só liga depois de várias tentativas. Várias pessoas do setor estão com o mesmo problema e uma atividade importante parou. Agradeço se puderem verificar.,Hardware,Alta,Suporte N1,energia
Preciso de ajuda: O computador apresenta erros ao abrir arquivos locais. Consigo continuar por outro caminho e isso não bloqueia minha rotina. Isso começou hoje.,Hardware,Baixa,Suporte N1,armazenamento
"Identificamos que o computador só liga depois de várias tentativas. A rotina individual está comprometida, porém o restante da equipe segue trabalhando.",Hardware,Média,Suporte N1,energia
O software apresenta erro ao concluir a configuração. Consigo continuar por outro caminho e isso não bloqueia minha rotina. Preciso de orientação.,Software,Baixa,Suporte N1,instalacao
Identificamos que a caixa parece não receber novas mensagens. A ocorrência interrompeu uma operação essencial em larga escala.,E-mail,Crítica,Suporte N1,recebimento
"Olá, a estação não consegue acessar uma pasta compartilhada. O problema afeta diversos usuários e precisa ser tratado com rapidez. Preciso de orientação.",Rede,Alta,Infraestrutura,recursos_rede
Informações apareceram alteradas e ninguém da equipe realizou a mudança. Grande parte da operação está parada e não existe alternativa disponível. Solicito análise.,Segurança,Crítica,Segurança,alteracao_nao_autorizada
"Olá, o filtro configurado não está sendo aplicado. Um serviço essencial para a empresa ficou indisponível para muitos usuários. Agradeço se puderem verificar.",E-mail,Crítica,Sistemas,regras
Um programa necessário não abre depois da instalação. O problema afeta diversos usuários e precisa ser tratado com rapidez. Agradeço se puderem verificar.,Software,Alta,Sistemas,instalacao
"Podem verificar? Minha senha deixou de ser aceita. Uma atividade normal ficou prejudicada, embora ainda seja possível fazer outras tarefas. Solicito análise.",Acesso,Média,Suporte N1,senha
"Bom dia, Diversos usuários foram impactados e não há uma solução prática para o setor. O problema é que consigo entrar no sistema, mas uma função não aparece para mim. Solicito análise.",Acesso,Alta,Sistemas,permissao
"Bom dia, A ocorrência já compromete o trabalho de uma equipe inteira. O problema é que a conexão com a internet está oscilando. Podem me ajudar?",Rede,Alta,Infraestrutura,internet
Identificamos que o usuário ficou impedido de iniciar sessão. Um serviço essencial para a empresa ficou indisponível para muitos usuários. Solicito análise.,Acesso,Crítica,Suporte N1,bloqueio
"Olá, o envio de mensagens retorna erro. Isso está atrapalhando o trabalho de uma pessoa durante a rotina. Podem me ajudar?",E-mail,Média,Suporte N1,envio
Podem verificar? O cliente de e-mail não sincroniza as mensagens. É um incômodo pontual e o trabalho continua normalmente.,E-mail,Baixa,Suporte N1,sincronizacao
"Pessoal, a máquina apresenta atividades estranhas mesmo sem uso. O usuário perdeu produtividade e precisa de suporte para continuar a atividade. Podem me ajudar?",Segurança,Média,Segurança,comportamento_suspeito
"Preciso de ajuda: As folhas saem com qualidade muito ruim. Existe uma alternativa funcionando, então a solicitação pode aguardar. Conseguem verificar?",Impressora,Baixa,Suporte N1,qualidade
"Pessoal, chegou um e-mail estranho solicitando meus dados de acesso. Muitos usuários estão impedidos de executar atividades críticas da empresa. Preciso de orientação.",Segurança,Crítica,Segurança,phishing
"Olá, informações registradas em um sistema não chegam ao outro. A ocorrência já compromete o trabalho de uma equipe inteira. Solicito análise.",Software,Alta,Sistemas,integracao
Preciso de ajuda: Chegou um e-mail estranho solicitando meus dados de acesso. Várias pessoas do setor estão com o mesmo problema e uma atividade importante parou.,Segurança,Alta,Segurança,phishing
Podem verificar? E-mails externos não estão chegando à conta. Uma função importante para o setor ficou indisponível para várias pessoas. Preciso de orientação.,E-mail,Alta,Suporte N1,recebimento
"Bom dia, Só uma tarefa secundária foi afetada e tenho outra forma de realizá-la. O problema é que as folhas saem com qualidade muito ruim. Agradeço se puderem verificar.",Impressora,Baixa,Suporte N1,qualidade
"Preciso de ajuda: O mouse falha durante o uso. Existe uma alternativa funcionando, então a solicitação pode aguardar. Podem me ajudar?",Hardware,Baixa,Suporte N1,perifericos
"Não consigo chegar aos recursos internos trabalhando de casa. Existe uma alternativa funcionando, então a solicitação pode aguardar. Solicito análise.",Rede,Baixa,Infraestrutura,vpn
Preciso de ajuda: Uma mensagem permanece na caixa de saída. Diversos usuários foram impactados e não há uma solução prática para o setor. Agradeço se puderem verificar.,E-mail,Alta,Suporte N1,envio
Tenho uma ocorrência em que A indisponibilidade tem impacto amplo e exige restauração imediata do serviço. O problema é que o serviço de e-mail falha quando tento enviar. Isso começou hoje.,E-mail,Crítica,Suporte N1,envio
Tenho uma ocorrência em que É um incômodo pontual e o trabalho continua normalmente. O problema é que o computador não alcança um servidor interno. Conseguem verificar?,Rede,Baixa,Infraestrutura,recursos_rede
Podem verificar? Uma regra automática deixou de organizar as mensagens. Grande parte da operação está parada e não existe alternativa disponível. Agradeço se puderem verificar.,E-mail,Crítica,Sistemas,regras
Tenho uma ocorrência em que O usuário perdeu produtividade e precisa de suporte para continuar a atividade. O problema é que o usuário aparece como bloqueado no sistema. Isso começou hoje.,Acesso,Média,Suporte N1,bloqueio
"Pessoal, o equipamento não aceita novos trabalhos de impressão. Diversos usuários foram impactados e não há uma solução prática para o setor. Preciso de orientação.",Impressora,Alta,Suporte N1,offline
Tenho uma ocorrência em que A ocorrência já compromete o trabalho de uma equipe inteira. O problema é que as pastas da conta não ficam disponíveis. Solicito análise.,E-mail,Alta,Segurança,caixa
Tenho uma ocorrência em que Muitos usuários estão impedidos de executar atividades críticas da empresa. O problema é que o equipamento desliga sozinho pouco depois de iniciar. Agradeço se puderem verificar.,Hardware,Crítica,Suporte N1,energia
Identificamos que a aplicação para de responder ao salvar informações. É um incômodo pontual e o trabalho continua normalmente. Solicito análise.,Software,Baixa,Suporte N1,aplicativo_fechando
"Pessoal, a conta não permite novas tentativas de autenticação. Várias pessoas do setor estão com o mesmo problema e uma atividade importante parou. Preciso de orientação.",Acesso,Alta,Suporte N1,bloqueio
Identificamos que preciso redefinir a senha da conta. O usuário perdeu produtividade e precisa de suporte para continuar a atividade. Agradeço se puderem verificar.,Acesso,Média,Suporte N1,senha
Podem verificar? A caixa corporativa apresenta falha ao carregar. O problema afeta diversos usuários e precisa ser tratado com rapidez.,E-mail,Alta,Suporte N1,caixa
Podem verificar? O computador faz ruído forte de ventilação e aquece. Um serviço essencial para a empresa ficou indisponível para muitos usuários. Solicito análise.,Hardware,Crítica,Infraestrutura,temperatura
Estou com um problema: A ocorrência interrompeu uma operação essencial em larga escala. O problema é que o equipamento apresenta aquecimento fora do normal. Preciso de orientação.,Hardware,Crítica,Infraestrutura,temperatura
"Pessoal, o computador apresenta erros ao abrir arquivos locais. Não há atividade parada; preciso apenas que seja verificado quando possível. Podem me ajudar?",Hardware,Baixa,Suporte N1,armazenamento
Identificamos que há sessões na minha conta que eu não iniciei. O problema afeta diversos usuários e precisa ser tratado com rapidez. Conseguem verificar?,Segurança,Alta,Segurança,acesso_suspeito
Preciso de ajuda: Uma atualização deixou a aplicação instável. Uma função importante para o setor ficou indisponível para várias pessoas. Isso começou hoje.,Software,Alta,Sistemas,atualizacao
O equipamento compartilhado não recebe trabalhos pela rede. Grande parte da operação está parada e não existe alternativa disponível. Agradeço se puderem verificar.,Impressora,Crítica,Infraestrutura,rede_impressao
"Olá, a organização automática das mensagens falhou. Muitos usuários estão impedidos de executar atividades críticas da empresa.",E-mail,Crítica,Sistemas,regras
"Olá, um dispositivo USB não é reconhecido. A indisponibilidade tem impacto amplo e exige restauração imediata do serviço.",Hardware,Crítica,Suporte N1,perifericos
"Preciso de ajuda: Uma mensagem suspeita tenta me levar a uma página de login. A rotina individual está comprometida, porém o restante da equipe segue trabalhando. Solicito análise.",Segurança,Média,Segurança,phishing
"Bom dia, Diversos usuários foram impactados e não há uma solução prática para o setor. O problema é que o equipamento de impressão aparece indisponível.",Impressora,Alta,Suporte N1,offline
"Pessoal, a aplicação encerra ao executar uma tarefa. O usuário perdeu produtividade e precisa de suporte para continuar a atividade. Agradeço se puderem verificar.",Software,Média,Suporte N1,aplicativo_fechando
"Estou com um problema: Existe uma alternativa funcionando, então a solicitação pode aguardar. O problema é que houve uma mudança inesperada em dados corporativos. Isso começou hoje.",Segurança,Baixa,Sistemas,alteracao_nao_autorizada
"Olá, não consigo digitalizar documentos no equipamento. Uma atividade normal ficou prejudicada, embora ainda seja possível fazer outras tarefas. Preciso de orientação.",Impressora,Média,Suporte N1,scanner
Preciso de ajuda: O conteúdo impresso apresenta defeitos visíveis. O impacto é pequeno neste momento e não existe urgência operacional. Podem me ajudar?,Impressora,Baixa,Suporte N1,qualidade
"Bom dia, Só uma tarefa secundária foi afetada e tenho outra forma de realizá-la. O problema é que a máquina inicia sem mostrar imagem. Agradeço se puderem verificar.",Hardware,Baixa,Suporte N1,video
Tenho uma ocorrência em que O impacto é pequeno neste momento e não existe urgência operacional. O problema é que o aplicativo foi instalado mas não inicia. Podem me ajudar?,Software,Baixa,Suporte N1,instalacao
Estou com um problema: Várias pessoas do setor estão com o mesmo problema e uma atividade importante parou. O problema é que a máquina acessa a internet mas não os recursos internos. Solicito análise.,Rede,Alta,Infraestrutura,recursos_rede
A aplicação encerra ao executar uma tarefa. Diversas equipes não conseguem trabalhar por causa dessa indisponibilidade.,Software,Crítica,Suporte N1,aplicativo_fechando
"Olá, preciso consultar uma tela e recebo aviso de permissão. O problema está limitado a uma estação, mas interfere no trabalho diário. Agradeço se puderem verificar.",Acesso,Média,Sistemas,permissao
Dois sistemas deixaram de trocar informações. Diversos usuários foram impactados e não há uma solução prática para o setor. Preciso de orientação.,Software,Alta,Sistemas,integracao
"Podem verificar? Tenho acesso ao sistema, mas não ao recurso que preciso. A equipe está sem conseguir concluir uma operação necessária para o trabalho. Solicito análise.",Acesso,Alta,Sistemas,permissao
Preciso de ajuda: A verificação em duas etapas não conclui. Uma função importante para o setor ficou indisponível para várias pessoas. Conseguem verificar?,Acesso,Alta,Suporte N1,mfa
"Tenho uma ocorrência em que O problema está limitado a uma estação, mas interfere no trabalho diário. O problema é que o dispositivo de impressão perdeu comunicação com as estações. Podem me ajudar?",Impressora,Média,Infraestrutura,rede_impressao
Identificamos que a caixa corporativa apresenta falha ao carregar. Grande parte da operação está parada e não existe alternativa disponível. Preciso de orientação.,E-mail,Crítica,Suporte N1,caixa
Preciso de ajuda: O software apresenta erro ao concluir a configuração. Diversos usuários foram impactados e não há uma solução prática para o setor. Isso começou hoje.,Software,Alta,Sistemas,instalacao
"Pessoal, recebi aviso de login que não reconheço. Diversos usuários foram impactados e não há uma solução prática para o setor. Preciso de orientação.",Segurança,Alta,Segurança,acesso_suspeito
Não recebo a confirmação necessária para entrar. Um serviço essencial para a empresa ficou indisponível para muitos usuários. Conseguem verificar?,Acesso,Crítica,Segurança,mfa
A conexão fica indo e voltando durante o expediente. A equipe está sem conseguir concluir uma operação necessária para o trabalho.,Rede,Alta,Infraestrutura,wifi
Tenho uma ocorrência em que Isso está atrapalhando o trabalho de uma pessoa durante a rotina. O problema é que a autenticação não conclui quando tento acessar. Isso começou hoje.,Acesso,Média,Suporte N1,login
"Pessoal, minha conta registra acesso em um horário em que eu não estava trabalhando. Uma função importante para o setor ficou indisponível para várias pessoas. Conseguem verificar?",Segurança,Alta,Segurança,acesso_suspeito
"Olá, consigo entrar no sistema, mas uma função não aparece para mim. O problema afeta diversos usuários e precisa ser tratado com rapidez. Podem me ajudar?",Acesso,Alta,Sistemas,permissao
"Identificamos que o sistema rejeita minhas credenciais mesmo estando corretas. A rotina individual está comprometida, porém o restante da equipe segue trabalhando. Preciso de orientação.",Acesso,Média,Suporte N1,login
"Identificamos que o ponto de rede da mesa não está funcionando. A rotina individual está comprometida, porém o restante da equipe segue trabalhando. Isso começou hoje.",Rede,Média,Infraestrutura,cabeada
"Olá, um compartilhamento corporativo ficou inacessível. Consigo continuar por outro caminho e isso não bloqueia minha rotina.",Rede,Baixa,Infraestrutura,recursos_rede
"Olá, o encaminhamento automático parou de funcionar. É um incômodo pontual e o trabalho continua normalmente. Preciso de orientação.",E-mail,Baixa,Sistemas,regras
Estou com um problema: Uma pessoa não consegue concluir uma tarefa habitual por causa da ocorrência. O problema é que informações apareceram alteradas e ninguém da equipe realizou a mudança. Agradeço se puderem verificar.,Segurança,Média,Segurança,alteracao_nao_autorizada
Estou com um problema: Um serviço essencial para a empresa ficou indisponível para muitos usuários. O problema é que o envio de mensagens retorna erro. Agradeço se puderem verificar.,E-mail,Crítica,Suporte N1,envio
"Bom dia, Várias pessoas do setor estão com o mesmo problema e uma atividade importante parou. O problema é que uma atualização deixou a aplicação instável. Conseguem verificar?",Software,Alta,Sistemas,atualizacao
"Pessoal, os computadores estão com dificuldade para acessar a internet. O problema está limitado a uma estação, mas interfere no trabalho diário. Solicito análise.",Rede,Média,Infraestrutura,internet
Tenho uma ocorrência em que O usuário perdeu produtividade e precisa de suporte para continuar a atividade. O problema é que o equipamento passou a apresentar comportamento incomum. Preciso de orientação.,Segurança,Média,Segurança,comportamento_suspeito
"Olá, depois da atualização algumas funções deixaram de funcionar. A equipe está sem conseguir concluir uma operação necessária para o trabalho. Podem me ajudar?",Software,Alta,Sistemas,atualizacao
"Bom dia, Grande parte da operação está parada e não existe alternativa disponível. O problema é que as mensagens novas não aparecem no aplicativo de e-mail. Preciso de orientação.",E-mail,Crítica,Suporte N1,sincronizacao
Preciso de ajuda: Preciso redefinir a senha da conta. Diversas equipes não conseguem trabalhar por causa dessa indisponibilidade.,Acesso,Crítica,Suporte N1,senha
"Bom dia, Diversas equipes não conseguem trabalhar por causa dessa indisponibilidade. O problema é que o sistema rejeita minhas credenciais mesmo estando corretas. Podem me ajudar?",Acesso,Crítica,Suporte N1,login
"Bom dia, Uma atividade normal ficou prejudicada, embora ainda seja possível fazer outras tarefas. O problema é que uma mensagem permanece na caixa de saída. Preciso de orientação.",E-mail,Média,Suporte N1,envio
Identificamos que a caixa de entrada parou de atualizar. O usuário perdeu produtividade e precisa de suporte para continuar a atividade. Solicito análise.,E-mail,Média,Suporte N1,sincronizacao
"Bom dia, Existe uma alternativa funcionando, então a solicitação pode aguardar. O problema é que o dispositivo de impressão ficou inacessível. Preciso de orientação.",Impressora,Baixa,Suporte N1,offline
Identificamos que os arquivos enviados para impressão não avançam. Um serviço essencial para a empresa ficou indisponível para muitos usuários.,Impressora,Crítica,Suporte N1,fila
Tenho uma ocorrência em que Uma função importante para o setor ficou indisponível para várias pessoas. O problema é que o equipamento multifuncional não conclui o escaneamento. Agradeço se puderem verificar.,Impressora,Alta,Suporte N1,scanner
"Estou com um problema: Existe uma alternativa funcionando, então a solicitação pode aguardar. O problema é que não conseguimos localizar a impressora compartilhada.",Impressora,Baixa,Suporte N1,rede_impressao
"Bom dia, Diversos usuários foram impactados e não há uma solução prática para o setor. O problema é que recebi uma mensagem pedindo para confirmar minha senha em um link. Isso começou hoje.",Segurança,Alta,Segurança,phishing
"Pessoal, preciso consultar uma tela e recebo aviso de permissão. A equipe está sem conseguir concluir uma operação necessária para o trabalho. Podem me ajudar?",Acesso,Alta,Sistemas,permissao
"Bom dia, A ocorrência interrompeu uma operação essencial em larga escala. O problema é que a estação perdeu alimentação durante o expediente. Agradeço se puderem verificar.",Hardware,Crítica,Suporte N1,energia
Podem verificar? A credencial atual não está sendo reconhecida. Um serviço essencial para a empresa ficou indisponível para muitos usuários. Isso começou hoje.,Acesso,Crítica,Suporte N1,senha
Estou com um problema: O problema afeta diversos usuários e precisa ser tratado com rapidez. O problema é que a caixa parece não receber novas mensagens. Podem me ajudar?,E-mail,Alta,Suporte N1,recebimento
Tenho uma ocorrência em que A indisponibilidade tem impacto amplo e exige restauração imediata do serviço. O problema é que os computadores estão com dificuldade para acessar a internet. Conseguem verificar?,Rede,Crítica,Infraestrutura,internet
"Bom dia, O impacto é pequeno neste momento e não existe urgência operacional. O problema é que a estação informa que o equipamento não está conectado. Conseguem verificar?",Impressora,Baixa,Suporte N1,offline
Preciso de ajuda: O equipamento desliga sozinho pouco depois de iniciar. Só uma tarefa secundária foi afetada e tenho outra forma de realizá-la. Isso começou hoje.,Hardware,Baixa,Suporte N1,energia
"Bom dia, Uma função importante para o setor ficou indisponível para várias pessoas. O problema é que a webcam não é detectada pelo computador. Podem me ajudar?",Hardware,Alta,Suporte N1,perifericos
Estou com um problema: A equipe está sem conseguir concluir uma operação necessária para o trabalho. O problema é que não consigo confirmar o segundo fator de acesso.,Acesso,Alta,Suporte N1,mfa
"Pessoal, o equipamento compartilhado não recebe trabalhos pela rede. Consigo continuar por outro caminho e isso não bloqueia minha rotina. Isso começou hoje.",Impressora,Baixa,Suporte N1,rede_impressao
Preciso de ajuda: Minha conta ficou bloqueada depois de algumas tentativas. Grande parte da operação está parada e não existe alternativa disponível. Solicito análise.,Acesso,Crítica,Suporte N1,bloqueio
"Estou com um problema: Não há atividade parada; preciso apenas que seja verificado quando possível. O problema é que o sinal está disponível, mas a máquina não consegue navegar. Podem me ajudar?",Rede,Baixa,Infraestrutura,wifi
"Apareceu um programa no computador que eu nunca instalei. Uma atividade normal ficou prejudicada, embora ainda seja possível fazer outras tarefas. Conseguem verificar?",Segurança,Média,Segurança,malware
"Identificamos que a nova versão do programa não abre corretamente. A rotina individual está comprometida, porém o restante da equipe segue trabalhando.",Software,Média,Sistemas,atualizacao
"Podem verificar? Dois sistemas deixaram de trocar informações. Uma atividade normal ficou prejudicada, embora ainda seja possível fazer outras tarefas. Podem me ajudar?",Software,Média,Sistemas,integracao
Identificamos que o envio de mensagens retorna erro. É um incômodo pontual e o trabalho continua normalmente. Agradeço se puderem verificar.,E-mail,Baixa,Suporte N1,envio
Podem verificar? Uma funcionalidade está indisponível apenas para meu usuário. Grande parte da operação está parada e não existe alternativa disponível. Agradeço se puderem verificar.,Acesso,Crítica,Sistemas,permissao
"Olá, o usuário aparece como bloqueado no sistema. Uma função importante para o setor ficou indisponível para várias pessoas. Solicito análise.",Acesso,Alta,Suporte N1,bloqueio
"Bom dia, A indisponibilidade tem impacto amplo e exige restauração imediata do serviço. O problema é que recebi confirmação de acesso que não fui eu quem realizou. Isso começou hoje.",Segurança,Crítica,Segurança,acesso_suspeito
"Pessoal, o programa corporativo não funciona após ser configurado. O problema está limitado a uma estação, mas interfere no trabalho diário. Agradeço se puderem verificar.",Software,Média,Suporte N1,instalacao
A impressão fica pendente indefinidamente. Só uma tarefa secundária foi afetada e tenho outra forma de realizá-la. Podem me ajudar?,Impressora,Baixa,Suporte N1,fila
Estou com um problema: A ocorrência já compromete o trabalho de uma equipe inteira. O problema é que o encaminhamento automático parou de funcionar. Podem me ajudar?,E-mail,Alta,Sistemas,regras
Preciso de ajuda: O acesso à internet parou em parte do ambiente. Diversos usuários foram impactados e não há uma solução prática para o setor. Preciso de orientação.,Rede,Alta,Infraestrutura,internet
"Olá, o equipamento demora muito para acessar dados do disco. Diversos usuários foram impactados e não há uma solução prática para o setor. Conseguem verificar?",Hardware,Alta,Infraestrutura,armazenamento
"Olá, o computador parece iniciar normalmente, porém nada aparece na tela. Diversas equipes não conseguem trabalhar por causa dessa indisponibilidade. Agradeço se puderem verificar.",Hardware,Crítica,Suporte N1,video
Preciso de ajuda: O acesso aos serviços internos está intermitente. É um incômodo pontual e o trabalho continua normalmente. Solicito análise.,Rede,Baixa,Infraestrutura,recursos_rede
Tenho uma ocorrência em que Isso está atrapalhando o trabalho de uma pessoa durante a rotina. O problema é que o equipamento não permanece ligado. Conseguem verificar?,Hardware,Média,Suporte N1,energia
"Bom dia, Muitos usuários estão impedidos de executar atividades críticas da empresa. O problema é que houve uma mudança inesperada em dados corporativos. Conseguem verificar?",Segurança,Crítica,Segurança,alteracao_nao_autorizada
"Olá, meu perfil não possui acesso a uma área necessária. A rotina individual está comprometida, porém o restante da equipe segue trabalhando.",Acesso,Média,Sistemas,permissao
"Pessoal, a caixa corporativa apresenta falha ao carregar. Uma atividade normal ficou prejudicada, embora ainda seja possível fazer outras tarefas. Podem me ajudar?",E-mail,Média,Suporte N1,caixa
"Tenho uma ocorrência em que Diversas equipes não conseguem trabalhar por causa dessa indisponibilidade. O problema é que o serviço abre, mas não mostra o conteúdo das mensagens. Isso começou hoje.",E-mail,Crítica,Suporte N1,caixa
Preciso de ajuda: A máquina apresenta atividades estranhas mesmo sem uso. Só uma tarefa secundária foi afetada e tenho outra forma de realizá-la. Isso começou hoje.,Segurança,Baixa,Segurança,comportamento_suspeito
Identificamos que a conexão fica indo e voltando durante o expediente. Isso está atrapalhando o trabalho de uma pessoa durante a rotina. Podem me ajudar?,Rede,Média,Infraestrutura,wifi
"Estou com um problema: Uma atividade normal ficou prejudicada, embora ainda seja possível fazer outras tarefas. O problema é que o aplicativo começou a falhar depois de uma atualização. Conseguem verificar?",Software,Média,Sistemas,atualizacao
Identificamos que a imagem desaparece enquanto o equipamento continua ligado. Diversos usuários foram impactados e não há uma solução prática para o setor. Isso começou hoje.,Hardware,Alta,Suporte N1,video
Estou com um problema: Grande parte da operação está parada e não existe alternativa disponível. O problema é que a caixa de e-mail não abre corretamente.,E-mail,Crítica,Suporte N1,caixa
Podem verificar? O computador passou a abrir programas que não reconheço. Várias pessoas do setor estão com o mesmo problema e uma atividade importante parou. Conseguem verificar?,Segurança,Alta,Segurança,malware
"Preciso de ajuda: A etapa adicional de autenticação está falhando. Existe uma alternativa funcionando, então a solicitação pode aguardar. Agradeço se puderem verificar.",Acesso,Baixa,Suporte N1,mfa
Identificamos que o equipamento demora muito para acessar dados do disco. Consigo continuar por outro caminho e isso não bloqueia minha rotina.,Hardware,Baixa,Suporte N1,armazenamento
Identificamos que o código de autenticação não chega ao meu dispositivo. Consigo continuar por outro caminho e isso não bloqueia minha rotina. Conseguem verificar?,Acesso,Baixa,Suporte N1,mfa
"Podem verificar? O notebook não consegue se conectar à rede sem fio. A rotina individual está comprometida, porém o restante da equipe segue trabalhando. Agradeço se puderem verificar.",Rede,Média,Infraestrutura,wifi
"Pessoal, não recebo a confirmação necessária para entrar. É um incômodo pontual e o trabalho continua normalmente. Podem me ajudar?",Acesso,Baixa,Suporte N1,mfa
Preciso de ajuda: Há atraso no recebimento de mensagens corporativas. É um incômodo pontual e o trabalho continua normalmente.,E-mail,Baixa,Suporte N1,recebimento
Tenho uma ocorrência em que Não há atividade parada; preciso apenas que seja verificado quando possível. O problema é que uma mensagem permanece na caixa de saída. Podem me ajudar?,E-mail,Baixa,Suporte N1,envio
"Tenho uma ocorrência em que A rotina individual está comprometida, porém o restante da equipe segue trabalhando. O problema é que o acesso remoto cai poucos minutos depois de conectar. Solicito análise.",Rede,Média,Infraestrutura,vpn
Preciso de ajuda: Minha conta não permite iniciar a sessão. Grande parte da operação está parada e não existe alternativa disponível. Conseguem verificar?,Acesso,Crítica,Suporte N1,login
"Olá, a navegação ficou lenta e apresenta interrupções. Existe uma alternativa funcionando, então a solicitação pode aguardar. Preciso de orientação.",Rede,Baixa,Infraestrutura,internet
"Bom dia, Isso está atrapalhando o trabalho de uma pessoa durante a rotina. O problema é que o computador faz ruído forte de ventilação e aquece. Agradeço se puderem verificar.",Hardware,Média,Infraestrutura,temperatura
Tenho uma ocorrência em que Uma função importante para o setor ficou indisponível para várias pessoas. O problema é que o sistema rejeita minhas credenciais mesmo estando corretas. Agradeço se puderem verificar.,Acesso,Alta,Suporte N1,login
"Podem verificar? O documento foi enviado, mas nada foi impresso. A ocorrência interrompeu uma operação essencial em larga escala. Agradeço se puderem verificar.",Impressora,Crítica,Suporte N1,fila
"Bom dia, Não há atividade parada; preciso apenas que seja verificado quando possível. O problema é que a digitalização falha antes de salvar o arquivo. Preciso de orientação.",Impressora,Baixa,Suporte N1,scanner
Podem verificar? Não consigo confirmar o segundo fator de acesso. A indisponibilidade tem impacto amplo e exige restauração imediata do serviço. Preciso de orientação.,Acesso,Crítica,Suporte N1,mfa
Tenho uma ocorrência em que Só uma tarefa secundária foi afetada e tenho outra forma de realizá-la. O problema é que não recebo e-mails de determinados remetentes. Agradeço se puderem verificar.,E-mail,Baixa,Suporte N1,recebimento
Identificamos que o mouse falha durante o uso. Uma função importante para o setor ficou indisponível para várias pessoas. Agradeço se puderem verificar.,Hardware,Alta,Suporte N1,perifericos
"Olá, houve uma mudança inesperada em dados corporativos. Diversas equipes não conseguem trabalhar por causa dessa indisponibilidade. Agradeço se puderem verificar.",Segurança,Crítica,Segurança,alteracao_nao_autorizada
Tenho uma ocorrência em que O impacto é pequeno neste momento e não existe urgência operacional. O problema é que o equipamento não consegue acessar recursos usando o cabo. Solicito análise.,Rede,Baixa,Infraestrutura,cabeada
"Bom dia, Uma pessoa não consegue concluir uma tarefa habitual por causa da ocorrência. O problema é que uma funcionalidade está indisponível apenas para meu usuário. Podem me ajudar?",Acesso,Média,Sistemas,permissao
Estou com um problema: O usuário perdeu produtividade e precisa de suporte para continuar a atividade. O problema é que a etapa adicional de autenticação está falhando. Isso começou hoje.,Acesso,Média,Suporte N1,mfa
"Olá, o serviço de e-mail falha quando tento enviar. O impacto é pequeno neste momento e não existe urgência operacional. Isso começou hoje.",E-mail,Baixa,Suporte N1,envio
Estou com um problema: Diversos usuários foram impactados e não há uma solução prática para o setor. O problema é que a caixa corporativa apresenta falha ao carregar. Solicito análise.,E-mail,Alta,Suporte N1,caixa
Estou com um problema: Um serviço essencial para a empresa ficou indisponível para muitos usuários. O problema é que a fila acumula documentos sem processá-los. Solicito análise.,Impressora,Crítica,Suporte N1,fila
Preciso de ajuda: Preciso consultar uma tela e recebo aviso de permissão. A ocorrência já compromete o trabalho de uma equipe inteira. Isso começou hoje.,Acesso,Alta,Sistemas,permissao
Identificamos que apareceu um programa no computador que eu nunca instalei. Consigo continuar por outro caminho e isso não bloqueia minha rotina. Preciso de orientação.,Segurança,Baixa,Segurança,malware
"Bom dia, A rotina individual está comprometida, porém o restante da equipe segue trabalhando. O problema é que a conta não permite novas tentativas de autenticação. Solicito análise.",Acesso,Média,Suporte N1,bloqueio
"Olá, o sistema rejeita minhas credenciais mesmo estando corretas. Muitos usuários estão impedidos de executar atividades críticas da empresa. Isso começou hoje.",Acesso,Crítica,Suporte N1,login
Identificamos que o acesso aos serviços internos está intermitente. A ocorrência já compromete o trabalho de uma equipe inteira. Conseguem verificar?,Rede,Alta,Infraestrutura,recursos_rede
"Pessoal, o aplicativo foi instalado mas não inicia. A indisponibilidade tem impacto amplo e exige restauração imediata do serviço. Conseguem verificar?",Software,Crítica,Sistemas,instalacao
"Pessoal, o programa deixa de responder depois de alguns minutos. Não há atividade parada; preciso apenas que seja verificado quando possível. Solicito análise.",Software,Baixa,Suporte N1,aplicativo_fechando
"Identificamos que a estação perdeu alimentação durante o expediente. Uma atividade normal ficou prejudicada, embora ainda seja possível fazer outras tarefas. Podem me ajudar?",Hardware,Média,Suporte N1,energia
"Olá, a instalação de uma ferramenta corporativa falha. Uma função importante para o setor ficou indisponível para várias pessoas. Podem me ajudar?",Software,Alta,Sistemas,instalacao
"Tenho uma ocorrência em que A rotina individual está comprometida, porém o restante da equipe segue trabalhando. O problema é que a integração não está enviando os dados esperados. Agradeço se puderem verificar.",Software,Média,Sistemas,integracao
Identificamos que o sistema informa erro relacionado ao armazenamento. Só uma tarefa secundária foi afetada e tenho outra forma de realizá-la. Agradeço se puderem verificar.,Hardware,Baixa,Suporte N1,armazenamento
"Bom dia, A rotina individual está comprometida, porém o restante da equipe segue trabalhando. O problema é que consigo receber, mas não consigo enviar mensagens. Conseguem verificar?",E-mail,Média,Suporte N1,envio
Preciso de ajuda: Uma mensagem afirma que minha conta será bloqueada se eu não informar credenciais. A ocorrência já compromete o trabalho de uma equipe inteira. Agradeço se puderem verificar.,Segurança,Alta,Segurança,phishing
Tenho uma ocorrência em que Um serviço essencial para a empresa ficou indisponível para muitos usuários. O problema é que o encaminhamento automático parou de funcionar. Preciso de orientação.,E-mail,Crítica,Sistemas,regras
"Pessoal, uma regra automática deixou de organizar as mensagens. Diversos usuários foram impactados e não há uma solução prática para o setor.",E-mail,Alta,Sistemas,regras
A conexão segura com a rede corporativa não completa. Isso está atrapalhando o trabalho de uma pessoa durante a rotina. Agradeço se puderem verificar.,Rede,Média,Infraestrutura,vpn
Identificamos que o equipamento desliga sozinho pouco depois de iniciar. Várias pessoas do setor estão com o mesmo problema e uma atividade importante parou. Preciso de orientação.,Hardware,Alta,Suporte N1,energia
"Identificamos que meu perfil não possui acesso a uma área necessária. Existe uma alternativa funcionando, então a solicitação pode aguardar. Isso começou hoje.",Acesso,Baixa,Sistemas,permissao
Identificamos que o equipamento de impressão aparece indisponível. Não há atividade parada; preciso apenas que seja verificado quando possível. Conseguem verificar?,Impressora,Baixa,Suporte N1,offline
Tenho uma ocorrência em que Uma função importante para o setor ficou indisponível para várias pessoas. O problema é que o histórico mostra entrada que não reconheço. Solicito análise.,Segurança,Alta,Segurança,acesso_suspeito
"Bom dia, Diversas equipes não conseguem trabalhar por causa dessa indisponibilidade. O problema é que a ferramenta corporativa fecha ao gerar um relatório. Preciso de orientação.",Software,Crítica,Suporte N1,aplicativo_fechando
"Tenho uma ocorrência em que Várias pessoas do setor estão com o mesmo problema e uma atividade importante parou. O problema é que o computador parece iniciar normalmente, porém nada aparece na tela.",Hardware,Alta,Suporte N1,video
Podem verificar? A navegação ficou lenta e apresenta interrupções. Diversas equipes não conseguem trabalhar por causa dessa indisponibilidade. Solicito análise.,Rede,Crítica,Infraestrutura,internet
Identificamos que minha conta registra acesso em um horário em que eu não estava trabalhando. Diversas equipes não conseguem trabalhar por causa dessa indisponibilidade. Solicito análise.,Segurança,Crítica,Segurança,acesso_suspeito
Tenho uma ocorrência em que O usuário perdeu produtividade e precisa de suporte para continuar a atividade. O problema é que os trabalhos de impressão não saem da lista. Podem me ajudar?,Impressora,Média,Suporte N1,fila
Identificamos que o cliente de e-mail não sincroniza as mensagens. O impacto é pequeno neste momento e não existe urgência operacional. Preciso de orientação.,E-mail,Baixa,Suporte N1,sincronizacao
Recebi um link inesperado pedindo autenticação corporativa. Não há atividade parada; preciso apenas que seja verificado quando possível. Preciso de orientação.,Segurança,Baixa,Segurança,phishing
"Identificamos que a autenticação não conclui quando tento acessar. O problema está limitado a uma estação, mas interfere no trabalho diário. Conseguem verificar?",Acesso,Média,Suporte N1,login
Podem verificar? Arquivos locais ficam indisponíveis de forma intermitente. A indisponibilidade tem impacto amplo e exige restauração imediata do serviço. Podem me ajudar?,Hardware,Crítica,Infraestrutura,armazenamento
Estou com um problema: Grande parte da operação está parada e não existe alternativa disponível. O problema é que o código de autenticação não chega ao meu dispositivo. Conseguem verificar?,Acesso,Crítica,Suporte N1,mfa
Tenho uma ocorrência em que Não há atividade parada; preciso apenas que seja verificado quando possível. O problema é que o software apresenta erro ao concluir a configuração.,Software,Baixa,Suporte N1,instalacao
A estação não consegue acessar uma pasta compartilhada. Uma pessoa não consegue concluir uma tarefa habitual por causa da ocorrência.,Rede,Média,Infraestrutura,recursos_rede
Tenho uma ocorrência em que O impacto é pequeno neste momento e não existe urgência operacional. O problema é que não consigo fazer login no ambiente de trabalho. Conseguem verificar?,Acesso,Baixa,Suporte N1,login
Preciso de ajuda: Surgiram alertas sobre um possível software malicioso. Uma pessoa não consegue concluir uma tarefa habitual por causa da ocorrência. Podem me ajudar?,Segurança,Média,Segurança,malware
"Pessoal, o sistema rejeita minhas credenciais mesmo estando corretas. Existe uma alternativa funcionando, então a solicitação pode aguardar. Podem me ajudar?",Acesso,Baixa,Suporte N1,login
"Bom dia, Diversos usuários foram impactados e não há uma solução prática para o setor. O problema é que a API usada pela aplicação está retornando falha. Agradeço se puderem verificar.",Software,Alta,Sistemas,integracao
"Pessoal, há atraso no recebimento de mensagens corporativas. Isso está atrapalhando o trabalho de uma pessoa durante a rotina. Preciso de orientação.",E-mail,Média,Suporte N1,recebimento
Identificamos que o usuário aparece como bloqueado no sistema. Só uma tarefa secundária foi afetada e tenho outra forma de realizá-la. Conseguem verificar?,Acesso,Baixa,Suporte N1,bloqueio
A sessão remota com a rede corporativa fica instável. O impacto é pequeno neste momento e não existe urgência operacional. Preciso de orientação.,Rede,Baixa,Infraestrutura,vpn
"Podem verificar? Um dispositivo usb não é reconhecido. O problema está limitado a uma estação, mas interfere no trabalho diário. Conseguem verificar?",Hardware,Média,Suporte N1,perifericos
"O processo automático entre os sistemas parou. Existe uma alternativa funcionando, então a solicitação pode aguardar. Agradeço se puderem verificar.",Software,Baixa,Sistemas,integracao
Identificamos que dados do sistema mudaram sem uma solicitação conhecida. Muitos usuários estão impedidos de executar atividades críticas da empresa.,Segurança,Crítica,Segurança,alteracao_nao_autorizada
Podem verificar? A caixa de entrada parou de atualizar. Só uma tarefa secundária foi afetada e tenho outra forma de realizá-la. Podem me ajudar?,E-mail,Baixa,Suporte N1,sincronizacao
"Bom dia, Diversos usuários foram impactados e não há uma solução prática para o setor. O problema é que o acesso remoto apresenta erro de conexão. Solicito análise.",Rede,Alta,Infraestrutura,vpn
Identificamos que uma configuração foi modificada sem autorização. A equipe está sem conseguir concluir uma operação necessária para o trabalho. Agradeço se puderem verificar.,Segurança,Alta,Segurança,alteracao_nao_autorizada
Identificamos que o equipamento não permanece ligado. É um incômodo pontual e o trabalho continua normalmente. Agradeço se puderem verificar.,Hardware,Baixa,Suporte N1,energia
A conta não permite novas tentativas de autenticação. Só uma tarefa secundária foi afetada e tenho outra forma de realizá-la. Isso começou hoje.,Acesso,Baixa,Suporte N1,bloqueio
Estou com um problema: O problema afeta diversos usuários e precisa ser tratado com rapidez. O problema é que o equipamento não aceita novos trabalhos de impressão. Agradeço se puderem verificar.,Impressora,Alta,Suporte N1,offline
Podem verificar? Uma configuração foi modificada sem autorização. A ocorrência já compromete o trabalho de uma equipe inteira. Preciso de orientação.,Segurança,Alta,Segurança,alteracao_nao_autorizada
"Tenho uma ocorrência em que Existe uma alternativa funcionando, então a solicitação pode aguardar. O problema é que o acesso falha na etapa de autenticação. Preciso de orientação.",Acesso,Baixa,Suporte N1,login
"Podem verificar? A conexão fica indo e voltando durante o expediente. O problema está limitado a uma estação, mas interfere no trabalho diário. Isso começou hoje.",Rede,Média,Infraestrutura,wifi
"Pessoal, a máquina inicia sem mostrar imagem. A rotina individual está comprometida, porém o restante da equipe segue trabalhando. Isso começou hoje.",Hardware,Média,Suporte N1,video
A integração não está enviando os dados esperados. Uma função importante para o setor ficou indisponível para várias pessoas. Conseguem verificar?,Software,Alta,Sistemas,integracao
"Olá, a aplicação para de responder ao salvar informações. A equipe está sem conseguir concluir uma operação necessária para o trabalho. Agradeço se puderem verificar.",Software,Alta,Suporte N1,aplicativo_fechando
Não recebo e-mails de determinados remetentes. O usuário perdeu produtividade e precisa de suporte para continuar a atividade. Conseguem verificar?,E-mail,Média,Suporte N1,recebimento
"Olá, o computador não alcança um servidor interno. O problema está limitado a uma estação, mas interfere no trabalho diário. Podem me ajudar?",Rede,Média,Infraestrutura,recursos_rede
"Bom dia, O problema afeta diversos usuários e precisa ser tratado com rapidez. O problema é que apareceu um programa no computador que eu nunca instalei. Podem me ajudar?",Segurança,Alta,Segurança,malware
"Estou com um problema: A rotina individual está comprometida, porém o restante da equipe segue trabalhando. O problema é que o histórico mostra entrada que não reconheço. Conseguem verificar?",Segurança,Média,Segurança,acesso_suspeito
O computador não alcança um servidor interno. O impacto é pequeno neste momento e não existe urgência operacional. Isso começou hoje.,Rede,Baixa,Infraestrutura,recursos_rede
Preciso de ajuda: A conta não permite novas tentativas de autenticação. O usuário perdeu produtividade e precisa de suporte para continuar a atividade.,Acesso,Média,Suporte N1,bloqueio
"Bom dia, Diversas equipes não conseguem trabalhar por causa dessa indisponibilidade. O problema é que a unidade de armazenamento some durante o uso.",Hardware,Crítica,Infraestrutura,armazenamento
Identificamos que uma funcionalidade está indisponível apenas para meu usuário. A ocorrência interrompeu uma operação essencial em larga escala. Conseguem verificar?,Acesso,Crítica,Sistemas,permissao
Podem verificar? O resultado impresso está diferente do arquivo original. O problema afeta diversos usuários e precisa ser tratado com rapidez. Isso começou hoje.,Impressora,Alta,Suporte N1,qualidade
"Pessoal, o aplicativo trava e precisa ser aberto novamente. O impacto é pequeno neste momento e não existe urgência operacional. Isso começou hoje.",Software,Baixa,Suporte N1,aplicativo_fechando
Estou com um problema: A indisponibilidade tem impacto amplo e exige restauração imediata do serviço. O problema é que o sistema interno apresenta erro durante o cadastro.,Software,Crítica,Sistemas,erp
O histórico mostra entrada que não reconheço. Diversas equipes não conseguem trabalhar por causa dessa indisponibilidade.,Segurança,Crítica,Segurança,acesso_suspeito
Podem verificar? Uma mensagem permanece na caixa de saída. A ocorrência interrompeu uma operação essencial em larga escala. Podem me ajudar?,E-mail,Crítica,Suporte N1,envio
A estação perde a conexão sem fio de tempos em tempos. O usuário perdeu produtividade e precisa de suporte para continuar a atividade. Isso começou hoje.,Rede,Média,Infraestrutura,wifi
Preciso de ajuda: Minhas mensagens ficam presas e não são enviadas. Grande parte da operação está parada e não existe alternativa disponível. Conseguem verificar?,E-mail,Crítica,Suporte N1,envio
"Pessoal, minha senha deixou de ser aceita. Consigo continuar por outro caminho e isso não bloqueia minha rotina. Isso começou hoje.",Acesso,Baixa,Suporte N1,senha
"Pessoal, recebi um link inesperado pedindo autenticação corporativa. Diversos usuários foram impactados e não há uma solução prática para o setor. Podem me ajudar?",Segurança,Alta,Segurança,phishing
Não consigo fazer login no ambiente de trabalho. É um incômodo pontual e o trabalho continua normalmente. Isso começou hoje.,Acesso,Baixa,Suporte N1,login
"Pessoal, o documento foi enviado, mas nada foi impresso. O problema afeta diversos usuários e precisa ser tratado com rapidez.",Impressora,Alta,Suporte N1,fila
Estou com um problema: Só uma tarefa secundária foi afetada e tenho outra forma de realizá-la. O problema é que o equipamento passou a apresentar comportamento incomum. Podem me ajudar?,Segurança,Baixa,Segurança,comportamento_suspeito
Tenho uma ocorrência em que É um incômodo pontual e o trabalho continua normalmente. O problema é que não consigo manter uma conexão estável no escritório. Podem me ajudar?,Rede,Baixa,Infraestrutura,wifi
Tenho uma ocorrência em que A indisponibilidade tem impacto amplo e exige restauração imediata do serviço. O problema é que o monitor não recebe sinal do computador. Conseguem verificar?,Hardware,Crítica,Suporte N1,video
Depois da atualização algumas funções deixaram de funcionar. A ocorrência já compromete o trabalho de uma equipe inteira. Isso começou hoje.,Software,Alta,Sistemas,atualizacao
Preciso de ajuda: O equipamento compartilhado não recebe trabalhos pela rede. Não há atividade parada; preciso apenas que seja verificado quando possível. Conseguem verificar?,Impressora,Baixa,Suporte N1,rede_impressao
Identificamos que o aplicativo começou a falhar depois de uma atualização. O problema afeta diversos usuários e precisa ser tratado com rapidez. Podem me ajudar?,Software,Alta,Sistemas,atualizacao
Identificamos que os dados não estão sincronizando entre as aplicações. A indisponibilidade tem impacto amplo e exige restauração imediata do serviço. Isso começou hoje.,Software,Crítica,Sistemas,integracao
"Bom dia, É um incômodo pontual e o trabalho continua normalmente. O problema é que o programa corporativo não funciona após ser configurado.",Software,Baixa,Suporte N1,instalacao
Tenho uma ocorrência em que Consigo continuar por outro caminho e isso não bloqueia minha rotina. O problema é que o equipamento apresenta aquecimento fora do normal. Agradeço se puderem verificar.,Hardware,Baixa,Infraestrutura,temperatura
"Tenho acesso ao sistema, mas não ao recurso que preciso. A indisponibilidade tem impacto amplo e exige restauração imediata do serviço. Agradeço se puderem verificar.",Acesso,Crítica,Sistemas,permissao
O conteúdo impresso apresenta defeitos visíveis. Um serviço essencial para a empresa ficou indisponível para muitos usuários. Isso começou hoje.,Impressora,Crítica,Suporte N1,qualidade
Tenho uma ocorrência em que Uma pessoa não consegue concluir uma tarefa habitual por causa da ocorrência. O problema é que minhas mensagens ficam presas e não são enviadas. Solicito análise.,E-mail,Média,Suporte N1,envio
"Preciso de ajuda: O navegador começou a abrir páginas que não solicitei. Uma atividade normal ficou prejudicada, embora ainda seja possível fazer outras tarefas. Agradeço se puderem verificar.",Segurança,Média,Segurança,comportamento_suspeito
"Bom dia, A ocorrência já compromete o trabalho de uma equipe inteira. O problema é que o equipamento não permanece ligado. Solicito análise.",Hardware,Alta,Suporte N1,energia
Estou com um problema: Consigo continuar por outro caminho e isso não bloqueia minha rotina. O problema é que minhas mensagens ficam presas e não são enviadas. Conseguem verificar?,E-mail,Baixa,Suporte N1,envio
"Pessoal, não recebo e-mails de determinados remetentes. Muitos usuários estão impedidos de executar atividades críticas da empresa.",E-mail,Crítica,Suporte N1,recebimento
Estou com um problema: Várias pessoas do setor estão com o mesmo problema e uma atividade importante parou. O problema é que e-mails externos não estão chegando à conta.,E-mail,Alta,Suporte N1,recebimento
Um compartilhamento corporativo ficou inacessível. Não há atividade parada; preciso apenas que seja verificado quando possível. Solicito análise.,Rede,Baixa,Infraestrutura,recursos_rede
Estou com um problema: Muitos usuários estão impedidos de executar atividades críticas da empresa. O problema é que o antivírus detectou um arquivo suspeito. Conseguem verificar?,Segurança,Crítica,Segurança,malware
Preciso de ajuda: A caixa corporativa demora para atualizar. Várias pessoas do setor estão com o mesmo problema e uma atividade importante parou. Conseguem verificar?,E-mail,Alta,Suporte N1,sincronizacao
Estou com um problema: Só uma tarefa secundária foi afetada e tenho outra forma de realizá-la. O problema é que a unidade de armazenamento some durante o uso. Preciso de orientação.,Hardware,Baixa,Suporte N1,armazenamento
"Estou com um problema: O problema está limitado a uma estação, mas interfere no trabalho diário. O problema é que há atraso no recebimento de mensagens corporativas. Agradeço se puderem verificar.",E-mail,Média,Suporte N1,recebimento
"Pessoal, recebi uma mensagem pedindo para confirmar minha senha em um link. Grande parte da operação está parada e não existe alternativa disponível. Solicito análise.",Segurança,Crítica,Segurança,phishing
"Bom dia, A ocorrência já compromete o trabalho de uma equipe inteira. O problema é que há atividades na estação que não correspondem ao uso normal. Solicito análise.",Segurança,Alta,Segurança,comportamento_suspeito
"Bom dia, A equipe está sem conseguir concluir uma operação necessária para o trabalho. O problema é que a senha expirou e não consigo continuar. Preciso de orientação.",Acesso,Alta,Suporte N1,senha
Tenho uma ocorrência em que O problema afeta diversos usuários e precisa ser tratado com rapidez. O problema é que não consigo estabelecer a conexão remota com a empresa. Isso começou hoje.,Rede,Alta,Infraestrutura,vpn
Identificamos que um compartilhamento corporativo ficou inacessível. A ocorrência interrompeu uma operação essencial em larga escala. Solicito análise.,Rede,Crítica,Infraestrutura,recursos_rede
"Olá, os trabalhos de impressão não saem da lista. Uma função importante para o setor ficou indisponível para várias pessoas.",Impressora,Alta,Suporte N1,fila
Preciso de ajuda: A impressora da rede deixou de responder. O usuário perdeu produtividade e precisa de suporte para continuar a atividade. Solicito análise.,Impressora,Média,Infraestrutura,rede_impressao
A conexão sem fio cai várias vezes. Grande parte da operação está parada e não existe alternativa disponível. Conseguem verificar?,Rede,Crítica,Infraestrutura,wifi
"Pessoal, a porta de rede parece não estabelecer comunicação. A ocorrência interrompeu uma operação essencial em larga escala.",Rede,Crítica,Infraestrutura,cabeada
"Identificamos que o serviço abre, mas não mostra o conteúdo das mensagens. Uma função importante para o setor ficou indisponível para várias pessoas. Conseguem verificar?",E-mail,Alta,Suporte N1,caixa
Podem verificar? O aplicativo mostra erro ao acessar minha caixa. Diversas equipes não conseguem trabalhar por causa dessa indisponibilidade. Conseguem verificar?,E-mail,Crítica,Suporte N1,caixa
"Não consigo concluir a recuperação da senha. Existe uma alternativa funcionando, então a solicitação pode aguardar. Conseguem verificar?",Acesso,Baixa,Suporte N1,senha
Podem verificar? A estação perde a conexão sem fio de tempos em tempos. Só uma tarefa secundária foi afetada e tenho outra forma de realizá-la. Preciso de orientação.,Rede,Baixa,Infraestrutura,wifi
Identificamos que sites externos deixam de abrir por alguns minutos. Só uma tarefa secundária foi afetada e tenho outra forma de realizá-la. Solicito análise.,Rede,Baixa,Infraestrutura,internet
"Olá, o equipamento passou a apresentar comportamento incomum. Uma função importante para o setor ficou indisponível para várias pessoas. Conseguem verificar?",Segurança,Alta,Segurança,comportamento_suspeito
"Olá, o antivírus detectou um arquivo suspeito. O usuário perdeu produtividade e precisa de suporte para continuar a atividade. Solicito análise.",Segurança,Média,Segurança,malware
As pastas da conta não ficam disponíveis. Um serviço essencial para a empresa ficou indisponível para muitos usuários.,E-mail,Crítica,Segurança,caixa
Preciso de ajuda: A senha expirou e não consigo continuar. A indisponibilidade tem impacto amplo e exige restauração imediata do serviço. Agradeço se puderem verificar.,Acesso,Crítica,Suporte N1,senha
Tenho uma ocorrência em que A ocorrência já compromete o trabalho de uma equipe inteira. O problema é que um dispositivo USB não é reconhecido. Podem me ajudar?,Hardware,Alta,Suporte N1,perifericos
A autenticação não conclui quando tento acessar. A ocorrência já compromete o trabalho de uma equipe inteira. Podem me ajudar?,Acesso,Alta,Suporte N1,login
"Olá, a caixa parece não receber novas mensagens. Consigo continuar por outro caminho e isso não bloqueia minha rotina. Preciso de orientação.",E-mail,Baixa,Suporte N1,recebimento
Preciso de ajuda: O usuário aparece como bloqueado no sistema. Muitos usuários estão impedidos de executar atividades críticas da empresa. Preciso de orientação.,Acesso,Crítica,Suporte N1,bloqueio
"Bom dia, Um serviço essencial para a empresa ficou indisponível para muitos usuários. O problema é que um dispositivo USB não é reconhecido. Preciso de orientação.",Hardware,Crítica,Suporte N1,perifericos
A navegação ficou lenta e apresenta interrupções. Só uma tarefa secundária foi afetada e tenho outra forma de realizá-la.,Rede,Baixa,Infraestrutura,internet
"Pessoal, dados do sistema mudaram sem uma solicitação conhecida. A rotina individual está comprometida, porém o restante da equipe segue trabalhando. Isso começou hoje.",Segurança,Média,Segurança,alteracao_nao_autorizada
"Sites externos deixam de abrir por alguns minutos. A rotina individual está comprometida, porém o restante da equipe segue trabalhando. Preciso de orientação.",Rede,Média,Infraestrutura,internet
"Tenho uma ocorrência em que Existe uma alternativa funcionando, então a solicitação pode aguardar. O problema é que uma atualização deixou a aplicação instável.",Software,Baixa,Sistemas,atualizacao
Tenho uma ocorrência em que Diversos usuários foram impactados e não há uma solução prática para o setor. O problema é que o programa deixa de responder depois de alguns minutos. Conseguem verificar?,Software,Alta,Suporte N1,aplicativo_fechando
Podem verificar? O acesso à internet parou em parte do ambiente. A ocorrência interrompeu uma operação essencial em larga escala. Isso começou hoje.,Rede,Crítica,Infraestrutura,internet
Identificamos que não consigo confirmar o segundo fator de acesso. Um serviço essencial para a empresa ficou indisponível para muitos usuários. Agradeço se puderem verificar.,Acesso,Crítica,Suporte N1,mfa
"Bom dia, A ocorrência interrompeu uma operação essencial em larga escala. O problema é que minha conta ficou bloqueada depois de algumas tentativas. Podem me ajudar?",Acesso,Crítica,Suporte N1,bloqueio
"Tenho uma ocorrência em que Uma atividade normal ficou prejudicada, embora ainda seja possível fazer outras tarefas. O problema é que consigo entrar no sistema, mas uma função não aparece para mim. Conseguem verificar?",Acesso,Média,Sistemas,permissao
"Bom dia, Um serviço essencial para a empresa ficou indisponível para muitos usuários. O problema é que a estação liga, mas não exibe vídeo. Podem me ajudar?",Hardware,Crítica,Suporte N1,video
"Bom dia, Um serviço essencial para a empresa ficou indisponível para muitos usuários. O problema é que o dispositivo de impressão perdeu comunicação com as estações. Preciso de orientação.",Impressora,Crítica,Infraestrutura,rede_impressao
"Estou com um problema: A ocorrência interrompeu uma operação essencial em larga escala. O problema é que recebo mensagens pelo navegador, mas não no aplicativo. Conseguem verificar?",E-mail,Crítica,Suporte N1,sincronizacao
"Bom dia, Uma função importante para o setor ficou indisponível para várias pessoas. O problema é que meu perfil não possui acesso a uma área necessária. Preciso de orientação.",Acesso,Alta,Sistemas,permissao
Minha senha deixou de ser aceita. Diversos usuários foram impactados e não há uma solução prática para o setor. Agradeço se puderem verificar.,Acesso,Alta,Suporte N1,senha
"Olá, a fila acumula documentos sem processá-los. Isso está atrapalhando o trabalho de uma pessoa durante a rotina. Agradeço se puderem verificar.",Impressora,Média,Suporte N1,fila
"Pessoal, há atividades na estação que não correspondem ao uso normal. A indisponibilidade tem impacto amplo e exige restauração imediata do serviço. Preciso de orientação.",Segurança,Crítica,Segurança,comportamento_suspeito
"Pessoal, o notebook liga, mas a tela permanece apagada. O problema afeta diversos usuários e precisa ser tratado com rapidez. Agradeço se puderem verificar.",Hardware,Alta,Suporte N1,video
"Preciso de ajuda: Novos e-mails não aparecem automaticamente. O problema está limitado a uma estação, mas interfere no trabalho diário. Podem me ajudar?",E-mail,Média,Suporte N1,sincronizacao
Chegou um e-mail estranho solicitando meus dados de acesso. O usuário perdeu produtividade e precisa de suporte para continuar a atividade. Isso começou hoje.,Segurança,Média,Segurança,phishing
"Olá, o aplicativo trava e precisa ser aberto novamente. Um serviço essencial para a empresa ficou indisponível para muitos usuários. Conseguem verificar?",Software,Crítica,Suporte N1,aplicativo_fechando
Identificamos que a impressão apresenta manchas e trechos faltando. Um serviço essencial para a empresa ficou indisponível para muitos usuários. Conseguem verificar?,Impressora,Crítica,Suporte N1,qualidade
Tenho uma ocorrência em que A ocorrência já compromete o trabalho de uma equipe inteira. O problema é que foi detectado conteúdo potencialmente perigoso na estação.,Segurança,Alta,Segurança,malware
"A instalação de uma ferramenta corporativa falha. A rotina individual está comprometida, porém o restante da equipe segue trabalhando. Isso começou hoje.",Software,Média,Suporte N1,instalacao
"Bom dia, Isso está atrapalhando o trabalho de uma pessoa durante a rotina. O problema é que novos e-mails não aparecem automaticamente. Isso começou hoje.",E-mail,Média,Suporte N1,sincronizacao
"Pessoal, as mensagens enviadas para mim não aparecem. A equipe está sem conseguir concluir uma operação necessária para o trabalho. Agradeço se puderem verificar.",E-mail,Alta,Suporte N1,recebimento
Preciso de ajuda: Não consigo entrar porque a conta foi travada. A equipe está sem conseguir concluir uma operação necessária para o trabalho. Conseguem verificar?,Acesso,Alta,Suporte N1,bloqueio
Preciso de ajuda: Dados do sistema mudaram sem uma solicitação conhecida. O usuário perdeu produtividade e precisa de suporte para continuar a atividade. Conseguem verificar?,Segurança,Média,Segurança,alteracao_nao_autorizada
"Pessoal, o sistema corporativo não conclui o lançamento. É um incômodo pontual e o trabalho continua normalmente. Podem me ajudar?",Software,Baixa,Sistemas,erp
Preciso de ajuda: O documento impresso fica com partes ilegíveis. Uma função importante para o setor ficou indisponível para várias pessoas. Isso começou hoje.,Impressora,Alta,Suporte N1,qualidade
Podem verificar? O erp não permite finalizar o processo. Consigo continuar por outro caminho e isso não bloqueia minha rotina. Agradeço se puderem verificar.,Software,Baixa,Sistemas,erp
Tenho uma ocorrência em que Diversos usuários foram impactados e não há uma solução prática para o setor. O problema é que o computador apresenta erros ao abrir arquivos locais. Agradeço se puderem verificar.,Hardware,Alta,Infraestrutura,armazenamento
Identificamos que as pastas da conta não ficam disponíveis. A equipe está sem conseguir concluir uma operação necessária para o trabalho. Podem me ajudar?,E-mail,Alta,Segurança,caixa
"Bom dia, Várias pessoas do setor estão com o mesmo problema e uma atividade importante parou. O problema é que os trabalhos de impressão não saem da lista. Preciso de orientação.",Impressora,Alta,Suporte N1,fila
Estou com um problema: Um serviço essencial para a empresa ficou indisponível para muitos usuários. O problema é que o equipamento não consegue acessar recursos usando o cabo. Podem me ajudar?,Rede,Crítica,Infraestrutura,cabeada
"Preciso de ajuda: O computador não dá sinal ao apertar o botão de ligar. Uma atividade normal ficou prejudicada, embora ainda seja possível fazer outras tarefas. Agradeço se puderem verificar.",Hardware,Média,Suporte N1,energia
O documento impresso fica com partes ilegíveis. Só uma tarefa secundária foi afetada e tenho outra forma de realizá-la. Preciso de orientação.,Impressora,Baixa,Suporte N1,qualidade
Não consigo entrar na minha conta corporativa. A ocorrência interrompeu uma operação essencial em larga escala. Preciso de orientação.,Acesso,Crítica,Suporte N1,login
Tenho uma ocorrência em que O impacto é pequeno neste momento e não existe urgência operacional. O problema é que não consigo entrar porque a conta foi travada. Solicito análise.,Acesso,Baixa,Suporte N1,bloqueio
"Bom dia, A rotina individual está comprometida, porém o restante da equipe segue trabalhando. O problema é que o aplicativo mostra erro ao acessar minha caixa. Solicito análise.",E-mail,Média,Suporte N1,caixa
Podem verificar? Os e-mails não estão sendo movidos para a pasta configurada. Muitos usuários estão impedidos de executar atividades críticas da empresa. Isso começou hoje.,E-mail,Crítica,Sistemas,regras
Podem verificar? Uma ferramenta autorizada precisa ser reinstalada. Diversas equipes não conseguem trabalhar por causa dessa indisponibilidade. Agradeço se puderem verificar.,Software,Crítica,Sistemas,instalacao
"Tenho uma ocorrência em que A rotina individual está comprometida, porém o restante da equipe segue trabalhando. O problema é que a caixa de entrada parou de atualizar.",E-mail,Média,Suporte N1,sincronizacao
"Pessoal, o acesso à internet parou em parte do ambiente. O problema afeta diversos usuários e precisa ser tratado com rapidez. Agradeço se puderem verificar.",Rede,Alta,Infraestrutura,internet
Preciso de ajuda: A integração não está enviando os dados esperados. Diversas equipes não conseguem trabalhar por causa dessa indisponibilidade. Solicito análise.,Software,Crítica,Sistemas,integracao
"Preciso de ajuda: O sinal está disponível, mas a máquina não consegue navegar. A ocorrência interrompeu uma operação essencial em larga escala. Podem me ajudar?",Rede,Crítica,Infraestrutura,wifi
Podem verificar? Uma função do sistema de gestão parou de responder. Só uma tarefa secundária foi afetada e tenho outra forma de realizá-la. Isso começou hoje.,Software,Baixa,Sistemas,erp
Estou com um problema: Isso está atrapalhando o trabalho de uma pessoa durante a rotina. O problema é que o monitor não recebe sinal do computador.,Hardware,Média,Suporte N1,video
"Bom dia, Uma função importante para o setor ficou indisponível para várias pessoas. O problema é que um recurso interno da rede deixou de responder. Isso começou hoje.",Rede,Alta,Infraestrutura,recursos_rede
"Identificamos que o computador parece iniciar normalmente, porém nada aparece na tela. O usuário perdeu produtividade e precisa de suporte para continuar a atividade. Solicito análise.",Hardware,Média,Suporte N1,video
Identificamos que o perfil não permite executar a operação necessária. Diversas equipes não conseguem trabalhar por causa dessa indisponibilidade. Podem me ajudar?,Acesso,Crítica,Sistemas,permissao
"O usuário aparece como bloqueado no sistema. A rotina individual está comprometida, porém o restante da equipe segue trabalhando. Podem me ajudar?",Acesso,Média,Suporte N1,bloqueio
"Olá, uma aplicação desconhecida começou a executar sozinha. O impacto é pequeno neste momento e não existe urgência operacional. Preciso de orientação.",Segurança,Baixa,Segurança,malware
"Pessoal, informações registradas em um sistema não chegam ao outro. Um serviço essencial para a empresa ficou indisponível para muitos usuários. Agradeço se puderem verificar.",Software,Crítica,Sistemas,integracao
"Tenho uma ocorrência em que Existe uma alternativa funcionando, então a solicitação pode aguardar. O problema é que a verificação em duas etapas não conclui. Solicito análise.",Acesso,Baixa,Suporte N1,mfa
Estou com um problema: Só uma tarefa secundária foi afetada e tenho outra forma de realizá-la. O problema é que o ponto de rede da mesa não está funcionando. Agradeço se puderem verificar.,Rede,Baixa,Infraestrutura,cabeada
"Pessoal, o acesso falha na etapa de autenticação. Diversas equipes não conseguem trabalhar por causa dessa indisponibilidade. Solicito análise.",Acesso,Crítica,Suporte N1,login
Preciso de ajuda: Algumas mensagens esperadas não estão chegando. A ocorrência interrompeu uma operação essencial em larga escala. Isso começou hoje.,E-mail,Crítica,Suporte N1,recebimento
"Bom dia, A indisponibilidade tem impacto amplo e exige restauração imediata do serviço. O problema é que o filtro configurado não está sendo aplicado. Conseguem verificar?",E-mail,Crítica,Sistemas,regras
Podem verificar? O programa fecha sozinho durante o uso. Diversos usuários foram impactados e não há uma solução prática para o setor. Agradeço se puderem verificar.,Software,Alta,Suporte N1,aplicativo_fechando
Identificamos que não consigo visualizar as pastas de mensagens. Um serviço essencial para a empresa ficou indisponível para muitos usuários. Solicito análise.,E-mail,Crítica,Suporte N1,caixa
Podem verificar? A senha expirou e não consigo continuar. É um incômodo pontual e o trabalho continua normalmente. Conseguem verificar?,Acesso,Baixa,Suporte N1,senha
"Pessoal, o notebook não consegue se conectar à rede sem fio. Só uma tarefa secundária foi afetada e tenho outra forma de realizá-la.",Rede,Baixa,Infraestrutura,wifi
Podem verificar? A unidade de armazenamento some durante o uso. O usuário perdeu produtividade e precisa de suporte para continuar a atividade. Agradeço se puderem verificar.,Hardware,Média,Infraestrutura,armazenamento
Estou com um problema: Não há atividade parada; preciso apenas que seja verificado quando possível. O problema é que as mensagens novas não aparecem no aplicativo de e-mail. Agradeço se puderem verificar.,E-mail,Baixa,Suporte N1,sincronizacao
Estou com um problema: Uma função importante para o setor ficou indisponível para várias pessoas. O problema é que a conta não permite novas tentativas de autenticação. Agradeço se puderem verificar.,Acesso,Alta,Suporte N1,bloqueio
Podem verificar? A navegação está muito instável no escritório. Não há atividade parada; preciso apenas que seja verificado quando possível. Conseguem verificar?,Rede,Baixa,Infraestrutura,internet
Preciso de ajuda: Um recurso interno da rede deixou de responder. Várias pessoas do setor estão com o mesmo problema e uma atividade importante parou. Podem me ajudar?,Rede,Alta,Infraestrutura,recursos_rede
O equipamento não consegue acessar recursos usando o cabo. É um incômodo pontual e o trabalho continua normalmente.,Rede,Baixa,Infraestrutura,cabeada
Estou com um problema: Uma função importante para o setor ficou indisponível para várias pessoas. O problema é que dados do sistema mudaram sem uma solicitação conhecida. Podem me ajudar?,Segurança,Alta,Segurança,alteracao_nao_autorizada
Preciso de ajuda: O monitor não recebe sinal do computador. O impacto é pequeno neste momento e não existe urgência operacional. Podem me ajudar?,Hardware,Baixa,Suporte N1,video
Preciso de ajuda: O headset deixou de funcionar na estação. A ocorrência interrompeu uma operação essencial em larga escala. Isso começou hoje.,Hardware,Crítica,Suporte N1,perifericos
Identificamos que o equipamento não aceita novos trabalhos de impressão. A ocorrência interrompeu uma operação essencial em larga escala. Isso começou hoje.,Impressora,Crítica,Suporte N1,offline
Podem verificar? O computador executa ações inesperadas durante o expediente. Isso está atrapalhando o trabalho de uma pessoa durante a rotina. Agradeço se puderem verificar.,Segurança,Média,Segurança,comportamento_suspeito
Podem verificar? A verificação em duas etapas não conclui. Diversas equipes não conseguem trabalhar por causa dessa indisponibilidade. Solicito análise.,Acesso,Crítica,Suporte N1,mfa
"Olá, o cliente de e-mail não sincroniza as mensagens. A ocorrência já compromete o trabalho de uma equipe inteira. Isso começou hoje.",E-mail,Alta,Suporte N1,sincronizacao
A máquina apresenta atividades estranhas mesmo sem uso. Diversas equipes não conseguem trabalhar por causa dessa indisponibilidade. Conseguem verificar?,Segurança,Crítica,Segurança,comportamento_suspeito
Estou com um problema: Um serviço essencial para a empresa ficou indisponível para muitos usuários. O problema é que arquivos locais ficam indisponíveis de forma intermitente. Isso começou hoje.,Hardware,Crítica,Infraestrutura,armazenamento
"Estou com um problema: O usuário perdeu produtividade e precisa de suporte para continuar a atividade. O problema é que o serviço abre, mas não mostra o conteúdo das mensagens. Preciso de orientação.",E-mail,Média,Suporte N1,caixa
Tenho uma ocorrência em que Só uma tarefa secundária foi afetada e tenho outra forma de realizá-la. O problema é que a caixa corporativa demora para atualizar. Solicito análise.,E-mail,Baixa,Suporte N1,sincronizacao
Tenho uma ocorrência em que Grande parte da operação está parada e não existe alternativa disponível. O problema é que o navegador começou a abrir páginas que não solicitei.,Segurança,Crítica,Segurança,comportamento_suspeito
"Olá, o equipamento compartilhado não aparece para alguns usuários. Não há atividade parada; preciso apenas que seja verificado quando possível. Agradeço se puderem verificar.",Impressora,Baixa,Suporte N1,rede_impressao
"Pessoal, o acesso remoto apresenta erro de conexão. Grande parte da operação está parada e não existe alternativa disponível. Preciso de orientação.",Rede,Crítica,Infraestrutura,vpn
"Bom dia, Várias pessoas do setor estão com o mesmo problema e uma atividade importante parou. O problema é que o sistema informa erro relacionado ao armazenamento. Solicito análise.",Hardware,Alta,Infraestrutura,armazenamento
Tenho uma ocorrência em que Várias pessoas do setor estão com o mesmo problema e uma atividade importante parou. O problema é que uma tela do sistema de gestão não carrega.,Software,Alta,Sistemas,erp
"Pessoal, a conexão fica indo e voltando durante o expediente. É um incômodo pontual e o trabalho continua normalmente. Agradeço se puderem verificar.",Rede,Baixa,Infraestrutura,wifi
"Identificamos que chegou um e-mail estranho solicitando meus dados de acesso. Existe uma alternativa funcionando, então a solicitação pode aguardar. Agradeço se puderem verificar.",Segurança,Baixa,Segurança,phishing
Podem verificar? O equipamento compartilhado não aparece para alguns usuários. A ocorrência interrompeu uma operação essencial em larga escala.,Impressora,Crítica,Infraestrutura,rede_impressao
"Estou com um problema: A rotina individual está comprometida, porém o restante da equipe segue trabalhando. O problema é que o equipamento multifuncional não conclui o escaneamento. Solicito análise.",Impressora,Média,Suporte N1,scanner
"Bom dia, Uma função importante para o setor ficou indisponível para várias pessoas. O problema é que a estação perde a conexão sem fio de tempos em tempos. Solicito análise.",Rede,Alta,Infraestrutura,wifi
Preciso de ajuda: Não recebo e-mails de determinados remetentes. Várias pessoas do setor estão com o mesmo problema e uma atividade importante parou. Solicito análise.,E-mail,Alta,Suporte N1,recebimento
Estou com um problema: A equipe está sem conseguir concluir uma operação necessária para o trabalho. O problema é que o programa corporativo não funciona após ser configurado. Conseguem verificar?,Software,Alta,Sistemas,instalacao
A unidade de armazenamento some durante o uso. Várias pessoas do setor estão com o mesmo problema e uma atividade importante parou. Podem me ajudar?,Hardware,Alta,Infraestrutura,armazenamento
"Pessoal, os arquivos enviados para impressão não avançam. O problema está limitado a uma estação, mas interfere no trabalho diário. Isso começou hoje.",Impressora,Média,Suporte N1,fila
"Identificamos que o filtro configurado não está sendo aplicado. O problema está limitado a uma estação, mas interfere no trabalho diário. Solicito análise.",E-mail,Média,Sistemas,regras
"Bom dia, É um incômodo pontual e o trabalho continua normalmente. O problema é que o monitor não recebe sinal do computador. Isso começou hoje.",Hardware,Baixa,Suporte N1,video
Tenho uma ocorrência em que É um incômodo pontual e o trabalho continua normalmente. O problema é que as mensagens enviadas para mim não aparecem. Isso começou hoje.,E-mail,Baixa,Suporte N1,recebimento
O computador executa ações inesperadas durante o expediente. A indisponibilidade tem impacto amplo e exige restauração imediata do serviço. Podem me ajudar?,Segurança,Crítica,Segurança,comportamento_suspeito
"Identificamos que o computador conectado por cabo ficou sem acesso. O problema está limitado a uma estação, mas interfere no trabalho diário. Solicito análise.",Rede,Média,Infraestrutura,cabeada
"Bom dia, A rotina individual está comprometida, porém o restante da equipe segue trabalhando. O problema é que a navegação ficou lenta e apresenta interrupções. Agradeço se puderem verificar.",Rede,Média,Infraestrutura,internet
Identificamos que o scanner não é reconhecido pela estação. A indisponibilidade tem impacto amplo e exige restauração imediata do serviço. Isso começou hoje.,Impressora,Crítica,Suporte N1,scanner
"Não consigo mandar e-mails para outros usuários. A rotina individual está comprometida, porém o restante da equipe segue trabalhando. Agradeço se puderem verificar.",E-mail,Média,Suporte N1,envio
Identificamos que o equipamento compartilhado não aparece para alguns usuários. Grande parte da operação está parada e não existe alternativa disponível. Preciso de orientação.,Impressora,Crítica,Infraestrutura,rede_impressao
"Olá, não recebo a confirmação necessária para entrar. A indisponibilidade tem impacto amplo e exige restauração imediata do serviço. Isso começou hoje.",Acesso,Crítica,Segurança,mfa
"Pessoal, recebi confirmação de acesso que não fui eu quem realizou. O impacto é pequeno neste momento e não existe urgência operacional. Isso começou hoje.",Segurança,Baixa,Segurança,acesso_suspeito
"A aplicação para de responder ao salvar informações. O problema está limitado a uma estação, mas interfere no trabalho diário. Preciso de orientação.",Software,Média,Suporte N1,aplicativo_fechando
Preciso de ajuda: O sistema pede troca de senha mas o processo falha. O problema afeta diversos usuários e precisa ser tratado com rapidez. Isso começou hoje.,Acesso,Alta,Suporte N1,senha
"Estou com um problema: Uma atividade normal ficou prejudicada, embora ainda seja possível fazer outras tarefas. O problema é que há sessões na minha conta que eu não iniciei. Preciso de orientação.",Segurança,Média,Segurança,acesso_suspeito
"A estação fica muito quente e perde desempenho. Existe uma alternativa funcionando, então a solicitação pode aguardar. Podem me ajudar?",Hardware,Baixa,Infraestrutura,temperatura
Estou com um problema: Uma pessoa não consegue concluir uma tarefa habitual por causa da ocorrência. O problema é que a imagem desaparece enquanto o equipamento continua ligado. Agradeço se puderem verificar.,Hardware,Média,Suporte N1,video
Tenho uma ocorrência em que Um serviço essencial para a empresa ficou indisponível para muitos usuários. O problema é que um remetente desconhecido pediu informações da minha conta. Solicito análise.,Segurança,Crítica,Segurança,phishing
"Olá, um programa necessário não abre depois da instalação. Diversos usuários foram impactados e não há uma solução prática para o setor. Conseguem verificar?",Software,Alta,Sistemas,instalacao
"Bom dia, Não há atividade parada; preciso apenas que seja verificado quando possível. O problema é que o navegador começou a abrir páginas que não solicitei. Preciso de orientação.",Segurança,Baixa,Segurança,comportamento_suspeito
"Pessoal, a estação fica muito quente e perde desempenho. Uma função importante para o setor ficou indisponível para várias pessoas. Agradeço se puderem verificar.",Hardware,Alta,Infraestrutura,temperatura
"O computador parece iniciar normalmente, porém nada aparece na tela. Uma função importante para o setor ficou indisponível para várias pessoas. Preciso de orientação.",Hardware,Alta,Suporte N1,video
"Bom dia, O problema afeta diversos usuários e precisa ser tratado com rapidez. O problema é que minha conta não permite iniciar a sessão. Agradeço se puderem verificar.",Acesso,Alta,Suporte N1,login
"Estou com um problema: Uma função importante para o setor ficou indisponível para várias pessoas. O problema é que consigo receber, mas não consigo enviar mensagens. Solicito análise.",E-mail,Alta,Suporte N1,envio
Estou com um problema: Uma função importante para o setor ficou indisponível para várias pessoas. O problema é que uma ferramenta autorizada precisa ser reinstalada. Preciso de orientação.,Software,Alta,Sistemas,instalacao
"Pessoal, não conseguimos localizar a impressora compartilhada. Só uma tarefa secundária foi afetada e tenho outra forma de realizá-la. Solicito análise.",Impressora,Baixa,Suporte N1,rede_impressao
"Estou com um problema: O problema está limitado a uma estação, mas interfere no trabalho diário. O problema é que o computador executa ações inesperadas durante o expediente. Preciso de orientação.",Segurança,Média,Segurança,comportamento_suspeito
Estou com um problema: Diversas equipes não conseguem trabalhar por causa dessa indisponibilidade. O problema é que um recurso interno da rede deixou de responder.,Rede,Crítica,Infraestrutura,recursos_rede
Estou com um problema: A ocorrência interrompeu uma operação essencial em larga escala. O problema é que recebi aviso de login que não reconheço. Agradeço se puderem verificar.,Segurança,Crítica,Segurança,acesso_suspeito
"Pessoal, sites externos deixam de abrir por alguns minutos. Diversas equipes não conseguem trabalhar por causa dessa indisponibilidade. Podem me ajudar?",Rede,Crítica,Infraestrutura,internet
"Tenho uma ocorrência em que Uma atividade normal ficou prejudicada, embora ainda seja possível fazer outras tarefas. O problema é que recebi uma mensagem pedindo para confirmar minha senha em um link. Preciso de orientação.",Segurança,Média,Segurança,phishing
"A fila acumula documentos sem processá-los. O problema está limitado a uma estação, mas interfere no trabalho diário. Preciso de orientação.",Impressora,Média,Suporte N1,fila
Estou com um problema: A ocorrência interrompeu uma operação essencial em larga escala. O problema é que uma regra automática deixou de organizar as mensagens. Preciso de orientação.,E-mail,Crítica,Sistemas,regras
O equipamento compartilhado não aparece para alguns usuários. Consigo continuar por outro caminho e isso não bloqueia minha rotina. Preciso de orientação.,Impressora,Baixa,Suporte N1,rede_impressao
"Bom dia, O problema afeta diversos usuários e precisa ser tratado com rapidez. O problema é que as páginas estão saindo com falhas na impressão. Preciso de orientação.",Impressora,Alta,Suporte N1,qualidade
Tenho uma ocorrência em que Diversas equipes não conseguem trabalhar por causa dessa indisponibilidade. O problema é que o computador passou a abrir programas que não reconheço. Podem me ajudar?,Segurança,Crítica,Segurança,malware
Tenho uma ocorrência em que Só uma tarefa secundária foi afetada e tenho outra forma de realizá-la. O problema é que não consigo concluir a recuperação da senha. Agradeço se puderem verificar.,Acesso,Baixa,Suporte N1,senha
Estou com um problema: É um incômodo pontual e o trabalho continua normalmente. O problema é que há falhas frequentes ao salvar arquivos na máquina. Conseguem verificar?,Hardware,Baixa,Suporte N1,armazenamento
Identificamos que não recebo a confirmação necessária para entrar. A equipe está sem conseguir concluir uma operação necessária para o trabalho. Preciso de orientação.,Acesso,Alta,Segurança,mfa
"Estou com um problema: A rotina individual está comprometida, porém o restante da equipe segue trabalhando. O problema é que a organização automática das mensagens falhou. Agradeço se puderem verificar.",E-mail,Média,Sistemas,regras
"Olá, minha conta ficou bloqueada depois de algumas tentativas. Diversos usuários foram impactados e não há uma solução prática para o setor. Isso começou hoje.",Acesso,Alta,Suporte N1,bloqueio
Várias estações perderam acesso ao dispositivo de impressão. Um serviço essencial para a empresa ficou indisponível para muitos usuários.,Impressora,Crítica,Infraestrutura,rede_impressao
Preciso de ajuda: Meu perfil não possui acesso a uma área necessária. Várias pessoas do setor estão com o mesmo problema e uma atividade importante parou. Agradeço se puderem verificar.,Acesso,Alta,Sistemas,permissao
Tenho uma ocorrência em que Não há atividade parada; preciso apenas que seja verificado quando possível. O problema é que o código de autenticação não chega ao meu dispositivo. Isso começou hoje.,Acesso,Baixa,Suporte N1,mfa
"Pessoal, a unidade de armazenamento some durante o uso. Existe uma alternativa funcionando, então a solicitação pode aguardar.",Hardware,Baixa,Suporte N1,armazenamento
Recebi aviso de login que não reconheço. Não há atividade parada; preciso apenas que seja verificado quando possível. Isso começou hoje.,Segurança,Baixa,Segurança,acesso_suspeito
"Olá, o sinal está disponível, mas a máquina não consegue navegar. O problema afeta diversos usuários e precisa ser tratado com rapidez. Conseguem verificar?",Rede,Alta,Infraestrutura,wifi
Tenho uma ocorrência em que A ocorrência interrompeu uma operação essencial em larga escala. O problema é que a caixa corporativa apresenta falha ao carregar. Agradeço se puderem verificar.,E-mail,Crítica,Suporte N1,caixa
"Tenho uma ocorrência em que Uma atividade normal ficou prejudicada, embora ainda seja possível fazer outras tarefas. O problema é que o equipamento de impressão aparece indisponível. Isso começou hoje.",Impressora,Média,Suporte N1,offline
Um remetente desconhecido pediu informações da minha conta. A indisponibilidade tem impacto amplo e exige restauração imediata do serviço.,Segurança,Crítica,Segurança,phishing
O teclado parou de responder em algumas teclas. Grande parte da operação está parada e não existe alternativa disponível. Agradeço se puderem verificar.,Hardware,Crítica,Suporte N1,perifericos
Identificamos que o acesso remoto cai poucos minutos depois de conectar. O usuário perdeu produtividade e precisa de suporte para continuar a atividade. Podem me ajudar?,Rede,Média,Infraestrutura,vpn
Tenho uma ocorrência em que A ocorrência interrompeu uma operação essencial em larga escala. O problema é que surgiram alertas sobre um possível software malicioso. Conseguem verificar?,Segurança,Crítica,Segurança,malware
"O serviço abre, mas não mostra o conteúdo das mensagens. Muitos usuários estão impedidos de executar atividades críticas da empresa. Podem me ajudar?",E-mail,Crítica,Suporte N1,caixa
Podem verificar? O computador não dá sinal ao apertar o botão de ligar. Diversos usuários foram impactados e não há uma solução prática para o setor. Podem me ajudar?,Hardware,Alta,Suporte N1,energia
"Olá, o computador apresenta erros ao abrir arquivos locais. Grande parte da operação está parada e não existe alternativa disponível. Isso começou hoje.",Hardware,Crítica,Infraestrutura,armazenamento
Informações registradas em um sistema não chegam ao outro. Isso está atrapalhando o trabalho de uma pessoa durante a rotina. Podem me ajudar?,Software,Média,Sistemas,integracao
Um recurso foi modificado sem registro conhecido da equipe. A equipe está sem conseguir concluir uma operação necessária para o trabalho. Conseguem verificar?,Segurança,Alta,Segurança,alteracao_nao_autorizada
Preciso de ajuda: A máquina desliga quando fica quente. Diversas equipes não conseguem trabalhar por causa dessa indisponibilidade. Agradeço se puderem verificar.,Hardware,Crítica,Infraestrutura,temperatura
Preciso de ajuda: Uma configuração foi modificada sem autorização. O impacto é pequeno neste momento e não existe urgência operacional. Podem me ajudar?,Segurança,Baixa,Sistemas,alteracao_nao_autorizada
"Bom dia, O problema está limitado a uma estação, mas interfere no trabalho diário. O problema é que não consigo visualizar as pastas de mensagens. Preciso de orientação.",E-mail,Média,Suporte N1,caixa
Podem verificar? Recebi um link inesperado pedindo autenticação corporativa. Grande parte da operação está parada e não existe alternativa disponível.,Segurança,Crítica,Segurança,phishing
"Olá, a máquina inicia sem mostrar imagem. Existe uma alternativa funcionando, então a solicitação pode aguardar. Preciso de orientação.",Hardware,Baixa,Suporte N1,video
"Bom dia, A ocorrência interrompeu uma operação essencial em larga escala. O problema é que minhas mensagens ficam presas e não são enviadas. Agradeço se puderem verificar.",E-mail,Crítica,Suporte N1,envio
Uma aplicação desconhecida começou a executar sozinha. É um incômodo pontual e o trabalho continua normalmente.,Segurança,Baixa,Segurança,malware
"Olá, algumas mensagens esperadas não estão chegando. O problema afeta diversos usuários e precisa ser tratado com rapidez. Agradeço se puderem verificar.",E-mail,Alta,Suporte N1,recebimento
"Bom dia, A ocorrência já compromete o trabalho de uma equipe inteira. O problema é que o aplicativo foi instalado mas não inicia. Preciso de orientação.",Software,Alta,Sistemas,instalacao
Identificamos que a aplicação encerra ao executar uma tarefa. Várias pessoas do setor estão com o mesmo problema e uma atividade importante parou. Podem me ajudar?,Software,Alta,Suporte N1,aplicativo_fechando
Tenho uma ocorrência em que A ocorrência interrompeu uma operação essencial em larga escala. O problema é que o resultado impresso está diferente do arquivo original. Solicito análise.,Impressora,Crítica,Suporte N1,qualidade
"Olá, o perfil não permite executar a operação necessária. Só uma tarefa secundária foi afetada e tenho outra forma de realizá-la. Solicito análise.",Acesso,Baixa,Sistemas,permissao
"Olá, uma mensagem afirma que minha conta será bloqueada se eu não informar credenciais. O problema está limitado a uma estação, mas interfere no trabalho diário.",Segurança,Média,Segurança,phishing
Tenho uma ocorrência em que É um incômodo pontual e o trabalho continua normalmente. O problema é que preciso consultar uma tela e recebo aviso de permissão.,Acesso,Baixa,Sistemas,permissao
Tenho uma ocorrência em que A equipe está sem conseguir concluir uma operação necessária para o trabalho. O problema é que recebi confirmação de acesso que não fui eu quem realizou. Preciso de orientação.,Segurança,Alta,Segurança,acesso_suspeito
Identificamos que a sessão remota com a rede corporativa fica instável. A indisponibilidade tem impacto amplo e exige restauração imediata do serviço. Preciso de orientação.,Rede,Crítica,Infraestrutura,vpn
Estou com um problema: Só uma tarefa secundária foi afetada e tenho outra forma de realizá-la. O problema é que a nova versão do programa não abre corretamente. Podem me ajudar?,Software,Baixa,Sistemas,atualizacao
Preciso de ajuda: Informações apareceram alteradas e ninguém da equipe realizou a mudança. Não há atividade parada; preciso apenas que seja verificado quando possível.,Segurança,Baixa,Sistemas,alteracao_nao_autorizada
O aplicativo trava e precisa ser aberto novamente. A indisponibilidade tem impacto amplo e exige restauração imediata do serviço. Agradeço se puderem verificar.,Software,Crítica,Suporte N1,aplicativo_fechando
"Bom dia, Consigo continuar por outro caminho e isso não bloqueia minha rotina. O problema é que o resultado impresso está diferente do arquivo original.",Impressora,Baixa,Suporte N1,qualidade
O computador apresenta erros ao abrir arquivos locais. A ocorrência interrompeu uma operação essencial em larga escala. Conseguem verificar?,Hardware,Crítica,Infraestrutura,armazenamento
"Olá, o programa corporativo não funciona após ser configurado. O impacto é pequeno neste momento e não existe urgência operacional. Solicito análise.",Software,Baixa,Suporte N1,instalacao
Identificamos que a conexão com a internet está oscilando. É um incômodo pontual e o trabalho continua normalmente. Preciso de orientação.,Rede,Baixa,Infraestrutura,internet
"Bom dia, A ocorrência interrompeu uma operação essencial em larga escala. O problema é que surgiram janelas e processos que o usuário não reconhece. Agradeço se puderem verificar.",Segurança,Crítica,Segurança,comportamento_suspeito
Estou com um problema: É um incômodo pontual e o trabalho continua normalmente. O problema é que recebi confirmação de acesso que não fui eu quem realizou. Podem me ajudar?,Segurança,Baixa,Segurança,acesso_suspeito
"Bom dia, A indisponibilidade tem impacto amplo e exige restauração imediata do serviço. O problema é que o computador conectado por cabo ficou sem acesso. Conseguem verificar?",Rede,Crítica,Infraestrutura,cabeada
Não consigo confirmar o segundo fator de acesso. É um incômodo pontual e o trabalho continua normalmente. Agradeço se puderem verificar.,Acesso,Baixa,Suporte N1,mfa
"Preciso de ajuda: O notebook não consegue se conectar à rede sem fio. Existe uma alternativa funcionando, então a solicitação pode aguardar. Solicito análise.",Rede,Baixa,Infraestrutura,wifi
Identificamos que surgiram alertas sobre um possível software malicioso. Grande parte da operação está parada e não existe alternativa disponível. Agradeço se puderem verificar.,Segurança,Crítica,Segurança,malware
"Pessoal, o encaminhamento automático parou de funcionar. Isso está atrapalhando o trabalho de uma pessoa durante a rotina. Isso começou hoje.",E-mail,Média,Sistemas,regras
"Estou com um problema: Uma atividade normal ficou prejudicada, embora ainda seja possível fazer outras tarefas. O problema é que o computador apresenta erros ao abrir arquivos locais. Solicito análise.",Hardware,Média,Infraestrutura,armazenamento
"Olá, informações apareceram alteradas e ninguém da equipe realizou a mudança. A ocorrência interrompeu uma operação essencial em larga escala.",Segurança,Crítica,Segurança,alteracao_nao_autorizada
"Tenho uma ocorrência em que O problema está limitado a uma estação, mas interfere no trabalho diário. O problema é que informações registradas em um sistema não chegam ao outro. Isso começou hoje.",Software,Média,Sistemas,integracao
Estou com um problema: Isso está atrapalhando o trabalho de uma pessoa durante a rotina. O problema é que não recebo a confirmação necessária para entrar. Solicito análise.,Acesso,Média,Suporte N1,mfa
Identificamos que o histórico mostra entrada que não reconheço. Várias pessoas do setor estão com o mesmo problema e uma atividade importante parou. Podem me ajudar?,Segurança,Alta,Segurança,acesso_suspeito
Preciso de ajuda: A navegação ficou lenta e apresenta interrupções. O usuário perdeu produtividade e precisa de suporte para continuar a atividade. Conseguem verificar?,Rede,Média,Infraestrutura,internet
Podem verificar? A digitalização falha antes de salvar o arquivo. Diversos usuários foram impactados e não há uma solução prática para o setor. Podem me ajudar?,Impressora,Alta,Suporte N1,scanner
Podem verificar? O software apresenta erro ao concluir a configuração. A ocorrência interrompeu uma operação essencial em larga escala.,Software,Crítica,Sistemas,instalacao
"Pessoal, não consigo digitalizar documentos no equipamento. Diversos usuários foram impactados e não há uma solução prática para o setor. Isso começou hoje.",Impressora,Alta,Suporte N1,scanner
"Olá, arquivos locais ficam indisponíveis de forma intermitente. Isso está atrapalhando o trabalho de uma pessoa durante a rotina.",Hardware,Média,Infraestrutura,armazenamento
"Podem verificar? As pastas da conta não ficam disponíveis. O problema está limitado a uma estação, mas interfere no trabalho diário. Isso começou hoje.",E-mail,Média,Suporte N1,caixa
"Tenho uma ocorrência em que Não há atividade parada; preciso apenas que seja verificado quando possível. O problema é que o documento foi enviado, mas nada foi impresso. Agradeço se puderem verificar.",Impressora,Baixa,Suporte N1,fila
Tenho uma ocorrência em que Só uma tarefa secundária foi afetada e tenho outra forma de realizá-la. O problema é que não consigo chegar aos recursos internos trabalhando de casa. Podem me ajudar?,Rede,Baixa,Infraestrutura,vpn
Estou com um problema: A indisponibilidade tem impacto amplo e exige restauração imediata do serviço. O problema é que o leitor conectado à máquina não responde. Conseguem verificar?,Hardware,Crítica,Suporte N1,perifericos
"Pessoal, minha conta não permite iniciar a sessão. A ocorrência interrompeu uma operação essencial em larga escala. Isso começou hoje.",Acesso,Crítica,Suporte N1,login
"Bom dia, A equipe está sem conseguir concluir uma operação necessária para o trabalho. O problema é que o cliente de e-mail não sincroniza as mensagens. Podem me ajudar?",E-mail,Alta,Suporte N1,sincronizacao
O notebook esquenta muito durante tarefas simples. Diversos usuários foram impactados e não há uma solução prática para o setor. Isso começou hoje.,Hardware,Alta,Infraestrutura,temperatura
"Bom dia, Isso está atrapalhando o trabalho de uma pessoa durante a rotina. O problema é que preciso consultar uma tela e recebo aviso de permissão. Conseguem verificar?",Acesso,Média,Sistemas,permissao
Preciso de ajuda: A ferramenta corporativa fecha ao gerar um relatório. Muitos usuários estão impedidos de executar atividades críticas da empresa. Agradeço se puderem verificar.,Software,Crítica,Suporte N1,aplicativo_fechando
Identificamos que o ERP retorna erro ao registrar uma operação. Diversos usuários foram impactados e não há uma solução prática para o setor. Isso começou hoje.,Software,Alta,Sistemas,erp
O computador passou a abrir programas que não reconheço. Muitos usuários estão impedidos de executar atividades críticas da empresa. Solicito análise.,Segurança,Crítica,Segurança,malware
Podem verificar? Informações registradas em um sistema não chegam ao outro. É um incômodo pontual e o trabalho continua normalmente. Agradeço se puderem verificar.,Software,Baixa,Sistemas,integracao
Identificamos que o headset deixou de funcionar na estação. Uma pessoa não consegue concluir uma tarefa habitual por causa da ocorrência. Solicito análise.,Hardware,Média,Suporte N1,perifericos
"Preciso de ajuda: Mandei imprimir, mas o documento ficou parado na fila. Grande parte da operação está parada e não existe alternativa disponível.",Impressora,Crítica,Suporte N1,fila
Identificamos que a máquina desliga quando fica quente. O usuário perdeu produtividade e precisa de suporte para continuar a atividade. Isso começou hoje.,Hardware,Média,Infraestrutura,temperatura
"Olá, não consigo entrar porque a conta foi travada. Isso está atrapalhando o trabalho de uma pessoa durante a rotina. Preciso de orientação.",Acesso,Média,Suporte N1,bloqueio
Identificamos que o programa fecha sozinho durante o uso. A ocorrência interrompeu uma operação essencial em larga escala. Conseguem verificar?,Software,Crítica,Suporte N1,aplicativo_fechando
Preciso de ajuda: O dispositivo de impressão perdeu comunicação com as estações. A indisponibilidade tem impacto amplo e exige restauração imediata do serviço. Agradeço se puderem verificar.,Impressora,Crítica,Infraestrutura,rede_impressao
Identificamos que um arquivo corporativo foi alterado sem que a equipe soubesse. Grande parte da operação está parada e não existe alternativa disponível. Podem me ajudar?,Segurança,Crítica,Segurança,alteracao_nao_autorizada
"Olá, o histórico mostra entrada que não reconheço. Muitos usuários estão impedidos de executar atividades críticas da empresa. Preciso de orientação.",Segurança,Crítica,Segurança,acesso_suspeito
Uma regra automática deixou de organizar as mensagens. Não há atividade parada; preciso apenas que seja verificado quando possível. Conseguem verificar?,E-mail,Baixa,Sistemas,regras
"Podem verificar? Não conseguimos localizar a impressora compartilhada. A rotina individual está comprometida, porém o restante da equipe segue trabalhando. Preciso de orientação.",Impressora,Média,Infraestrutura,rede_impressao
"Pessoal, dois sistemas deixaram de trocar informações. Consigo continuar por outro caminho e isso não bloqueia minha rotina. Conseguem verificar?",Software,Baixa,Sistemas,integracao
"Pessoal, uma mensagem suspeita tenta me levar a uma página de login. O usuário perdeu produtividade e precisa de suporte para continuar a atividade.",Segurança,Média,Segurança,phishing
Podem verificar? A conta não permite novas tentativas de autenticação. Diversas equipes não conseguem trabalhar por causa dessa indisponibilidade. Conseguem verificar?,Acesso,Crítica,Suporte N1,bloqueio
"Olá, o equipamento apresenta aquecimento fora do normal. Uma atividade normal ficou prejudicada, embora ainda seja possível fazer outras tarefas. Isso começou hoje.",Hardware,Média,Infraestrutura,temperatura
Tenho uma ocorrência em que O impacto é pequeno neste momento e não existe urgência operacional. O problema é que a conexão com a internet está oscilando. Agradeço se puderem verificar.,Rede,Baixa,Infraestrutura,internet
"Olá, o notebook liga, mas a tela permanece apagada. Não há atividade parada; preciso apenas que seja verificado quando possível. Solicito análise.",Hardware,Baixa,Suporte N1,video
"Pessoal, um dispositivo USB não é reconhecido. É um incômodo pontual e o trabalho continua normalmente. Preciso de orientação.",Hardware,Baixa,Suporte N1,perifericos
"Bom dia, Uma pessoa não consegue concluir uma tarefa habitual por causa da ocorrência. O problema é que um compartilhamento corporativo ficou inacessível. Preciso de orientação.",Rede,Média,Infraestrutura,recursos_rede
"Pessoal, uma configuração foi modificada sem autorização. O problema está limitado a uma estação, mas interfere no trabalho diário. Solicito análise.",Segurança,Média,Segurança,alteracao_nao_autorizada
A etapa adicional de autenticação está falhando. Muitos usuários estão impedidos de executar atividades críticas da empresa. Preciso de orientação.,Acesso,Crítica,Suporte N1,mfa
Estou com um problema: O problema afeta diversos usuários e precisa ser tratado com rapidez. O problema é que recebi um link inesperado pedindo autenticação corporativa. Solicito análise.,Segurança,Alta,Segurança,phishing
"Pessoal, várias estações perderam acesso ao dispositivo de impressão. O problema está limitado a uma estação, mas interfere no trabalho diário. Agradeço se puderem verificar.",Impressora,Média,Infraestrutura,rede_impressao
Preciso de ajuda: Várias estações perderam acesso ao dispositivo de impressão. O impacto é pequeno neste momento e não existe urgência operacional. Preciso de orientação.,Impressora,Baixa,Suporte N1,rede_impressao
"Estou com um problema: O problema está limitado a uma estação, mas interfere no trabalho diário. O problema é que a estação informa que o equipamento não está conectado. Solicito análise.",Impressora,Média,Suporte N1,offline
Podem verificar? Surgiram janelas e processos que o usuário não reconhece. Uma pessoa não consegue concluir uma tarefa habitual por causa da ocorrência. Isso começou hoje.,Segurança,Média,Segurança,comportamento_suspeito
Identificamos que a instalação de uma ferramenta corporativa falha. Só uma tarefa secundária foi afetada e tenho outra forma de realizá-la. Agradeço se puderem verificar.,Software,Baixa,Suporte N1,instalacao
"Bom dia, Só uma tarefa secundária foi afetada e tenho outra forma de realizá-la. O problema é que o serviço abre, mas não mostra o conteúdo das mensagens. Podem me ajudar?",E-mail,Baixa,Suporte N1,caixa
"Identificamos que não consigo enviar documentos porque o dispositivo está offline. Existe uma alternativa funcionando, então a solicitação pode aguardar. Podem me ajudar?",Impressora,Baixa,Suporte N1,offline
Estou com um problema: Diversos usuários foram impactados e não há uma solução prática para o setor. O problema é que o equipamento compartilhado não aparece para alguns usuários. Solicito análise.,Impressora,Alta,Infraestrutura,rede_impressao
Identificamos que a navegação ficou lenta e apresenta interrupções. Muitos usuários estão impedidos de executar atividades críticas da empresa.,Rede,Crítica,Infraestrutura,internet
Tenho uma ocorrência em que Consigo continuar por outro caminho e isso não bloqueia minha rotina. O problema é que recebi aviso de login que não reconheço. Conseguem verificar?,Segurança,Baixa,Segurança,acesso_suspeito
Tenho uma ocorrência em que Só uma tarefa secundária foi afetada e tenho outra forma de realizá-la. O problema é que não consigo enviar documentos porque o dispositivo está offline. Solicito análise.,Impressora,Baixa,Suporte N1,offline
Tenho uma ocorrência em que Não há atividade parada; preciso apenas que seja verificado quando possível. O problema é que apareceu um programa no computador que eu nunca instalei. Agradeço se puderem verificar.,Segurança,Baixa,Segurança,malware
"Olá, o ERP não permite finalizar o processo. O problema afeta diversos usuários e precisa ser tratado com rapidez. Solicito análise.",Software,Alta,Sistemas,erp
Tenho uma ocorrência em que Não há atividade parada; preciso apenas que seja verificado quando possível. O problema é que o acesso à internet parou em parte do ambiente. Isso começou hoje.,Rede,Baixa,Infraestrutura,internet
Identificamos que o dispositivo de impressão perdeu comunicação com as estações. Isso está atrapalhando o trabalho de uma pessoa durante a rotina. Isso começou hoje.,Impressora,Média,Infraestrutura,rede_impressao
Tenho uma ocorrência em que Muitos usuários estão impedidos de executar atividades críticas da empresa. O problema é que uma mensagem suspeita tenta me levar a uma página de login. Isso começou hoje.,Segurança,Crítica,Segurança,phishing
Podem verificar? A máquina acessa a internet mas não os recursos internos. Uma função importante para o setor ficou indisponível para várias pessoas.,Rede,Alta,Infraestrutura,recursos_rede
O equipamento multifuncional não conclui o escaneamento. Diversas equipes não conseguem trabalhar por causa dessa indisponibilidade. Conseguem verificar?,Impressora,Crítica,Suporte N1,scanner
"Preciso de ajuda: O dispositivo de impressão ficou inacessível. A rotina individual está comprometida, porém o restante da equipe segue trabalhando. Agradeço se puderem verificar.",Impressora,Média,Suporte N1,offline
A caixa de entrada parou de atualizar. Uma função importante para o setor ficou indisponível para várias pessoas. Preciso de orientação.,E-mail,Alta,Suporte N1,sincronizacao
Tenho uma ocorrência em que Uma pessoa não consegue concluir uma tarefa habitual por causa da ocorrência. O problema é que a navegação está muito instável no escritório. Podem me ajudar?,Rede,Média,Infraestrutura,internet
"Podem verificar? Sites externos deixam de abrir por alguns minutos. Existe uma alternativa funcionando, então a solicitação pode aguardar. Podem me ajudar?",Rede,Baixa,Infraestrutura,internet
"Olá, o documento impresso fica com partes ilegíveis. O usuário perdeu produtividade e precisa de suporte para continuar a atividade. Agradeço se puderem verificar.",Impressora,Média,Suporte N1,qualidade
"Olá, a impressora da rede deixou de responder. Existe uma alternativa funcionando, então a solicitação pode aguardar. Isso começou hoje.",Impressora,Baixa,Suporte N1,rede_impressao
"Bom dia, É um incômodo pontual e o trabalho continua normalmente. O problema é que várias estações perderam acesso ao dispositivo de impressão.",Impressora,Baixa,Suporte N1,rede_impressao
Podem verificar? O equipamento de impressão aparece indisponível. Consigo continuar por outro caminho e isso não bloqueia minha rotina. Agradeço se puderem verificar.,Impressora,Baixa,Suporte N1,offline
Podem verificar? O navegador começou a abrir páginas que não solicitei. Diversos usuários foram impactados e não há uma solução prática para o setor. Podem me ajudar?,Segurança,Alta,Segurança,comportamento_suspeito
Preciso de ajuda: O equipamento de impressão aparece indisponível. A ocorrência interrompeu uma operação essencial em larga escala. Preciso de orientação.,Impressora,Crítica,Suporte N1,offline
"Estou com um problema: Uma atividade normal ficou prejudicada, embora ainda seja possível fazer outras tarefas. O problema é que a digitalização falha antes de salvar o arquivo. Isso começou hoje.",Impressora,Média,Suporte N1,scanner
"Bom dia, O usuário perdeu produtividade e precisa de suporte para continuar a atividade. O problema é que a função de digitalização não aparece no computador. Isso começou hoje.",Impressora,Média,Suporte N1,scanner
Identificamos que informações apareceram alteradas e ninguém da equipe realizou a mudança. Diversos usuários foram impactados e não há uma solução prática para o setor. Isso começou hoje.,Segurança,Alta,Segurança,alteracao_nao_autorizada
"Preciso de ajuda: Minha conta registra acesso em um horário em que eu não estava trabalhando. A rotina individual está comprometida, porém o restante da equipe segue trabalhando. Agradeço se puderem verificar.",Segurança,Média,Segurança,acesso_suspeito
"Olá, o sistema pede troca de senha mas o processo falha. Uma atividade normal ficou prejudicada, embora ainda seja possível fazer outras tarefas. Agradeço se puderem verificar.",Acesso,Média,Suporte N1,senha
Preciso de ajuda: A conexão com a internet está oscilando. A equipe está sem conseguir concluir uma operação necessária para o trabalho. Solicito análise.,Rede,Alta,Infraestrutura,internet
Minhas mensagens ficam presas e não são enviadas. O problema afeta diversos usuários e precisa ser tratado com rapidez.,E-mail,Alta,Suporte N1,envio
"Olá, a porta de rede parece não estabelecer comunicação. Diversos usuários foram impactados e não há uma solução prática para o setor. Isso começou hoje.",Rede,Alta,Infraestrutura,cabeada
Tenho uma ocorrência em que Só uma tarefa secundária foi afetada e tenho outra forma de realizá-la. O problema é que um recurso interno da rede deixou de responder. Preciso de orientação.,Rede,Baixa,Infraestrutura,recursos_rede
Estou com um problema: Não há atividade parada; preciso apenas que seja verificado quando possível. O problema é que não consigo estabelecer a conexão remota com a empresa. Preciso de orientação.,Rede,Baixa,Infraestrutura,vpn
Preciso de ajuda: A caixa de e-mail não abre corretamente. Diversos usuários foram impactados e não há uma solução prática para o setor. Podem me ajudar?,E-mail,Alta,Suporte N1,caixa
"Olá, a impressora não aparece disponível na estação. O problema está limitado a uma estação, mas interfere no trabalho diário. Conseguem verificar?",Impressora,Média,Suporte N1,offline
Uma regra da caixa está tratando mensagens de forma errada. A ocorrência interrompeu uma operação essencial em larga escala. Isso começou hoje.,E-mail,Crítica,Sistemas,regras
"Bom dia, A equipe está sem conseguir concluir uma operação necessária para o trabalho. O problema é que não consigo manter uma conexão estável no escritório. Preciso de orientação.",Rede,Alta,Infraestrutura,wifi
Algumas mensagens esperadas não estão chegando. Uma pessoa não consegue concluir uma tarefa habitual por causa da ocorrência. Preciso de orientação.,E-mail,Média,Suporte N1,recebimento
Tenho uma ocorrência em que Uma função importante para o setor ficou indisponível para várias pessoas. O problema é que o ponto de rede da mesa não está funcionando. Podem me ajudar?,Rede,Alta,Infraestrutura,cabeada
Podem verificar? O filtro configurado não está sendo aplicado. Isso está atrapalhando o trabalho de uma pessoa durante a rotina. Podem me ajudar?,E-mail,Média,Sistemas,regras
"Olá, minha conta não permite iniciar a sessão. Diversos usuários foram impactados e não há uma solução prática para o setor. Preciso de orientação.",Acesso,Alta,Suporte N1,login
Podem verificar? Minha conta registra acesso em um horário em que eu não estava trabalhando. Muitos usuários estão impedidos de executar atividades críticas da empresa. Podem me ajudar?,Segurança,Crítica,Segurança,acesso_suspeito
"Olá, não conseguimos localizar a impressora compartilhada. Diversas equipes não conseguem trabalhar por causa dessa indisponibilidade. Podem me ajudar?",Impressora,Crítica,Infraestrutura,rede_impressao
Podem verificar? A conexão sem fio cai várias vezes. O problema afeta diversos usuários e precisa ser tratado com rapidez.,Rede,Alta,Infraestrutura,wifi
"Pessoal, o equipamento não permanece ligado. A indisponibilidade tem impacto amplo e exige restauração imediata do serviço. Preciso de orientação.",Hardware,Crítica,Suporte N1,energia
"Olá, não consigo mandar e-mails para outros usuários. Uma função importante para o setor ficou indisponível para várias pessoas. Conseguem verificar?",E-mail,Alta,Suporte N1,envio
"Olá, a conexão física da estação não disponibiliza a rede. O usuário perdeu produtividade e precisa de suporte para continuar a atividade. Solicito análise.",Rede,Média,Infraestrutura,cabeada
Tenho uma ocorrência em que É um incômodo pontual e o trabalho continua normalmente. O problema é que a impressora não aparece disponível na estação. Preciso de orientação.,Impressora,Baixa,Suporte N1,offline
"Bom dia, A indisponibilidade tem impacto amplo e exige restauração imediata do serviço. O problema é que a autenticação não conclui quando tento acessar.",Acesso,Crítica,Suporte N1,login
Tenho uma ocorrência em que A indisponibilidade tem impacto amplo e exige restauração imediata do serviço. O problema é que o usuário ficou impedido de iniciar sessão.,Acesso,Crítica,Suporte N1,bloqueio
Podem verificar? Um remetente desconhecido pediu informações da minha conta. A equipe está sem conseguir concluir uma operação necessária para o trabalho. Isso começou hoje.,Segurança,Alta,Segurança,phishing
"Preciso de ajuda: Uma funcionalidade está indisponível apenas para meu usuário. Uma atividade normal ficou prejudicada, embora ainda seja possível fazer outras tarefas. Solicito análise.",Acesso,Média,Sistemas,permissao
Estou com um problema: Grande parte da operação está parada e não existe alternativa disponível. O problema é que uma mensagem permanece na caixa de saída. Isso começou hoje.,E-mail,Crítica,Suporte N1,envio
"Bom dia, Muitos usuários estão impedidos de executar atividades críticas da empresa. O problema é que a máquina desliga quando fica quente. Preciso de orientação.",Hardware,Crítica,Infraestrutura,temperatura
"Estou com um problema: Existe uma alternativa funcionando, então a solicitação pode aguardar. O problema é que a integração não está enviando os dados esperados. Solicito análise.",Software,Baixa,Sistemas,integracao
O sistema pede troca de senha mas o processo falha. Uma pessoa não consegue concluir uma tarefa habitual por causa da ocorrência. Preciso de orientação.,Acesso,Média,Suporte N1,senha
"Preciso de ajuda: Consigo entrar no sistema, mas uma função não aparece para mim. A ocorrência interrompeu uma operação essencial em larga escala.",Acesso,Crítica,Sistemas,permissao
"Olá, a integração não está enviando os dados esperados. Várias pessoas do setor estão com o mesmo problema e uma atividade importante parou. Isso começou hoje.",Software,Alta,Sistemas,integracao
Estou com um problema: Um serviço essencial para a empresa ficou indisponível para muitos usuários. O problema é que não consigo fazer login no ambiente de trabalho. Agradeço se puderem verificar.,Acesso,Crítica,Segurança,login
Preciso de ajuda: Recebi aviso de login que não reconheço. O problema afeta diversos usuários e precisa ser tratado com rapidez.,Segurança,Alta,Segurança,acesso_suspeito
"Bom dia, É um incômodo pontual e o trabalho continua normalmente. O problema é que os arquivos enviados para impressão não avançam. Agradeço se puderem verificar.",Impressora,Baixa,Suporte N1,fila
"Bom dia, A ocorrência já compromete o trabalho de uma equipe inteira. O problema é que o envio de mensagens retorna erro. Solicito análise.",E-mail,Alta,Suporte N1,envio
"A conexão com a internet está oscilando. O problema está limitado a uma estação, mas interfere no trabalho diário. Conseguem verificar?",Rede,Média,Infraestrutura,internet
"Olá, recebi confirmação de acesso que não fui eu quem realizou. Um serviço essencial para a empresa ficou indisponível para muitos usuários. Conseguem verificar?",Segurança,Crítica,Segurança,acesso_suspeito
Preciso de ajuda: Não consigo chegar aos recursos internos trabalhando de casa. Várias pessoas do setor estão com o mesmo problema e uma atividade importante parou. Agradeço se puderem verificar.,Rede,Alta,Infraestrutura,vpn
"Pessoal, as mensagens novas não aparecem no aplicativo de e-mail. Consigo continuar por outro caminho e isso não bloqueia minha rotina. Preciso de orientação.",E-mail,Baixa,Suporte N1,sincronizacao
Tenho uma ocorrência em que Diversos usuários foram impactados e não há uma solução prática para o setor. O problema é que não consigo entrar na minha conta corporativa.,Acesso,Alta,Suporte N1,login
"Olá, um recurso interno da rede deixou de responder. A rotina individual está comprometida, porém o restante da equipe segue trabalhando. Conseguem verificar?",Rede,Média,Infraestrutura,recursos_rede
"Pessoal, o teclado parou de responder em algumas teclas. Uma atividade normal ficou prejudicada, embora ainda seja possível fazer outras tarefas. Isso começou hoje.",Hardware,Média,Suporte N1,perifericos
Preciso de ajuda: Não consigo concluir a recuperação da senha. Várias pessoas do setor estão com o mesmo problema e uma atividade importante parou. Solicito análise.,Acesso,Alta,Suporte N1,senha
Preciso de ajuda: Informações registradas em um sistema não chegam ao outro. A indisponibilidade tem impacto amplo e exige restauração imediata do serviço. Preciso de orientação.,Software,Crítica,Sistemas,integracao
"Olá, a conexão fica indo e voltando durante o expediente. A indisponibilidade tem impacto amplo e exige restauração imediata do serviço. Preciso de orientação.",Rede,Crítica,Infraestrutura,wifi
Estou com um problema: Diversas equipes não conseguem trabalhar por causa dessa indisponibilidade. O problema é que não recebo e-mails de determinados remetentes. Preciso de orientação.,E-mail,Crítica,Suporte N1,recebimento
Podem verificar? Algumas mensagens esperadas não estão chegando. Consigo continuar por outro caminho e isso não bloqueia minha rotina. Podem me ajudar?,E-mail,Baixa,Suporte N1,recebimento
"Olá, não consigo confirmar o segundo fator de acesso. O impacto é pequeno neste momento e não existe urgência operacional. Conseguem verificar?",Acesso,Baixa,Suporte N1,mfa
"Tenho uma ocorrência em que A rotina individual está comprometida, porém o restante da equipe segue trabalhando. O problema é que preciso redefinir a senha da conta. Conseguem verificar?",Acesso,Média,Suporte N1,senha
"Estou com um problema: Existe uma alternativa funcionando, então a solicitação pode aguardar. O problema é que a máquina desliga quando fica quente. Agradeço se puderem verificar.",Hardware,Baixa,Infraestrutura,temperatura
Preciso de ajuda: A webcam não é detectada pelo computador. Diversas equipes não conseguem trabalhar por causa dessa indisponibilidade. Solicito análise.,Hardware,Crítica,Suporte N1,perifericos
"Pessoal, o serviço de e-mail falha quando tento enviar. O problema está limitado a uma estação, mas interfere no trabalho diário.",E-mail,Média,Suporte N1,envio
"Estou com um problema: O impacto é pequeno neste momento e não existe urgência operacional. O problema é que a estação liga, mas não exibe vídeo. Solicito análise.",Hardware,Baixa,Suporte N1,video
Identificamos que não consigo mandar e-mails para outros usuários. Só uma tarefa secundária foi afetada e tenho outra forma de realizá-la.,E-mail,Baixa,Suporte N1,envio
Estou com um problema: Diversas equipes não conseguem trabalhar por causa dessa indisponibilidade. O problema é que a estação fica muito quente e perde desempenho. Conseguem verificar?,Hardware,Crítica,Infraestrutura,temperatura
"Bom dia, Consigo continuar por outro caminho e isso não bloqueia minha rotina. O problema é que surgiram alertas sobre um possível software malicioso. Isso começou hoje.",Segurança,Baixa,Segurança,malware
"Olá, o programa não funciona como antes após ser atualizado. Isso está atrapalhando o trabalho de uma pessoa durante a rotina. Isso começou hoje.",Software,Média,Sistemas,atualizacao
"Bom dia, Consigo continuar por outro caminho e isso não bloqueia minha rotina. O problema é que o ERP retorna erro ao registrar uma operação. Solicito análise.",Software,Baixa,Sistemas,erp
"Olá, o processo automático entre os sistemas parou. A rotina individual está comprometida, porém o restante da equipe segue trabalhando. Conseguem verificar?",Software,Média,Sistemas,integracao
"Bom dia, Grande parte da operação está parada e não existe alternativa disponível. O problema é que dois sistemas deixaram de trocar informações. Conseguem verificar?",Software,Crítica,Sistemas,integracao
Podem verificar? A conexão segura com a rede corporativa não completa. É um incômodo pontual e o trabalho continua normalmente. Solicito análise.,Rede,Baixa,Infraestrutura,vpn
"Pessoal, o computador passou a abrir programas que não reconheço. A rotina individual está comprometida, porém o restante da equipe segue trabalhando. Preciso de orientação.",Segurança,Média,Segurança,malware
"Bom dia, O usuário perdeu produtividade e precisa de suporte para continuar a atividade. O problema é que os e-mails não estão sendo movidos para a pasta configurada.",E-mail,Média,Sistemas,regras
Podem verificar? A caixa parece não receber novas mensagens. Grande parte da operação está parada e não existe alternativa disponível. Solicito análise.,E-mail,Crítica,Suporte N1,recebimento
Estou com um problema: Grande parte da operação está parada e não existe alternativa disponível. O problema é que apareceu um programa no computador que eu nunca instalei. Preciso de orientação.,Segurança,Crítica,Segurança,malware
Estou com um problema: Um serviço essencial para a empresa ficou indisponível para muitos usuários. O problema é que a conexão com a internet está oscilando. Preciso de orientação.,Rede,Crítica,Infraestrutura,internet
Tenho uma ocorrência em que Consigo continuar por outro caminho e isso não bloqueia minha rotina. O problema é que uma regra automática deixou de organizar as mensagens. Agradeço se puderem verificar.,E-mail,Baixa,Sistemas,regras
Tenho uma ocorrência em que Um serviço essencial para a empresa ficou indisponível para muitos usuários. O problema é que o scanner não é reconhecido pela estação. Podem me ajudar?,Impressora,Crítica,Suporte N1,scanner
Identificamos que não consigo manter uma conexão estável no escritório. O impacto é pequeno neste momento e não existe urgência operacional. Isso começou hoje.,Rede,Baixa,Infraestrutura,wifi
Preciso de ajuda: O notebook não carrega mesmo conectado à energia. É um incômodo pontual e o trabalho continua normalmente. Solicito análise.,Hardware,Baixa,Suporte N1,energia
Identificamos que a máquina inicia sem mostrar imagem. Muitos usuários estão impedidos de executar atividades críticas da empresa.,Hardware,Crítica,Suporte N1,video
Podem verificar? Uma regra da caixa está tratando mensagens de forma errada. Diversos usuários foram impactados e não há uma solução prática para o setor. Preciso de orientação.,E-mail,Alta,Sistemas,regras
"Identificamos que não recebo e-mails de determinados remetentes. Existe uma alternativa funcionando, então a solicitação pode aguardar. Preciso de orientação.",E-mail,Baixa,Suporte N1,recebimento
Identificamos que o notebook não consegue se conectar à rede sem fio. Uma função importante para o setor ficou indisponível para várias pessoas. Conseguem verificar?,Rede,Alta,Infraestrutura,wifi
"Bom dia, O problema está limitado a uma estação, mas interfere no trabalho diário. O problema é que o programa não funciona como antes após ser atualizado. Podem me ajudar?",Software,Média,Sistemas,atualizacao
"Bom dia, O problema está limitado a uma estação, mas interfere no trabalho diário. O problema é que arquivos locais ficam indisponíveis de forma intermitente. Preciso de orientação.",Hardware,Média,Infraestrutura,armazenamento
"Bom dia, O problema está limitado a uma estação, mas interfere no trabalho diário. O problema é que não consigo fazer login no ambiente de trabalho. Solicito análise.",Acesso,Média,Suporte N1,login
Identificamos que o equipamento apresenta aquecimento fora do normal. Não há atividade parada; preciso apenas que seja verificado quando possível. Preciso de orientação.,Hardware,Baixa,Infraestrutura,temperatura
"Pessoal, a senha expirou e não consigo continuar. Um serviço essencial para a empresa ficou indisponível para muitos usuários. Conseguem verificar?",Acesso,Crítica,Suporte N1,senha
Preciso de ajuda: As mensagens enviadas para mim não aparecem. A ocorrência já compromete o trabalho de uma equipe inteira. Preciso de orientação.,E-mail,Alta,Suporte N1,recebimento
"Pessoal, meu perfil não possui acesso a uma área necessária. Muitos usuários estão impedidos de executar atividades críticas da empresa. Conseguem verificar?",Acesso,Crítica,Sistemas,permissao
"Pessoal, o aplicativo começou a falhar depois de uma atualização. Não há atividade parada; preciso apenas que seja verificado quando possível. Agradeço se puderem verificar.",Software,Baixa,Sistemas,atualizacao
O acesso aos serviços internos está intermitente. A indisponibilidade tem impacto amplo e exige restauração imediata do serviço. Podem me ajudar?,Rede,Crítica,Infraestrutura,recursos_rede
O erp retorna erro ao registrar uma operação. Grande parte da operação está parada e não existe alternativa disponível. Solicito análise.,Software,Crítica,Sistemas,erp
"Podem verificar? Não consigo mandar e-mails para outros usuários. Existe uma alternativa funcionando, então a solicitação pode aguardar. Solicito análise.",E-mail,Baixa,Suporte N1,envio
"Preciso de ajuda: O equipamento não aceita novos trabalhos de impressão. Uma atividade normal ficou prejudicada, embora ainda seja possível fazer outras tarefas.",Impressora,Média,Suporte N1,offline
Identificamos que um remetente desconhecido pediu informações da minha conta. A ocorrência já compromete o trabalho de uma equipe inteira. Podem me ajudar?,Segurança,Alta,Segurança,phishing
Estou com um problema: Um serviço essencial para a empresa ficou indisponível para muitos usuários. O problema é que o aplicativo foi instalado mas não inicia. Isso começou hoje.,Software,Crítica,Sistemas,instalacao
"Olá, há atividades na estação que não correspondem ao uso normal. A equipe está sem conseguir concluir uma operação necessária para o trabalho. Podem me ajudar?",Segurança,Alta,Segurança,comportamento_suspeito
Identificamos que a credencial atual não está sendo reconhecida. A indisponibilidade tem impacto amplo e exige restauração imediata do serviço. Podem me ajudar?,Acesso,Crítica,Suporte N1,senha
O programa deixa de responder depois de alguns minutos. O problema afeta diversos usuários e precisa ser tratado com rapidez. Isso começou hoje.,Software,Alta,Suporte N1,aplicativo_fechando
"Bom dia, O usuário perdeu produtividade e precisa de suporte para continuar a atividade. O problema é que a caixa corporativa demora para atualizar. Agradeço se puderem verificar.",E-mail,Média,Suporte N1,sincronizacao
Podem verificar? A máquina desliga quando fica quente. Só uma tarefa secundária foi afetada e tenho outra forma de realizá-la. Conseguem verificar?,Hardware,Baixa,Infraestrutura,temperatura
Podem verificar? Há falhas frequentes ao salvar arquivos na máquina. O impacto é pequeno neste momento e não existe urgência operacional. Isso começou hoje.,Hardware,Baixa,Suporte N1,armazenamento
"Identificamos que recebi confirmação de acesso que não fui eu quem realizou. O problema está limitado a uma estação, mas interfere no trabalho diário.",Segurança,Média,Segurança,acesso_suspeito
Estou com um problema: Só uma tarefa secundária foi afetada e tenho outra forma de realizá-la. O problema é que o sistema rejeita minhas credenciais mesmo estando corretas. Solicito análise.,Acesso,Baixa,Suporte N1,login
Identificamos que informações registradas em um sistema não chegam ao outro. O impacto é pequeno neste momento e não existe urgência operacional. Conseguem verificar?,Software,Baixa,Sistemas,integracao
Podem verificar? Um compartilhamento corporativo ficou inacessível. Grande parte da operação está parada e não existe alternativa disponível. Podem me ajudar?,Rede,Crítica,Infraestrutura,recursos_rede
Preciso de ajuda: O antivírus detectou um arquivo suspeito. Uma função importante para o setor ficou indisponível para várias pessoas. Preciso de orientação.,Segurança,Alta,Segurança,malware
"Bom dia, Consigo continuar por outro caminho e isso não bloqueia minha rotina. O problema é que a caixa corporativa apresenta falha ao carregar. Conseguem verificar?",E-mail,Baixa,Suporte N1,caixa
Preciso de ajuda: A conexão física da estação não disponibiliza a rede. Uma função importante para o setor ficou indisponível para várias pessoas. Preciso de orientação.,Rede,Alta,Infraestrutura,cabeada
Identificamos que várias estações perderam acesso ao dispositivo de impressão. A equipe está sem conseguir concluir uma operação necessária para o trabalho. Podem me ajudar?,Impressora,Alta,Infraestrutura,rede_impressao
"Bom dia, Várias pessoas do setor estão com o mesmo problema e uma atividade importante parou. O problema é que não consigo mandar e-mails para outros usuários. Isso começou hoje.",E-mail,Alta,Suporte N1,envio
Tenho uma ocorrência em que O impacto é pequeno neste momento e não existe urgência operacional. O problema é que o envio de mensagens retorna erro. Conseguem verificar?,E-mail,Baixa,Suporte N1,envio
Estou com um problema: Isso está atrapalhando o trabalho de uma pessoa durante a rotina. O problema é que várias estações perderam acesso ao dispositivo de impressão. Conseguem verificar?,Impressora,Média,Infraestrutura,rede_impressao
"Olá, um arquivo corporativo foi alterado sem que a equipe soubesse. Não há atividade parada; preciso apenas que seja verificado quando possível. Solicito análise.",Segurança,Baixa,Sistemas,alteracao_nao_autorizada
Identificamos que a caixa de e-mail não abre corretamente. Consigo continuar por outro caminho e isso não bloqueia minha rotina.,E-mail,Baixa,Suporte N1,caixa
"Olá, a máquina desliga quando fica quente. Várias pessoas do setor estão com o mesmo problema e uma atividade importante parou.",Hardware,Alta,Infraestrutura,temperatura
"Podem verificar? O computador parece iniciar normalmente, porém nada aparece na tela. A rotina individual está comprometida, porém o restante da equipe segue trabalhando. Podem me ajudar?",Hardware,Média,Suporte N1,video
"Bom dia, Grande parte da operação está parada e não existe alternativa disponível. O problema é que minha senha deixou de ser aceita. Isso começou hoje.",Acesso,Crítica,Suporte N1,senha
"O sinal está disponível, mas a máquina não consegue navegar. Diversos usuários foram impactados e não há uma solução prática para o setor. Agradeço se puderem verificar.",Rede,Alta,Infraestrutura,wifi
"Olá, chegou um e-mail estranho solicitando meus dados de acesso. A rotina individual está comprometida, porém o restante da equipe segue trabalhando. Podem me ajudar?",Segurança,Média,Segurança,phishing
Identificamos que uma mensagem suspeita tenta me levar a uma página de login. Diversas equipes não conseguem trabalhar por causa dessa indisponibilidade. Conseguem verificar?,Segurança,Crítica,Segurança,phishing
Tenho uma ocorrência em que A equipe está sem conseguir concluir uma operação necessária para o trabalho. O problema é que o computador executa ações inesperadas durante o expediente. Isso começou hoje.,Segurança,Alta,Segurança,comportamento_suspeito
"Olá, não consigo enviar o documento digitalizado para o computador. Um serviço essencial para a empresa ficou indisponível para muitos usuários. Solicito análise.",Impressora,Crítica,Suporte N1,scanner
"O equipamento não permanece ligado. O problema está limitado a uma estação, mas interfere no trabalho diário. Isso começou hoje.",Hardware,Média,Suporte N1,energia
"Pessoal, o scanner não é reconhecido pela estação. Isso está atrapalhando o trabalho de uma pessoa durante a rotina. Preciso de orientação.",Impressora,Média,Suporte N1,scanner
"Bom dia, Existe uma alternativa funcionando, então a solicitação pode aguardar. O problema é que o perfil não permite executar a operação necessária.",Acesso,Baixa,Sistemas,permissao
"Bom dia, Várias pessoas do setor estão com o mesmo problema e uma atividade importante parou. O problema é que a conexão física da estação não disponibiliza a rede.",Rede,Alta,Infraestrutura,cabeada
Preciso de ajuda: A digitalização falha antes de salvar o arquivo. Consigo continuar por outro caminho e isso não bloqueia minha rotina. Agradeço se puderem verificar.,Impressora,Baixa,Suporte N1,scanner
"Estou com um problema: Existe uma alternativa funcionando, então a solicitação pode aguardar. O problema é que preciso redefinir a senha da conta.",Acesso,Baixa,Suporte N1,senha
"Bom dia, Não há atividade parada; preciso apenas que seja verificado quando possível. O problema é que o programa fecha sozinho durante o uso. Podem me ajudar?",Software,Baixa,Suporte N1,aplicativo_fechando
Podem verificar? A máquina inicia sem mostrar imagem. Várias pessoas do setor estão com o mesmo problema e uma atividade importante parou. Solicito análise.,Hardware,Alta,Suporte N1,video
"Tenho uma ocorrência em que Uma atividade normal ficou prejudicada, embora ainda seja possível fazer outras tarefas. O problema é que o ERP não permite finalizar o processo. Isso começou hoje.",Software,Média,Sistemas,erp
Identificamos que o acesso remoto apresenta erro de conexão. Não há atividade parada; preciso apenas que seja verificado quando possível. Agradeço se puderem verificar.,Rede,Baixa,Infraestrutura,vpn
Identificamos que dois sistemas deixaram de trocar informações. Uma pessoa não consegue concluir uma tarefa habitual por causa da ocorrência. Solicito análise.,Software,Média,Sistemas,integracao
Tenho uma ocorrência em que Não há atividade parada; preciso apenas que seja verificado quando possível. O problema é que as páginas estão saindo com falhas na impressão. Podem me ajudar?,Impressora,Baixa,Suporte N1,qualidade
"Bom dia, A indisponibilidade tem impacto amplo e exige restauração imediata do serviço. O problema é que há falhas frequentes ao salvar arquivos na máquina. Agradeço se puderem verificar.",Hardware,Crítica,Infraestrutura,armazenamento
Tenho uma ocorrência em que Não há atividade parada; preciso apenas que seja verificado quando possível. O problema é que o acesso foi bloqueado e preciso voltar a trabalhar. Preciso de orientação.,Acesso,Baixa,Suporte N1,bloqueio
Podem verificar? O monitor não recebe sinal do computador. A ocorrência já compromete o trabalho de uma equipe inteira. Preciso de orientação.,Hardware,Alta,Suporte N1,video
"Pessoal, a conexão com a internet está oscilando. A indisponibilidade tem impacto amplo e exige restauração imediata do serviço.",Rede,Crítica,Infraestrutura,internet
"Pessoal, uma aplicação desconhecida começou a executar sozinha. A ocorrência já compromete o trabalho de uma equipe inteira. Isso começou hoje.",Segurança,Alta,Segurança,malware
"Olá, uma regra automática deixou de organizar as mensagens. Uma atividade normal ficou prejudicada, embora ainda seja possível fazer outras tarefas. Isso começou hoje.",E-mail,Média,Sistemas,regras
Preciso de ajuda: Foi detectado conteúdo potencialmente perigoso na estação. O impacto é pequeno neste momento e não existe urgência operacional. Agradeço se puderem verificar.,Segurança,Baixa,Segurança,malware
"Pessoal, o usuário aparece como bloqueado no sistema. Diversas equipes não conseguem trabalhar por causa dessa indisponibilidade. Agradeço se puderem verificar.",Acesso,Crítica,Suporte N1,bloqueio
"Bom dia, Isso está atrapalhando o trabalho de uma pessoa durante a rotina. O problema é que a impressora não aparece disponível na estação. Isso começou hoje.",Impressora,Média,Suporte N1,offline
Podem verificar? Um arquivo corporativo foi alterado sem que a equipe soubesse. A ocorrência interrompeu uma operação essencial em larga escala. Isso começou hoje.,Segurança,Crítica,Segurança,alteracao_nao_autorizada
"A conexão física da estação não disponibiliza a rede. A rotina individual está comprometida, porém o restante da equipe segue trabalhando. Podem me ajudar?",Rede,Média,Infraestrutura,cabeada
Estou com um problema: O problema afeta diversos usuários e precisa ser tratado com rapidez. O problema é que o navegador começou a abrir páginas que não solicitei. Isso começou hoje.,Segurança,Alta,Segurança,comportamento_suspeito
"Pessoal, um recurso interno da rede deixou de responder. Muitos usuários estão impedidos de executar atividades críticas da empresa. Solicito análise.",Rede,Crítica,Infraestrutura,recursos_rede
Tenho uma ocorrência em que A ocorrência já compromete o trabalho de uma equipe inteira. O problema é que não recebo a confirmação necessária para entrar. Agradeço se puderem verificar.,Acesso,Alta,Segurança,mfa
"Pessoal, arquivos locais ficam indisponíveis de forma intermitente. A ocorrência já compromete o trabalho de uma equipe inteira. Conseguem verificar?",Hardware,Alta,Infraestrutura,armazenamento
Preciso de ajuda: A caixa de entrada parou de atualizar. Diversas equipes não conseguem trabalhar por causa dessa indisponibilidade. Isso começou hoje.,E-mail,Crítica,Suporte N1,sincronizacao
"Preciso de ajuda: Um compartilhamento corporativo ficou inacessível. Uma atividade normal ficou prejudicada, embora ainda seja possível fazer outras tarefas. Agradeço se puderem verificar.",Rede,Média,Infraestrutura,recursos_rede
"Bom dia, A rotina individual está comprometida, porém o restante da equipe segue trabalhando. O problema é que o antivírus detectou um arquivo suspeito.",Segurança,Média,Segurança,malware
"Bom dia, Grande parte da operação está parada e não existe alternativa disponível. O problema é que o sinal está disponível, mas a máquina não consegue navegar. Isso começou hoje.",Rede,Crítica,Infraestrutura,wifi
"Bom dia, Uma pessoa não consegue concluir uma tarefa habitual por causa da ocorrência. O problema é que a caixa parece não receber novas mensagens. Agradeço se puderem verificar.",E-mail,Média,Suporte N1,recebimento
Preciso de ajuda: O programa corporativo não funciona após ser configurado. Isso está atrapalhando o trabalho de uma pessoa durante a rotina. Preciso de orientação.,Software,Média,Suporte N1,instalacao
Um arquivo corporativo foi alterado sem que a equipe soubesse. Consigo continuar por outro caminho e isso não bloqueia minha rotina. Podem me ajudar?,Segurança,Baixa,Sistemas,alteracao_nao_autorizada
"Olá, o usuário ficou impedido de iniciar sessão. O impacto é pequeno neste momento e não existe urgência operacional.",Acesso,Baixa,Suporte N1,bloqueio
"Minha conta não permite iniciar a sessão. Uma atividade normal ficou prejudicada, embora ainda seja possível fazer outras tarefas.",Acesso,Média,Suporte N1,login
Podem verificar? A aplicação encerra ao executar uma tarefa. Uma função importante para o setor ficou indisponível para várias pessoas. Isso começou hoje.,Software,Alta,Suporte N1,aplicativo_fechando
Identificamos que o monitor não recebe sinal do computador. A equipe está sem conseguir concluir uma operação necessária para o trabalho. Agradeço se puderem verificar.,Hardware,Alta,Suporte N1,video
"Pessoal, o conteúdo impresso apresenta defeitos visíveis. É um incômodo pontual e o trabalho continua normalmente. Solicito análise.",Impressora,Baixa,Suporte N1,qualidade
"Bom dia, Uma atividade normal ficou prejudicada, embora ainda seja possível fazer outras tarefas. O problema é que o software apresenta erro ao concluir a configuração. Conseguem verificar?",Software,Média,Suporte N1,instalacao
Preciso de ajuda: A organização automática das mensagens falhou. Só uma tarefa secundária foi afetada e tenho outra forma de realizá-la.,E-mail,Baixa,Sistemas,regras
A ferramenta corporativa fecha ao gerar um relatório. Várias pessoas do setor estão com o mesmo problema e uma atividade importante parou. Solicito análise.,Software,Alta,Suporte N1,aplicativo_fechando
"Podem verificar? Não recebo a confirmação necessária para entrar. O problema está limitado a uma estação, mas interfere no trabalho diário.",Acesso,Média,Suporte N1,mfa
"Pessoal, os trabalhos de impressão não saem da lista. Diversas equipes não conseguem trabalhar por causa dessa indisponibilidade. Conseguem verificar?",Impressora,Crítica,Suporte N1,fila
Estou com um problema: Não há atividade parada; preciso apenas que seja verificado quando possível. O problema é que dois sistemas deixaram de trocar informações. Isso começou hoje.,Software,Baixa,Sistemas,integracao
"Pessoal, não consigo concluir a recuperação da senha. Uma função importante para o setor ficou indisponível para várias pessoas.",Acesso,Alta,Suporte N1,senha
"Olá, o dispositivo de impressão perdeu comunicação com as estações. A ocorrência já compromete o trabalho de uma equipe inteira.",Impressora,Alta,Infraestrutura,rede_impressao
"Pessoal, surgiram alertas sobre um possível software malicioso. Uma atividade normal ficou prejudicada, embora ainda seja possível fazer outras tarefas. Solicito análise.",Segurança,Média,Segurança,malware
"Olá, o aplicativo começou a falhar depois de uma atualização. Grande parte da operação está parada e não existe alternativa disponível. Preciso de orientação.",Software,Crítica,Sistemas,atualizacao
Estou com um problema: Não há atividade parada; preciso apenas que seja verificado quando possível. O problema é que minha senha deixou de ser aceita. Podem me ajudar?,Acesso,Baixa,Suporte N1,senha
Podem verificar? As folhas saem com qualidade muito ruim. Várias pessoas do setor estão com o mesmo problema e uma atividade importante parou. Solicito análise.,Impressora,Alta,Suporte N1,qualidade
"Tenho uma ocorrência em que A rotina individual está comprometida, porém o restante da equipe segue trabalhando. O problema é que a webcam não é detectada pelo computador. Agradeço se puderem verificar.",Hardware,Média,Suporte N1,perifericos
"Pessoal, consigo entrar no sistema, mas uma função não aparece para mim. Grande parte da operação está parada e não existe alternativa disponível. Preciso de orientação.",Acesso,Crítica,Sistemas,permissao
Preciso de ajuda: Não consigo visualizar as pastas de mensagens. Isso está atrapalhando o trabalho de uma pessoa durante a rotina. Agradeço se puderem verificar.,E-mail,Média,Suporte N1,caixa
"Pessoal, o equipamento compartilhado não aparece para alguns usuários. O problema afeta diversos usuários e precisa ser tratado com rapidez. Podem me ajudar?",Impressora,Alta,Infraestrutura,rede_impressao
Preciso de ajuda: O computador só liga depois de várias tentativas. Muitos usuários estão impedidos de executar atividades críticas da empresa. Podem me ajudar?,Hardware,Crítica,Suporte N1,energia
"Pessoal, um remetente desconhecido pediu informações da minha conta. Isso está atrapalhando o trabalho de uma pessoa durante a rotina. Agradeço se puderem verificar.",Segurança,Média,Segurança,phishing
O sistema interno apresenta erro durante o cadastro. Isso está atrapalhando o trabalho de uma pessoa durante a rotina. Agradeço se puderem verificar.,Software,Média,Sistemas,erp
Podem verificar? A impressão fica pendente indefinidamente. Diversas equipes não conseguem trabalhar por causa dessa indisponibilidade. Isso começou hoje.,Impressora,Crítica,Suporte N1,fila
"Bom dia, A rotina individual está comprometida, porém o restante da equipe segue trabalhando. O problema é que uma ferramenta autorizada precisa ser reinstalada. Podem me ajudar?",Software,Média,Suporte N1,instalacao
Podem verificar? O headset deixou de funcionar na estação. Consigo continuar por outro caminho e isso não bloqueia minha rotina. Podem me ajudar?,Hardware,Baixa,Suporte N1,perifericos
Identificamos que o navegador começou a abrir páginas que não solicitei. A ocorrência interrompeu uma operação essencial em larga escala. Solicito análise.,Segurança,Crítica,Segurança,comportamento_suspeito
"Pessoal, consigo receber, mas não consigo enviar mensagens. Várias pessoas do setor estão com o mesmo problema e uma atividade importante parou. Podem me ajudar?",E-mail,Alta,Suporte N1,envio
Tenho uma ocorrência em que Muitos usuários estão impedidos de executar atividades críticas da empresa. O problema é que e-mails externos não estão chegando à conta. Conseguem verificar?,E-mail,Crítica,Suporte N1,recebimento
Preciso de ajuda: A caixa corporativa apresenta falha ao carregar. Uma pessoa não consegue concluir uma tarefa habitual por causa da ocorrência. Isso começou hoje.,E-mail,Média,Suporte N1,caixa
Tenho uma ocorrência em que Um serviço essencial para a empresa ficou indisponível para muitos usuários. O problema é que a estação informa que o equipamento não está conectado. Agradeço se puderem verificar.,Impressora,Crítica,Suporte N1,offline
Estou com um problema: A equipe está sem conseguir concluir uma operação necessária para o trabalho. O problema é que o usuário ficou impedido de iniciar sessão. Isso começou hoje.,Acesso,Alta,Suporte N1,bloqueio
"Bom dia, Isso está atrapalhando o trabalho de uma pessoa durante a rotina. O problema é que uma mensagem afirma que minha conta será bloqueada se eu não informar credenciais. Preciso de orientação.",Segurança,Média,Segurança,phishing
Podem verificar? Não consigo visualizar as pastas de mensagens. A indisponibilidade tem impacto amplo e exige restauração imediata do serviço. Podem me ajudar?,E-mail,Crítica,Suporte N1,caixa
