texto,categoria,prioridade,setor
Preciso de suporte porque equipamento de impressão perdeu comunicação com a rede. O serviço é essencial e a indisponibilidade está afetando grande parte da operação. Solicito análise da equipe responsável.,Impressora,Crítica,Infraestrutura
Estamos com uma ocorrência em que aplicação apresentou atividade incomum associada a um usuário. A solicitação não impede o trabalho neste momento e pode aguardar atendimento. Solicito análise da equipe responsável.,Segurança,Baixa,Sistemas
"Estamos com uma ocorrência em que teclado parou de responder corretamente. Vários usuários do mesmo setor estão sendo afetados e uma atividade importante ficou interrompida. Podem verificar, por favor?",Hardware,Alta,Suporte N1
Estamos com uma ocorrência em que foi identificado possível e-mail de phishing na caixa corporativa. A ocorrência está interrompendo uma operação essencial para muitos usuários da empresa. Precisamos de orientação para resolver a situação.,E-mail,Crítica,Segurança
Estamos com uma ocorrência em que equipamento foi encontrado com um dispositivo desconhecido conectado. A solicitação não impede o trabalho neste momento e pode aguardar atendimento. Solicito análise da equipe responsável.,Hardware,Baixa,Segurança
Foi identificado que computador não consegue acessar a rede corporativa. A atividade pode continuar por outro caminho e não há interrupção relevante. Solicito análise da equipe responsável.,Rede,Baixa,Infraestrutura
Preciso de suporte porque usuário recebeu mensagem suspeita solicitando credenciais. A falha está impedindo uma operação importante para a equipe e precisa de atendimento rápido. Precisamos de orientação para resolver a situação.,E-mail,Alta,Segurança
Foi identificado que foi identificado tráfego de rede incomum em uma estação. A atividade pode continuar por outro caminho e não há interrupção relevante. Solicito análise da equipe responsável.,Rede,Baixa,Segurança
"Foi identificado que credenciais parecem ter sido utilizadas em outro dispositivo. A atividade pode continuar por outro caminho e não há interrupção relevante. Podem verificar, por favor?",Acesso,Baixa,Segurança
Estamos com uma ocorrência em que integração do sistema com o envio de e-mails falhou. A ocorrência está interrompendo uma operação essencial para muitos usuários da empresa. Solicito análise da equipe responsável.,E-mail,Crítica,Sistemas
Foi identificado que conta apresenta acessos que o usuário não reconhece. Diversas equipes estão sem conseguir trabalhar e não há alternativa disponível no momento. Precisamos de orientação para resolver a situação.,Acesso,Crítica,Segurança
"Preciso de suporte porque conexão Wi-Fi cai durante o expediente. A falha está impedindo uma operação importante para a equipe e precisa de atendimento rápido. Podem verificar, por favor?",Rede,Alta,Infraestrutura
"Foi identificado que computador não consegue acessar a rede corporativa. O problema se espalhou para diferentes usuários e está comprometendo uma atividade do setor. Podem verificar, por favor?",Rede,Alta,Infraestrutura
Foi identificado que equipamento apresenta falha após troca de componente. O problema afeta o trabalho de uma pessoa e está causando perda de produtividade. Solicito análise da equipe responsável.,Hardware,Média,Infraestrutura
"Foi identificado que driver da impressora apresenta erro na estação. A atividade pode continuar por outro caminho e não há interrupção relevante. Podem verificar, por favor?",Impressora,Baixa,Suporte N1
Preciso de suporte porque funcionalidade do portal corporativo não responde. O serviço é essencial e a indisponibilidade está afetando grande parte da operação. Solicito análise da equipe responsável.,Software,Crítica,Sistemas
"Preciso de suporte porque notebook apresenta falha ao reconhecer dispositivos USB. O serviço é essencial e a indisponibilidade está afetando grande parte da operação. Podem verificar, por favor?",Hardware,Crítica,Suporte N1
"Preciso de suporte porque sistema está retornando erro durante o processamento. O problema é pontual e existe uma alternativa para continuar trabalhando. Podem verificar, por favor?",Software,Baixa,Sistemas
"Preciso de suporte porque disco do computador apresenta erros durante o uso. A falha está impedindo uma operação importante para a equipe e precisa de atendimento rápido. Podem verificar, por favor?",Hardware,Alta,Infraestrutura
Estamos com uma ocorrência em que usuário não consegue enviar mensagens pelo e-mail corporativo. Um usuário está com dificuldade para executar uma atividade normal e precisa de suporte. Solicito análise da equipe responsável.,E-mail,Média,Suporte N1
Preciso de suporte porque driver da impressora apresenta erro na estação. A falha está impedindo uma operação importante para a equipe e precisa de atendimento rápido. Solicito análise da equipe responsável.,Impressora,Alta,Suporte N1
Foi identificado que sistema está retornando erro durante o processamento. A atividade pode continuar por outro caminho e não há interrupção relevante. Solicito análise da equipe responsável.,Software,Baixa,Sistemas
"Preciso de suporte porque funcionalidade do portal corporativo não responde. A rotina de trabalho foi prejudicada, embora outras atividades ainda possam ser realizadas. Precisamos de orientação para resolver a situação.",Software,Média,Sistemas
Preciso de suporte porque funcionalidade do portal corporativo não responde. O problema é pontual e existe uma alternativa para continuar trabalhando. Solicito análise da equipe responsável.,Software,Baixa,Sistemas
Foi identificado que usuário recebeu alerta de acesso suspeito. O problema se espalhou para diferentes usuários e está comprometendo uma atividade do setor. Solicito análise da equipe responsável.,Segurança,Alta,Segurança
"Foi identificado que internet está instável em uma área do escritório. Diversas equipes estão sem conseguir trabalhar e não há alternativa disponível no momento. Podem verificar, por favor?",Rede,Crítica,Infraestrutura
"Preciso de suporte porque aplicativo corporativo fecha sozinho ao executar uma tarefa. O problema é pontual e existe uma alternativa para continuar trabalhando. Podem verificar, por favor?",Software,Baixa,Suporte N1
"Estamos com uma ocorrência em que acesso a recursos internos pela rede está falhando. A solicitação não impede o trabalho neste momento e pode aguardar atendimento. Podem verificar, por favor?",Rede,Baixa,Infraestrutura
"Estamos com uma ocorrência em que programa instalado não abre para o usuário. A ocorrência está interrompendo uma operação essencial para muitos usuários da empresa. Podem verificar, por favor?",Software,Crítica,Suporte N1
Foi identificado que acesso a recursos internos pela rede está falhando. Diversas equipes estão sem conseguir trabalhar e não há alternativa disponível no momento. Precisamos de orientação para resolver a situação.,Rede,Crítica,Infraestrutura
Estamos com uma ocorrência em que usuário precisa de orientação após receber um alerta de segurança. A solicitação não impede o trabalho neste momento e pode aguardar atendimento. Precisamos de orientação para resolver a situação.,Segurança,Baixa,Suporte N1
Estamos com uma ocorrência em que equipamento apresenta falha após troca de componente. A ocorrência está interrompendo uma operação essencial para muitos usuários da empresa. Solicito análise da equipe responsável.,Hardware,Crítica,Infraestrutura
Foi identificado que documentos ficam presos na fila de impressão. O problema se espalhou para diferentes usuários e está comprometendo uma atividade do setor. Solicito análise da equipe responsável.,Impressora,Alta,Suporte N1
"Estamos com uma ocorrência em que equipamento apresenta falha após troca de componente. Vários usuários do mesmo setor estão sendo afetados e uma atividade importante ficou interrompida. Podem verificar, por favor?",Hardware,Alta,Infraestrutura
"Preciso de suporte porque regra automática de e-mail não está funcionando corretamente. A rotina de trabalho foi prejudicada, embora outras atividades ainda possam ser realizadas. Precisamos de orientação para resolver a situação.",E-mail,Média,Sistemas
Estamos com uma ocorrência em que mensagens ficam presas na caixa de saída. Vários usuários do mesmo setor estão sendo afetados e uma atividade importante ficou interrompida. Solicito análise da equipe responsável.,E-mail,Alta,Suporte N1
Estamos com uma ocorrência em que rede apresenta perda de conexão durante o trabalho. Vários usuários do mesmo setor estão sendo afetados e uma atividade importante ficou interrompida. Precisamos de orientação para resolver a situação.,Rede,Alta,Infraestrutura
"Estamos com uma ocorrência em que rede apresenta perda de conexão durante o trabalho. A solicitação não impede o trabalho neste momento e pode aguardar atendimento. Podem verificar, por favor?",Rede,Baixa,Infraestrutura
Estamos com uma ocorrência em que programa desconhecido apareceu instalado na máquina. A ocorrência está interrompendo uma operação essencial para muitos usuários da empresa. Precisamos de orientação para resolver a situação.,Software,Crítica,Segurança
"Foi identificado que permissão de acesso não foi aplicada corretamente no sistema. O problema afeta o trabalho de uma pessoa e está causando perda de produtividade. Podem verificar, por favor?",Acesso,Média,Sistemas
Foi identificado que scanner multifuncional não aparece para o usuário. Diversas equipes estão sem conseguir trabalhar e não há alternativa disponível no momento. Precisamos de orientação para resolver a situação.,Impressora,Crítica,Suporte N1
"Preciso de suporte porque scanner multifuncional não aparece para o usuário. A falha está impedindo uma operação importante para a equipe e precisa de atendimento rápido. Podem verificar, por favor?",Impressora,Alta,Suporte N1
Preciso de suporte porque equipamento apresenta falha após troca de componente. O serviço é essencial e a indisponibilidade está afetando grande parte da operação. Precisamos de orientação para resolver a situação.,Hardware,Crítica,Infraestrutura
"Preciso de suporte porque perfil não possui acesso a uma função do sistema. A rotina de trabalho foi prejudicada, embora outras atividades ainda possam ser realizadas. Solicito análise da equipe responsável.",Acesso,Média,Sistemas
"Estamos com uma ocorrência em que usuário não consegue imprimir na impressora do setor. Vários usuários do mesmo setor estão sendo afetados e uma atividade importante ficou interrompida. Podem verificar, por favor?",Impressora,Alta,Suporte N1
"Preciso de suporte porque usuário recebeu aviso de alteração de senha que não solicitou. A rotina de trabalho foi prejudicada, embora outras atividades ainda possam ser realizadas. Solicito análise da equipe responsável.",Acesso,Média,Segurança
Preciso de suporte porque monitor fica sem imagem durante o uso. O serviço é essencial e a indisponibilidade está afetando grande parte da operação. Solicito análise da equipe responsável.,Hardware,Crítica,Suporte N1
"Foi identificado que conexão com o servidor está intermitente. Diversas equipes estão sem conseguir trabalhar e não há alternativa disponível no momento. Podem verificar, por favor?",Rede,Crítica,Infraestrutura
"Foi identificado que documentos ficam presos na fila de impressão. O problema afeta o trabalho de uma pessoa e está causando perda de produtividade. Podem verificar, por favor?",Impressora,Média,Suporte N1
Foi identificado que integração do sistema com o envio de e-mails falhou. O problema afeta o trabalho de uma pessoa e está causando perda de produtividade. Solicito análise da equipe responsável.,E-mail,Média,Sistemas
"Foi identificado que equipamento não recebe conexão pela rede cabeada. O problema se espalhou para diferentes usuários e está comprometendo uma atividade do setor. Podem verificar, por favor?",Rede,Alta,Infraestrutura
Estamos com uma ocorrência em que antivírus identificou uma ameaça em um arquivo. Vários usuários do mesmo setor estão sendo afetados e uma atividade importante ficou interrompida. Solicito análise da equipe responsável.,Segurança,Alta,Segurança
Foi identificado que sistema corporativo não consegue gerar o documento para impressão. O problema se espalhou para diferentes usuários e está comprometendo uma atividade do setor. Precisamos de orientação para resolver a situação.,Impressora,Alta,Sistemas
"Estamos com uma ocorrência em que usuário recebeu mensagem suspeita solicitando credenciais. Um usuário está com dificuldade para executar uma atividade normal e precisa de suporte. Podem verificar, por favor?",E-mail,Média,Segurança
"Foi identificado que caixa de e-mail apresenta erro ao abrir. A atividade pode continuar por outro caminho e não há interrupção relevante. Podem verificar, por favor?",E-mail,Baixa,Suporte N1
Preciso de suporte porque scanner multifuncional não aparece para o usuário. O serviço é essencial e a indisponibilidade está afetando grande parte da operação. Solicito análise da equipe responsável.,Impressora,Crítica,Suporte N1
"Foi identificado que usuário recebeu uma solicitação de autenticação que não reconhece. Diversas equipes estão sem conseguir trabalhar e não há alternativa disponível no momento. Podem verificar, por favor?",Acesso,Crítica,Segurança
"Estamos com uma ocorrência em que funcionalidade do portal corporativo não responde. A ocorrência está interrompendo uma operação essencial para muitos usuários da empresa. Podem verificar, por favor?",Software,Crítica,Sistemas
Foi identificado que usuário não consegue entrar na conta corporativa. O problema afeta o trabalho de uma pessoa e está causando perda de produtividade. Precisamos de orientação para resolver a situação.,Acesso,Média,Suporte N1
Estamos com uma ocorrência em que integração do sistema com o envio de e-mails falhou. Um usuário está com dificuldade para executar uma atividade normal e precisa de suporte. Precisamos de orientação para resolver a situação.,E-mail,Média,Sistemas
Preciso de suporte porque computador corporativo está superaquecendo. A falha está impedindo uma operação importante para a equipe e precisa de atendimento rápido. Precisamos de orientação para resolver a situação.,Hardware,Alta,Infraestrutura
Preciso de suporte porque aplicação apresentou atividade incomum associada a um usuário. A falha está impedindo uma operação importante para a equipe e precisa de atendimento rápido. Solicito análise da equipe responsável.,Segurança,Alta,Sistemas
"Preciso de suporte porque sistema registrou alterações de dados sem identificação clara. A falha está impedindo uma operação importante para a equipe e precisa de atendimento rápido. Podem verificar, por favor?",Segurança,Alta,Sistemas
Foi identificado que foi identificado possível e-mail de phishing na caixa corporativa. O problema afeta o trabalho de uma pessoa e está causando perda de produtividade. Precisamos de orientação para resolver a situação.,E-mail,Média,Segurança
"Foi identificado que aplicação apresentou atividade incomum associada a um usuário. Diversas equipes estão sem conseguir trabalhar e não há alternativa disponível no momento. Podem verificar, por favor?",Segurança,Crítica,Sistemas
Estamos com uma ocorrência em que usuário não consegue entrar na conta corporativa. A solicitação não impede o trabalho neste momento e pode aguardar atendimento. Precisamos de orientação para resolver a situação.,Acesso,Baixa,Suporte N1
"Preciso de suporte porque programa instalado não abre para o usuário. A rotina de trabalho foi prejudicada, embora outras atividades ainda possam ser realizadas. Precisamos de orientação para resolver a situação.",Software,Média,Suporte N1
Foi identificado que VPN corporativa não estabelece conexão. A atividade pode continuar por outro caminho e não há interrupção relevante. Solicito análise da equipe responsável.,Rede,Baixa,Infraestrutura
Foi identificado que acesso a recursos internos pela rede está falhando. O problema se espalhou para diferentes usuários e está comprometendo uma atividade do setor. Solicito análise da equipe responsável.,Rede,Alta,Infraestrutura
"Foi identificado que ERP apresenta erro ao salvar informações. Diversas equipes estão sem conseguir trabalhar e não há alternativa disponível no momento. Podem verificar, por favor?",Software,Crítica,Sistemas
"Estamos com uma ocorrência em que arquivo corporativo foi alterado sem explicação. Vários usuários do mesmo setor estão sendo afetados e uma atividade importante ficou interrompida. Podem verificar, por favor?",Segurança,Alta,Segurança
"Estamos com uma ocorrência em que credenciais parecem ter sido utilizadas em outro dispositivo. Vários usuários do mesmo setor estão sendo afetados e uma atividade importante ficou interrompida. Podem verificar, por favor?",Acesso,Alta,Segurança
"Preciso de suporte porque rede apresenta perda de conexão durante o trabalho. A falha está impedindo uma operação importante para a equipe e precisa de atendimento rápido. Podem verificar, por favor?",Rede,Alta,Infraestrutura
Estamos com uma ocorrência em que estação de trabalho reinicia sem aviso. Um usuário está com dificuldade para executar uma atividade normal e precisa de suporte. Solicito análise da equipe responsável.,Hardware,Média,Infraestrutura
Foi identificado que VPN registrou conexões incomuns para uma conta. A atividade pode continuar por outro caminho e não há interrupção relevante. Solicito análise da equipe responsável.,Segurança,Baixa,Infraestrutura
Estamos com uma ocorrência em que scanner multifuncional não aparece para o usuário. Vários usuários do mesmo setor estão sendo afetados e uma atividade importante ficou interrompida. Precisamos de orientação para resolver a situação.,Impressora,Alta,Suporte N1
"Preciso de suporte porque foram recebidos anexos inesperados de remetente desconhecido. A rotina de trabalho foi prejudicada, embora outras atividades ainda possam ser realizadas. Precisamos de orientação para resolver a situação.",E-mail,Média,Segurança
"Preciso de suporte porque usuário não consegue enviar mensagens pelo e-mail corporativo. A falha está impedindo uma operação importante para a equipe e precisa de atendimento rápido. Podem verificar, por favor?",E-mail,Alta,Suporte N1
"Estamos com uma ocorrência em que funcionalidade do portal corporativo não responde. A solicitação não impede o trabalho neste momento e pode aguardar atendimento. Podem verificar, por favor?",Software,Baixa,Sistemas
Foi identificado que usuário precisa de orientação após receber um alerta de segurança. Diversas equipes estão sem conseguir trabalhar e não há alternativa disponível no momento. Solicito análise da equipe responsável.,Segurança,Crítica,Suporte N1
Estamos com uma ocorrência em que teclado parou de responder corretamente. Um usuário está com dificuldade para executar uma atividade normal e precisa de suporte. Precisamos de orientação para resolver a situação.,Hardware,Média,Suporte N1
Preciso de suporte porque teclado parou de responder corretamente. O serviço é essencial e a indisponibilidade está afetando grande parte da operação. Precisamos de orientação para resolver a situação.,Hardware,Crítica,Suporte N1
Foi identificado que impressora compartilhada não está disponível para alguns usuários. O problema afeta o trabalho de uma pessoa e está causando perda de produtividade. Precisamos de orientação para resolver a situação.,Impressora,Média,Infraestrutura
"Preciso de suporte porque credenciais parecem ter sido utilizadas em outro dispositivo. A rotina de trabalho foi prejudicada, embora outras atividades ainda possam ser realizadas. Podem verificar, por favor?",Acesso,Média,Segurança
Estamos com uma ocorrência em que Outlook não está sincronizando novas mensagens. Vários usuários do mesmo setor estão sendo afetados e uma atividade importante ficou interrompida. Solicito análise da equipe responsável.,E-mail,Alta,Suporte N1
"Preciso de suporte porque navegador redireciona para páginas inesperadas. O serviço é essencial e a indisponibilidade está afetando grande parte da operação. Podem verificar, por favor?",Segurança,Crítica,Segurança
Estamos com uma ocorrência em que usuário recebeu uma solicitação de autenticação que não reconhece. Um usuário está com dificuldade para executar uma atividade normal e precisa de suporte. Precisamos de orientação para resolver a situação.,Acesso,Média,Segurança
"Foi identificado que conta apresenta acessos que o usuário não reconhece. O problema afeta o trabalho de uma pessoa e está causando perda de produtividade. Podem verificar, por favor?",Acesso,Média,Segurança
Foi identificado que notebook corporativo apresenta comportamento físico incomum após manutenção. O problema afeta o trabalho de uma pessoa e está causando perda de produtividade. Precisamos de orientação para resolver a situação.,Hardware,Média,Segurança
"Preciso de suporte porque computador corporativo está superaquecendo. O problema é pontual e existe uma alternativa para continuar trabalhando. Podem verificar, por favor?",Hardware,Baixa,Infraestrutura
"Estamos com uma ocorrência em que computador corporativo está superaquecendo. Um usuário está com dificuldade para executar uma atividade normal e precisa de suporte. Podem verificar, por favor?",Hardware,Média,Infraestrutura
Preciso de suporte porque documentos ficam presos na fila de impressão. O problema é pontual e existe uma alternativa para continuar trabalhando. Solicito análise da equipe responsável.,Impressora,Baixa,Suporte N1
Foi identificado que regra automática de e-mail não está funcionando corretamente. O problema se espalhou para diferentes usuários e está comprometendo uma atividade do setor. Solicito análise da equipe responsável.,E-mail,Alta,Sistemas
"Estamos com uma ocorrência em que driver da impressora apresenta erro na estação. Vários usuários do mesmo setor estão sendo afetados e uma atividade importante ficou interrompida. Podem verificar, por favor?",Impressora,Alta,Suporte N1
Preciso de suporte porque sistema está retornando erro durante o processamento. A falha está impedindo uma operação importante para a equipe e precisa de atendimento rápido. Precisamos de orientação para resolver a situação.,Software,Alta,Sistemas
Preciso de suporte porque servidor registrou comportamento de rede fora do padrão. O problema é pontual e existe uma alternativa para continuar trabalhando. Precisamos de orientação para resolver a situação.,Segurança,Baixa,Infraestrutura
Preciso de suporte porque arquivo corporativo foi alterado sem explicação. O problema é pontual e existe uma alternativa para continuar trabalhando. Precisamos de orientação para resolver a situação.,Segurança,Baixa,Segurança
"Estamos com uma ocorrência em que equipamento não recebe conexão pela rede cabeada. Um usuário está com dificuldade para executar uma atividade normal e precisa de suporte. Podem verificar, por favor?",Rede,Média,Infraestrutura
"Preciso de suporte porque VPN registrou conexões incomuns para uma conta. O problema é pontual e existe uma alternativa para continuar trabalhando. Podem verificar, por favor?",Segurança,Baixa,Infraestrutura
Foi identificado que houve tentativa de login em horário incomum. Diversas equipes estão sem conseguir trabalhar e não há alternativa disponível no momento. Solicito análise da equipe responsável.,Acesso,Crítica,Segurança
Estamos com uma ocorrência em que usuário recebeu alerta de acesso suspeito. Vários usuários do mesmo setor estão sendo afetados e uma atividade importante ficou interrompida. Precisamos de orientação para resolver a situação.,Segurança,Alta,Segurança
"Estamos com uma ocorrência em que conexão Wi-Fi cai durante o expediente. A ocorrência está interrompendo uma operação essencial para muitos usuários da empresa. Podem verificar, por favor?",Rede,Crítica,Infraestrutura
Preciso de suporte porque usuário precisa de ajuda para selecionar a rede corporativa correta. A falha está impedindo uma operação importante para a equipe e precisa de atendimento rápido. Solicito análise da equipe responsável.,Rede,Alta,Suporte N1
"Estamos com uma ocorrência em que servidor registrou comportamento de rede fora do padrão. Vários usuários do mesmo setor estão sendo afetados e uma atividade importante ficou interrompida. Podem verificar, por favor?",Segurança,Alta,Infraestrutura
"Foi identificado que usuário não consegue imprimir na impressora do setor. Diversas equipes estão sem conseguir trabalhar e não há alternativa disponível no momento. Podem verificar, por favor?",Impressora,Crítica,Suporte N1
"Foi identificado que arquivo corporativo foi alterado sem explicação. Diversas equipes estão sem conseguir trabalhar e não há alternativa disponível no momento. Podem verificar, por favor?",Segurança,Crítica,Segurança
"Estamos com uma ocorrência em que computador não liga mesmo estando conectado à tomada. Um usuário está com dificuldade para executar uma atividade normal e precisa de suporte. Podem verificar, por favor?",Hardware,Média,Suporte N1
Foi identificado que estação de trabalho reinicia sem aviso. O problema se espalhou para diferentes usuários e está comprometendo uma atividade do setor. Solicito análise da equipe responsável.,Hardware,Alta,Infraestrutura
"Foi identificado que servidor registrou comportamento de rede fora do padrão. A atividade pode continuar por outro caminho e não há interrupção relevante. Podem verificar, por favor?",Segurança,Baixa,Infraestrutura
"Preciso de suporte porque impressora aparece como offline no computador. O serviço é essencial e a indisponibilidade está afetando grande parte da operação. Podem verificar, por favor?",Impressora,Crítica,Suporte N1
"Preciso de suporte porque usuário não consegue entrar na conta corporativa. O serviço é essencial e a indisponibilidade está afetando grande parte da operação. Podem verificar, por favor?",Acesso,Crítica,Suporte N1
Foi identificado que documentos ficam presos na fila de impressão. Diversas equipes estão sem conseguir trabalhar e não há alternativa disponível no momento. Precisamos de orientação para resolver a situação.,Impressora,Crítica,Suporte N1
"Preciso de suporte porque equipamento foi encontrado com um dispositivo desconhecido conectado. A rotina de trabalho foi prejudicada, embora outras atividades ainda possam ser realizadas. Podem verificar, por favor?",Hardware,Média,Segurança
Foi identificado que VPN registrou conexões incomuns para uma conta. Diversas equipes estão sem conseguir trabalhar e não há alternativa disponível no momento. Solicito análise da equipe responsável.,Segurança,Crítica,Infraestrutura
Foi identificado que computador corporativo está superaquecendo. A atividade pode continuar por outro caminho e não há interrupção relevante. Solicito análise da equipe responsável.,Hardware,Baixa,Infraestrutura
"Estamos com uma ocorrência em que conta apresenta acessos que o usuário não reconhece. A solicitação não impede o trabalho neste momento e pode aguardar atendimento. Podem verificar, por favor?",Acesso,Baixa,Segurança
Estamos com uma ocorrência em que equipamento de impressão perdeu comunicação com a rede. Vários usuários do mesmo setor estão sendo afetados e uma atividade importante ficou interrompida. Precisamos de orientação para resolver a situação.,Impressora,Alta,Infraestrutura
Estamos com uma ocorrência em que VPN registrou conexões incomuns para uma conta. A ocorrência está interrompendo uma operação essencial para muitos usuários da empresa. Precisamos de orientação para resolver a situação.,Segurança,Crítica,Infraestrutura
Estamos com uma ocorrência em que houve tentativa de login em horário incomum. A ocorrência está interrompendo uma operação essencial para muitos usuários da empresa. Precisamos de orientação para resolver a situação.,Acesso,Crítica,Segurança
Foi identificado que foram recebidos anexos inesperados de remetente desconhecido. Diversas equipes estão sem conseguir trabalhar e não há alternativa disponível no momento. Precisamos de orientação para resolver a situação.,E-mail,Crítica,Segurança
Foi identificado que conta apresenta acessos que o usuário não reconhece. O problema se espalhou para diferentes usuários e está comprometendo uma atividade do setor. Solicito análise da equipe responsável.,Acesso,Alta,Segurança
Estamos com uma ocorrência em que usuário recebeu aviso de alteração de senha que não solicitou. A ocorrência está interrompendo uma operação essencial para muitos usuários da empresa. Precisamos de orientação para resolver a situação.,Acesso,Crítica,Segurança
Foi identificado que disco do computador apresenta erros durante o uso. A atividade pode continuar por outro caminho e não há interrupção relevante. Precisamos de orientação para resolver a situação.,Hardware,Baixa,Infraestrutura
"Foi identificado que computador não liga mesmo estando conectado à tomada. O problema se espalhou para diferentes usuários e está comprometendo uma atividade do setor. Podem verificar, por favor?",Hardware,Alta,Suporte N1
Foi identificado que aplicação apresenta erro depois da última atualização. A atividade pode continuar por outro caminho e não há interrupção relevante. Precisamos de orientação para resolver a situação.,Software,Baixa,Sistemas
Estamos com uma ocorrência em que notebook corporativo apresenta comportamento físico incomum após manutenção. Vários usuários do mesmo setor estão sendo afetados e uma atividade importante ficou interrompida. Solicito análise da equipe responsável.,Hardware,Alta,Segurança
Estamos com uma ocorrência em que conexão com o servidor está intermitente. A solicitação não impede o trabalho neste momento e pode aguardar atendimento. Solicito análise da equipe responsável.,Rede,Baixa,Infraestrutura
"Estamos com uma ocorrência em que regra automática de e-mail não está funcionando corretamente. A ocorrência está interrompendo uma operação essencial para muitos usuários da empresa. Podem verificar, por favor?",E-mail,Crítica,Sistemas
"Foi identificado que aplicativo solicita permissões incomuns que não eram pedidas antes. Diversas equipes estão sem conseguir trabalhar e não há alternativa disponível no momento. Podem verificar, por favor?",Software,Crítica,Segurança
Foi identificado que navegador redireciona para páginas inesperadas. O problema afeta o trabalho de uma pessoa e está causando perda de produtividade. Precisamos de orientação para resolver a situação.,Segurança,Média,Segurança
"Estamos com uma ocorrência em que usuário precisa de ajuda para selecionar a rede corporativa correta. Vários usuários do mesmo setor estão sendo afetados e uma atividade importante ficou interrompida. Podem verificar, por favor?",Rede,Alta,Suporte N1
"Foi identificado que notebook corporativo apresenta comportamento físico incomum após manutenção. O problema se espalhou para diferentes usuários e está comprometendo uma atividade do setor. Podem verificar, por favor?",Hardware,Alta,Segurança
Preciso de suporte porque caixa de e-mail apresenta erro ao abrir. A falha está impedindo uma operação importante para a equipe e precisa de atendimento rápido. Solicito análise da equipe responsável.,E-mail,Alta,Suporte N1
Estamos com uma ocorrência em que VPN registrou conexões incomuns para uma conta. A solicitação não impede o trabalho neste momento e pode aguardar atendimento. Precisamos de orientação para resolver a situação.,Segurança,Baixa,Infraestrutura
Foi identificado que teclado parou de responder corretamente. O problema afeta o trabalho de uma pessoa e está causando perda de produtividade. Solicito análise da equipe responsável.,Hardware,Média,Suporte N1
Preciso de suporte porque acesso a recursos internos pela rede está falhando. O problema é pontual e existe uma alternativa para continuar trabalhando. Solicito análise da equipe responsável.,Rede,Baixa,Infraestrutura
"Preciso de suporte porque foi identificado tráfego de rede incomum em uma estação. A rotina de trabalho foi prejudicada, embora outras atividades ainda possam ser realizadas. Solicito análise da equipe responsável.",Rede,Média,Segurança
"Foi identificado que equipamento de impressão perdeu comunicação com a rede. O problema afeta o trabalho de uma pessoa e está causando perda de produtividade. Podem verificar, por favor?",Impressora,Média,Infraestrutura
Estamos com uma ocorrência em que VPN corporativa não estabelece conexão. Vários usuários do mesmo setor estão sendo afetados e uma atividade importante ficou interrompida. Solicito análise da equipe responsável.,Rede,Alta,Infraestrutura
"Preciso de suporte porque computador corporativo está superaquecendo. A rotina de trabalho foi prejudicada, embora outras atividades ainda possam ser realizadas. Solicito análise da equipe responsável.",Hardware,Média,Infraestrutura
Foi identificado que senha do usuário não está sendo aceita. Diversas equipes estão sem conseguir trabalhar e não há alternativa disponível no momento. Precisamos de orientação para resolver a situação.,Acesso,Crítica,Suporte N1
"Foi identificado que credenciais parecem ter sido utilizadas em outro dispositivo. Diversas equipes estão sem conseguir trabalhar e não há alternativa disponível no momento. Podem verificar, por favor?",Acesso,Crítica,Segurança
Estamos com uma ocorrência em que regra automática de e-mail não está funcionando corretamente. Um usuário está com dificuldade para executar uma atividade normal e precisa de suporte. Solicito análise da equipe responsável.,E-mail,Média,Sistemas
Foi identificado que funcionalidade do portal corporativo não responde. A atividade pode continuar por outro caminho e não há interrupção relevante. Precisamos de orientação para resolver a situação.,Software,Baixa,Sistemas
Foi identificado que arquivo corporativo foi alterado sem explicação. O problema se espalhou para diferentes usuários e está comprometendo uma atividade do setor. Precisamos de orientação para resolver a situação.,Segurança,Alta,Segurança
"Foi identificado que rede apresenta perda de conexão durante o trabalho. O problema afeta o trabalho de uma pessoa e está causando perda de produtividade. Podem verificar, por favor?",Rede,Média,Infraestrutura
"Preciso de suporte porque impressora compartilhada não está disponível para alguns usuários. O serviço é essencial e a indisponibilidade está afetando grande parte da operação. Podem verificar, por favor?",Impressora,Crítica,Infraestrutura
Estamos com uma ocorrência em que houve tentativa de login em horário incomum. Vários usuários do mesmo setor estão sendo afetados e uma atividade importante ficou interrompida. Solicito análise da equipe responsável.,Acesso,Alta,Segurança
"Preciso de suporte porque usuário não consegue entrar na conta corporativa. O problema é pontual e existe uma alternativa para continuar trabalhando. Podem verificar, por favor?",Acesso,Baixa,Suporte N1
Foi identificado que funcionalidade do portal corporativo não responde. O problema se espalhou para diferentes usuários e está comprometendo uma atividade do setor. Solicito análise da equipe responsável.,Software,Alta,Sistemas
Foi identificado que computador não consegue acessar a rede corporativa. Diversas equipes estão sem conseguir trabalhar e não há alternativa disponível no momento. Solicito análise da equipe responsável.,Rede,Crítica,Infraestrutura
"Preciso de suporte porque navegador redireciona para páginas inesperadas. A rotina de trabalho foi prejudicada, embora outras atividades ainda possam ser realizadas. Solicito análise da equipe responsável.",Segurança,Média,Segurança
Foi identificado que computador não liga mesmo estando conectado à tomada. Diversas equipes estão sem conseguir trabalhar e não há alternativa disponível no momento. Solicito análise da equipe responsável.,Hardware,Crítica,Suporte N1
Foi identificado que VPN registrou conexões incomuns para uma conta. O problema afeta o trabalho de uma pessoa e está causando perda de produtividade. Precisamos de orientação para resolver a situação.,Segurança,Média,Infraestrutura
Preciso de suporte porque acesso a recursos internos pela rede está falhando. O serviço é essencial e a indisponibilidade está afetando grande parte da operação. Solicito análise da equipe responsável.,Rede,Crítica,Infraestrutura
Foi identificado que equipamento foi encontrado com um dispositivo desconhecido conectado. O problema afeta o trabalho de uma pessoa e está causando perda de produtividade. Solicito análise da equipe responsável.,Hardware,Média,Segurança
"Foi identificado que usuário precisa de ajuda para selecionar a rede corporativa correta. A atividade pode continuar por outro caminho e não há interrupção relevante. Podem verificar, por favor?",Rede,Baixa,Suporte N1
Estamos com uma ocorrência em que foi identificado tráfego de rede incomum em uma estação. Vários usuários do mesmo setor estão sendo afetados e uma atividade importante ficou interrompida. Solicito análise da equipe responsável.,Rede,Alta,Segurança
Estamos com uma ocorrência em que houve tentativa de login em horário incomum. A solicitação não impede o trabalho neste momento e pode aguardar atendimento. Precisamos de orientação para resolver a situação.,Acesso,Baixa,Segurança
Estamos com uma ocorrência em que usuário recebeu uma solicitação de autenticação que não reconhece. A solicitação não impede o trabalho neste momento e pode aguardar atendimento. Solicito análise da equipe responsável.,Acesso,Baixa,Segurança
Estamos com uma ocorrência em que computador não liga mesmo estando conectado à tomada. Vários usuários do mesmo setor estão sendo afetados e uma atividade importante ficou interrompida. Solicito análise da equipe responsável.,Hardware,Alta,Suporte N1
Foi identificado que aplicação apresenta erro depois da última atualização. O problema se espalhou para diferentes usuários e está comprometendo uma atividade do setor. Solicito análise da equipe responsável.,Software,Alta,Sistemas
Preciso de suporte porque documentos ficam presos na fila de impressão. O serviço é essencial e a indisponibilidade está afetando grande parte da operação. Solicito análise da equipe responsável.,Impressora,Crítica,Suporte N1
Foi identificado que usuário recebeu uma solicitação de autenticação que não reconhece. O problema se espalhou para diferentes usuários e está comprometendo uma atividade do setor. Precisamos de orientação para resolver a situação.,Acesso,Alta,Segurança
Foi identificado que equipamento de impressão perdeu comunicação com a rede. Diversas equipes estão sem conseguir trabalhar e não há alternativa disponível no momento. Precisamos de orientação para resolver a situação.,Impressora,Crítica,Infraestrutura
Foi identificado que aplicativo solicita permissões incomuns que não eram pedidas antes. O problema se espalhou para diferentes usuários e está comprometendo uma atividade do setor. Precisamos de orientação para resolver a situação.,Software,Alta,Segurança
Preciso de suporte porque sistema corporativo não consegue gerar o documento para impressão. A falha está impedindo uma operação importante para a equipe e precisa de atendimento rápido. Solicito análise da equipe responsável.,Impressora,Alta,Sistemas
Preciso de suporte porque VPN registrou conexões incomuns para uma conta. A falha está impedindo uma operação importante para a equipe e precisa de atendimento rápido. Precisamos de orientação para resolver a situação.,Segurança,Alta,Infraestrutura
Preciso de suporte porque regra automática de e-mail não está funcionando corretamente. O problema é pontual e existe uma alternativa para continuar trabalhando. Solicito análise da equipe responsável.,E-mail,Baixa,Sistemas
"Estamos com uma ocorrência em que rede apresenta perda de conexão durante o trabalho. A ocorrência está interrompendo uma operação essencial para muitos usuários da empresa. Podem verificar, por favor?",Rede,Crítica,Infraestrutura
Estamos com uma ocorrência em que usuário não consegue entrar na conta corporativa. Vários usuários do mesmo setor estão sendo afetados e uma atividade importante ficou interrompida. Solicito análise da equipe responsável.,Acesso,Alta,Suporte N1
"Preciso de suporte porque usuário recebeu aviso de alteração de senha que não solicitou. O problema é pontual e existe uma alternativa para continuar trabalhando. Podem verificar, por favor?",Acesso,Baixa,Segurança
"Estamos com uma ocorrência em que usuário recebeu uma solicitação de autenticação que não reconhece. Vários usuários do mesmo setor estão sendo afetados e uma atividade importante ficou interrompida. Podem verificar, por favor?",Acesso,Alta,Segurança
"Estamos com uma ocorrência em que conexão com o servidor está intermitente. Vários usuários do mesmo setor estão sendo afetados e uma atividade importante ficou interrompida. Podem verificar, por favor?",Rede,Alta,Infraestrutura
"Estamos com uma ocorrência em que impressora aparece como offline no computador. Um usuário está com dificuldade para executar uma atividade normal e precisa de suporte. Podem verificar, por favor?",Impressora,Média,Suporte N1
Foi identificado que computador corporativo está superaquecendo. Diversas equipes estão sem conseguir trabalhar e não há alternativa disponível no momento. Solicito análise da equipe responsável.,Hardware,Crítica,Infraestrutura
Preciso de suporte porque ERP apresenta erro ao salvar informações. O problema é pontual e existe uma alternativa para continuar trabalhando. Precisamos de orientação para resolver a situação.,Software,Baixa,Sistemas
"Preciso de suporte porque estação apresenta alertas de segurança recorrentes. A rotina de trabalho foi prejudicada, embora outras atividades ainda possam ser realizadas. Precisamos de orientação para resolver a situação.",Segurança,Média,Segurança
Estamos com uma ocorrência em que impressora aparece como offline no computador. A ocorrência está interrompendo uma operação essencial para muitos usuários da empresa. Precisamos de orientação para resolver a situação.,Impressora,Crítica,Suporte N1
"Estamos com uma ocorrência em que estação apresenta alertas de segurança recorrentes. A ocorrência está interrompendo uma operação essencial para muitos usuários da empresa. Podem verificar, por favor?",Segurança,Crítica,Segurança
"Preciso de suporte porque impressora compartilhada não está disponível para alguns usuários. O problema é pontual e existe uma alternativa para continuar trabalhando. Podem verificar, por favor?",Impressora,Baixa,Infraestrutura
Estamos com uma ocorrência em que senha do usuário não está sendo aceita. Vários usuários do mesmo setor estão sendo afetados e uma atividade importante ficou interrompida. Precisamos de orientação para resolver a situação.,Acesso,Alta,Suporte N1
Foi identificado que rede apresenta perda de conexão durante o trabalho. Diversas equipes estão sem conseguir trabalhar e não há alternativa disponível no momento. Precisamos de orientação para resolver a situação.,Rede,Crítica,Infraestrutura
Estamos com uma ocorrência em que documentos ficam presos na fila de impressão. Vários usuários do mesmo setor estão sendo afetados e uma atividade importante ficou interrompida. Precisamos de orientação para resolver a situação.,Impressora,Alta,Suporte N1
Estamos com uma ocorrência em que programa instalado não abre para o usuário. Um usuário está com dificuldade para executar uma atividade normal e precisa de suporte. Solicito análise da equipe responsável.,Software,Média,Suporte N1
"Preciso de suporte porque equipamento de impressão perdeu comunicação com a rede. A rotina de trabalho foi prejudicada, embora outras atividades ainda possam ser realizadas. Precisamos de orientação para resolver a situação.",Impressora,Média,Infraestrutura
"Preciso de suporte porque programa desconhecido apareceu instalado na máquina. O serviço é essencial e a indisponibilidade está afetando grande parte da operação. Podem verificar, por favor?",Software,Crítica,Segurança
Estamos com uma ocorrência em que regra automática de e-mail não está funcionando corretamente. Vários usuários do mesmo setor estão sendo afetados e uma atividade importante ficou interrompida. Precisamos de orientação para resolver a situação.,E-mail,Alta,Sistemas
"Estamos com uma ocorrência em que estação de trabalho reinicia sem aviso. A ocorrência está interrompendo uma operação essencial para muitos usuários da empresa. Podem verificar, por favor?",Hardware,Crítica,Infraestrutura
Preciso de suporte porque regra automática de e-mail não está funcionando corretamente. O serviço é essencial e a indisponibilidade está afetando grande parte da operação. Solicito análise da equipe responsável.,E-mail,Crítica,Sistemas
Preciso de suporte porque usuário não consegue imprimir na impressora do setor. A falha está impedindo uma operação importante para a equipe e precisa de atendimento rápido. Solicito análise da equipe responsável.,Impressora,Alta,Suporte N1
Estamos com uma ocorrência em que mensagens ficam presas na caixa de saída. A ocorrência está interrompendo uma operação essencial para muitos usuários da empresa. Precisamos de orientação para resolver a situação.,E-mail,Crítica,Suporte N1
Preciso de suporte porque foi identificado possível e-mail de phishing na caixa corporativa. A falha está impedindo uma operação importante para a equipe e precisa de atendimento rápido. Precisamos de orientação para resolver a situação.,E-mail,Alta,Segurança
"Estamos com uma ocorrência em que scanner multifuncional não aparece para o usuário. A ocorrência está interrompendo uma operação essencial para muitos usuários da empresa. Podem verificar, por favor?",Impressora,Crítica,Suporte N1
Estamos com uma ocorrência em que mensagens estão sendo enviadas pela conta sem reconhecimento do usuário. A ocorrência está interrompendo uma operação essencial para muitos usuários da empresa. Solicito análise da equipe responsável.,E-mail,Crítica,Segurança
Foi identificado que estação apresenta alertas de segurança recorrentes. A atividade pode continuar por outro caminho e não há interrupção relevante. Precisamos de orientação para resolver a situação.,Segurança,Baixa,Segurança
"Foi identificado que funcionalidade do portal corporativo não responde. O problema afeta o trabalho de uma pessoa e está causando perda de produtividade. Podem verificar, por favor?",Software,Média,Sistemas
Preciso de suporte porque scanner multifuncional não aparece para o usuário. O problema é pontual e existe uma alternativa para continuar trabalhando. Solicito análise da equipe responsável.,Impressora,Baixa,Suporte N1
Foi identificado que mensagens estão sendo enviadas pela conta sem reconhecimento do usuário. O problema se espalhou para diferentes usuários e está comprometendo uma atividade do setor. Precisamos de orientação para resolver a situação.,E-mail,Alta,Segurança
Estamos com uma ocorrência em que equipamento apresenta falha após troca de componente. A solicitação não impede o trabalho neste momento e pode aguardar atendimento. Solicito análise da equipe responsável.,Hardware,Baixa,Infraestrutura
Foi identificado que sistema está retornando erro durante o processamento. Diversas equipes estão sem conseguir trabalhar e não há alternativa disponível no momento. Solicito análise da equipe responsável.,Software,Crítica,Sistemas
Foi identificado que impressora aparece como offline no computador. O problema afeta o trabalho de uma pessoa e está causando perda de produtividade. Precisamos de orientação para resolver a situação.,Impressora,Média,Suporte N1
Estamos com uma ocorrência em que credenciais parecem ter sido utilizadas em outro dispositivo. Um usuário está com dificuldade para executar uma atividade normal e precisa de suporte. Precisamos de orientação para resolver a situação.,Acesso,Média,Segurança
Preciso de suporte porque mensagens estão sendo enviadas pela conta sem reconhecimento do usuário. O problema é pontual e existe uma alternativa para continuar trabalhando. Precisamos de orientação para resolver a situação.,E-mail,Baixa,Segurança
"Preciso de suporte porque VPN registrou conexões incomuns para uma conta. A rotina de trabalho foi prejudicada, embora outras atividades ainda possam ser realizadas. Solicito análise da equipe responsável.",Segurança,Média,Infraestrutura
"Preciso de suporte porque usuário recebeu mensagem suspeita solicitando credenciais. O problema é pontual e existe uma alternativa para continuar trabalhando. Podem verificar, por favor?",E-mail,Baixa,Segurança
Preciso de suporte porque impressora compartilhada não está disponível para alguns usuários. A falha está impedindo uma operação importante para a equipe e precisa de atendimento rápido. Precisamos de orientação para resolver a situação.,Impressora,Alta,Infraestrutura
Estamos com uma ocorrência em que conta ficou bloqueada após tentativas de login. Um usuário está com dificuldade para executar uma atividade normal e precisa de suporte. Precisamos de orientação para resolver a situação.,Acesso,Média,Suporte N1
Foi identificado que internet está instável em uma área do escritório. O problema se espalhou para diferentes usuários e está comprometendo uma atividade do setor. Precisamos de orientação para resolver a situação.,Rede,Alta,Infraestrutura
Foi identificado que usuário não consegue entrar na conta corporativa. Diversas equipes estão sem conseguir trabalhar e não há alternativa disponível no momento. Solicito análise da equipe responsável.,Acesso,Crítica,Suporte N1
"Preciso de suporte porque aplicação apresentou atividade incomum associada a um usuário. A rotina de trabalho foi prejudicada, embora outras atividades ainda possam ser realizadas. Podem verificar, por favor?",Segurança,Média,Sistemas
"Preciso de suporte porque navegador redireciona para páginas inesperadas. O problema é pontual e existe uma alternativa para continuar trabalhando. Podem verificar, por favor?",Segurança,Baixa,Segurança
Foi identificado que disco do computador apresenta erros durante o uso. O problema se espalhou para diferentes usuários e está comprometendo uma atividade do setor. Solicito análise da equipe responsável.,Hardware,Alta,Infraestrutura
Preciso de suporte porque servidor registrou comportamento de rede fora do padrão. O serviço é essencial e a indisponibilidade está afetando grande parte da operação. Precisamos de orientação para resolver a situação.,Segurança,Crítica,Infraestrutura
"Preciso de suporte porque integração entre dois sistemas deixou de funcionar. A rotina de trabalho foi prejudicada, embora outras atividades ainda possam ser realizadas. Podem verificar, por favor?",Software,Média,Sistemas
Foi identificado que houve tentativa de login em horário incomum. O problema afeta o trabalho de uma pessoa e está causando perda de produtividade. Precisamos de orientação para resolver a situação.,Acesso,Média,Segurança
Preciso de suporte porque usuário recebeu alerta de acesso suspeito. O problema é pontual e existe uma alternativa para continuar trabalhando. Solicito análise da equipe responsável.,Segurança,Baixa,Segurança
"Preciso de suporte porque integração do sistema com o envio de e-mails falhou. A rotina de trabalho foi prejudicada, embora outras atividades ainda possam ser realizadas. Podem verificar, por favor?",E-mail,Média,Sistemas
Estamos com uma ocorrência em que sistema interno não carrega uma das telas. Vários usuários do mesmo setor estão sendo afetados e uma atividade importante ficou interrompida. Solicito análise da equipe responsável.,Software,Alta,Sistemas
Estamos com uma ocorrência em que equipamento apresenta falha após troca de componente. Um usuário está com dificuldade para executar uma atividade normal e precisa de suporte. Precisamos de orientação para resolver a situação.,Hardware,Média,Infraestrutura
Estamos com uma ocorrência em que VPN corporativa não estabelece conexão. A ocorrência está interrompendo uma operação essencial para muitos usuários da empresa. Precisamos de orientação para resolver a situação.,Rede,Crítica,Infraestrutura
Estamos com uma ocorrência em que aplicativo corporativo fecha sozinho ao executar uma tarefa. A ocorrência está interrompendo uma operação essencial para muitos usuários da empresa. Precisamos de orientação para resolver a situação.,Software,Crítica,Suporte N1
Estamos com uma ocorrência em que notebook apresenta falha ao reconhecer dispositivos USB. A solicitação não impede o trabalho neste momento e pode aguardar atendimento. Precisamos de orientação para resolver a situação.,Hardware,Baixa,Suporte N1
Estamos com uma ocorrência em que scanner multifuncional não aparece para o usuário. Um usuário está com dificuldade para executar uma atividade normal e precisa de suporte. Solicito análise da equipe responsável.,Impressora,Média,Suporte N1
Preciso de suporte porque equipamento apresenta falha após troca de componente. A falha está impedindo uma operação importante para a equipe e precisa de atendimento rápido. Solicito análise da equipe responsável.,Hardware,Alta,Infraestrutura
Foi identificado que conta apresenta acessos que o usuário não reconhece. A atividade pode continuar por outro caminho e não há interrupção relevante. Precisamos de orientação para resolver a situação.,Acesso,Baixa,Segurança
Foi identificado que driver da impressora apresenta erro na estação. O problema se espalhou para diferentes usuários e está comprometendo uma atividade do setor. Precisamos de orientação para resolver a situação.,Impressora,Alta,Suporte N1
"Foi identificado que driver da impressora apresenta erro na estação. Diversas equipes estão sem conseguir trabalhar e não há alternativa disponível no momento. Podem verificar, por favor?",Impressora,Crítica,Suporte N1
"Preciso de suporte porque internet está instável em uma área do escritório. A rotina de trabalho foi prejudicada, embora outras atividades ainda possam ser realizadas. Podem verificar, por favor?",Rede,Média,Infraestrutura
Foi identificado que programa instalado não abre para o usuário. Diversas equipes estão sem conseguir trabalhar e não há alternativa disponível no momento. Precisamos de orientação para resolver a situação.,Software,Crítica,Suporte N1
"Foi identificado que computador corporativo está superaquecendo. O problema se espalhou para diferentes usuários e está comprometendo uma atividade do setor. Podem verificar, por favor?",Hardware,Alta,Infraestrutura
"Preciso de suporte porque sistema interno não carrega uma das telas. A rotina de trabalho foi prejudicada, embora outras atividades ainda possam ser realizadas. Solicito análise da equipe responsável.",Software,Média,Sistemas
Estamos com uma ocorrência em que sistema interno não carrega uma das telas. A solicitação não impede o trabalho neste momento e pode aguardar atendimento. Precisamos de orientação para resolver a situação.,Software,Baixa,Sistemas
Preciso de suporte porque teclado parou de responder corretamente. O problema é pontual e existe uma alternativa para continuar trabalhando. Precisamos de orientação para resolver a situação.,Hardware,Baixa,Suporte N1
"Preciso de suporte porque houve tentativa de login em horário incomum. O problema é pontual e existe uma alternativa para continuar trabalhando. Podem verificar, por favor?",Acesso,Baixa,Segurança
Foi identificado que sistema está retornando erro durante o processamento. O problema afeta o trabalho de uma pessoa e está causando perda de produtividade. Precisamos de orientação para resolver a situação.,Software,Média,Sistemas
Preciso de suporte porque conexão Wi-Fi cai durante o expediente. O problema é pontual e existe uma alternativa para continuar trabalhando. Solicito análise da equipe responsável.,Rede,Baixa,Infraestrutura
Preciso de suporte porque integração do sistema com o envio de e-mails falhou. O problema é pontual e existe uma alternativa para continuar trabalhando. Precisamos de orientação para resolver a situação.,E-mail,Baixa,Sistemas
Estamos com uma ocorrência em que estação apresenta alertas de segurança recorrentes. Vários usuários do mesmo setor estão sendo afetados e uma atividade importante ficou interrompida. Precisamos de orientação para resolver a situação.,Segurança,Alta,Segurança
"Estamos com uma ocorrência em que programa instalado não abre para o usuário. A solicitação não impede o trabalho neste momento e pode aguardar atendimento. Podem verificar, por favor?",Software,Baixa,Suporte N1
Estamos com uma ocorrência em que impressão sai com configuração diferente da selecionada. A solicitação não impede o trabalho neste momento e pode aguardar atendimento. Precisamos de orientação para resolver a situação.,Impressora,Baixa,Suporte N1
"Preciso de suporte porque rede apresenta perda de conexão durante o trabalho. A rotina de trabalho foi prejudicada, embora outras atividades ainda possam ser realizadas. Precisamos de orientação para resolver a situação.",Rede,Média,Infraestrutura
Preciso de suporte porque programa instalado não abre para o usuário. O problema é pontual e existe uma alternativa para continuar trabalhando. Solicito análise da equipe responsável.,Software,Baixa,Suporte N1
Foi identificado que usuário recebeu mensagem suspeita solicitando credenciais. Diversas equipes estão sem conseguir trabalhar e não há alternativa disponível no momento. Solicito análise da equipe responsável.,E-mail,Crítica,Segurança
Preciso de suporte porque computador não liga mesmo estando conectado à tomada. A falha está impedindo uma operação importante para a equipe e precisa de atendimento rápido. Precisamos de orientação para resolver a situação.,Hardware,Alta,Suporte N1
"Foi identificado que integração do sistema com o envio de e-mails falhou. A atividade pode continuar por outro caminho e não há interrupção relevante. Podem verificar, por favor?",E-mail,Baixa,Sistemas
Foi identificado que foi identificado possível e-mail de phishing na caixa corporativa. Diversas equipes estão sem conseguir trabalhar e não há alternativa disponível no momento. Solicito análise da equipe responsável.,E-mail,Crítica,Segurança
Foi identificado que programa desconhecido apareceu instalado na máquina. Diversas equipes estão sem conseguir trabalhar e não há alternativa disponível no momento. Solicito análise da equipe responsável.,Software,Crítica,Segurança
"Estamos com uma ocorrência em que foi identificado possível e-mail de phishing na caixa corporativa. Um usuário está com dificuldade para executar uma atividade normal e precisa de suporte. Podem verificar, por favor?",E-mail,Média,Segurança
Foi identificado que computador corporativo está superaquecendo. O problema afeta o trabalho de uma pessoa e está causando perda de produtividade. Precisamos de orientação para resolver a situação.,Hardware,Média,Infraestrutura
Preciso de suporte porque mensagens estão sendo enviadas pela conta sem reconhecimento do usuário. O serviço é essencial e a indisponibilidade está afetando grande parte da operação. Precisamos de orientação para resolver a situação.,E-mail,Crítica,Segurança
"Preciso de suporte porque usuário recebeu alerta de acesso suspeito. A falha está impedindo uma operação importante para a equipe e precisa de atendimento rápido. Podem verificar, por favor?",Segurança,Alta,Segurança
"Preciso de suporte porque perfil não possui acesso a uma função do sistema. O problema é pontual e existe uma alternativa para continuar trabalhando. Podem verificar, por favor?",Acesso,Baixa,Sistemas
"Preciso de suporte porque ERP apresenta erro ao salvar informações. A rotina de trabalho foi prejudicada, embora outras atividades ainda possam ser realizadas. Podem verificar, por favor?",Software,Média,Sistemas
Estamos com uma ocorrência em que usuário recebeu uma solicitação de autenticação que não reconhece. A ocorrência está interrompendo uma operação essencial para muitos usuários da empresa. Solicito análise da equipe responsável.,Acesso,Crítica,Segurança
Preciso de suporte porque programa desconhecido apareceu instalado na máquina. A falha está impedindo uma operação importante para a equipe e precisa de atendimento rápido. Precisamos de orientação para resolver a situação.,Software,Alta,Segurança
Preciso de suporte porque aplicativo solicita permissões incomuns que não eram pedidas antes. O problema é pontual e existe uma alternativa para continuar trabalhando. Precisamos de orientação para resolver a situação.,Software,Baixa,Segurança
Foi identificado que VPN corporativa não estabelece conexão. Diversas equipes estão sem conseguir trabalhar e não há alternativa disponível no momento. Solicito análise da equipe responsável.,Rede,Crítica,Infraestrutura
Estamos com uma ocorrência em que usuário precisa de ajuda para selecionar a rede corporativa correta. A solicitação não impede o trabalho neste momento e pode aguardar atendimento. Solicito análise da equipe responsável.,Rede,Baixa,Suporte N1
Foi identificado que programa instalado não abre para o usuário. A atividade pode continuar por outro caminho e não há interrupção relevante. Precisamos de orientação para resolver a situação.,Software,Baixa,Suporte N1
Estamos com uma ocorrência em que perfil não possui acesso a uma função do sistema. Vários usuários do mesmo setor estão sendo afetados e uma atividade importante ficou interrompida. Solicito análise da equipe responsável.,Acesso,Alta,Sistemas
Preciso de suporte porque aplicação apresentou atividade incomum associada a um usuário. O problema é pontual e existe uma alternativa para continuar trabalhando. Precisamos de orientação para resolver a situação.,Segurança,Baixa,Sistemas
"Estamos com uma ocorrência em que conta apresenta acessos que o usuário não reconhece. A ocorrência está interrompendo uma operação essencial para muitos usuários da empresa. Podem verificar, por favor?",Acesso,Crítica,Segurança
"Estamos com uma ocorrência em que notebook apresenta falha ao reconhecer dispositivos USB. Um usuário está com dificuldade para executar uma atividade normal e precisa de suporte. Podem verificar, por favor?",Hardware,Média,Suporte N1
Foi identificado que usuário recebeu alerta de acesso suspeito. Diversas equipes estão sem conseguir trabalhar e não há alternativa disponível no momento. Precisamos de orientação para resolver a situação.,Segurança,Crítica,Segurança
"Preciso de suporte porque notebook corporativo apresenta comportamento físico incomum após manutenção. O problema é pontual e existe uma alternativa para continuar trabalhando. Podem verificar, por favor?",Hardware,Baixa,Segurança
"Estamos com uma ocorrência em que usuário não consegue entrar na conta corporativa. Um usuário está com dificuldade para executar uma atividade normal e precisa de suporte. Podem verificar, por favor?",Acesso,Média,Suporte N1
Preciso de suporte porque estação de trabalho reinicia sem aviso. O problema é pontual e existe uma alternativa para continuar trabalhando. Solicito análise da equipe responsável.,Hardware,Baixa,Infraestrutura
Foi identificado que permissão de acesso não foi aplicada corretamente no sistema. Diversas equipes estão sem conseguir trabalhar e não há alternativa disponível no momento. Precisamos de orientação para resolver a situação.,Acesso,Crítica,Sistemas
Preciso de suporte porque Outlook não está sincronizando novas mensagens. A falha está impedindo uma operação importante para a equipe e precisa de atendimento rápido. Precisamos de orientação para resolver a situação.,E-mail,Alta,Suporte N1
"Foi identificado que usuário precisa de orientação após receber um alerta de segurança. O problema se espalhou para diferentes usuários e está comprometendo uma atividade do setor. Podem verificar, por favor?",Segurança,Alta,Suporte N1
Estamos com uma ocorrência em que teclado parou de responder corretamente. A solicitação não impede o trabalho neste momento e pode aguardar atendimento. Solicito análise da equipe responsável.,Hardware,Baixa,Suporte N1
Foi identificado que conexão com o servidor está intermitente. O problema se espalhou para diferentes usuários e está comprometendo uma atividade do setor. Precisamos de orientação para resolver a situação.,Rede,Alta,Infraestrutura
Preciso de suporte porque conta ficou bloqueada após tentativas de login. O problema é pontual e existe uma alternativa para continuar trabalhando. Precisamos de orientação para resolver a situação.,Acesso,Baixa,Suporte N1
"Preciso de suporte porque senha do usuário não está sendo aceita. A rotina de trabalho foi prejudicada, embora outras atividades ainda possam ser realizadas. Precisamos de orientação para resolver a situação.",Acesso,Média,Suporte N1
Foi identificado que estação de trabalho reinicia sem aviso. Diversas equipes estão sem conseguir trabalhar e não há alternativa disponível no momento. Precisamos de orientação para resolver a situação.,Hardware,Crítica,Infraestrutura
"Preciso de suporte porque foi identificado tráfego de rede incomum em uma estação. O serviço é essencial e a indisponibilidade está afetando grande parte da operação. Podem verificar, por favor?",Rede,Crítica,Segurança
"Preciso de suporte porque estação apresenta alertas de segurança recorrentes. A falha está impedindo uma operação importante para a equipe e precisa de atendimento rápido. Podem verificar, por favor?",Segurança,Alta,Segurança
Estamos com uma ocorrência em que internet está instável em uma área do escritório. A solicitação não impede o trabalho neste momento e pode aguardar atendimento. Solicito análise da equipe responsável.,Rede,Baixa,Infraestrutura
"Foi identificado que usuário recebeu alerta de acesso suspeito. O problema afeta o trabalho de uma pessoa e está causando perda de produtividade. Podem verificar, por favor?",Segurança,Média,Segurança
"Estamos com uma ocorrência em que mensagens estão sendo enviadas pela conta sem reconhecimento do usuário. Vários usuários do mesmo setor estão sendo afetados e uma atividade importante ficou interrompida. Podem verificar, por favor?",E-mail,Alta,Segurança
Preciso de suporte porque usuário recebeu uma solicitação de autenticação que não reconhece. O problema é pontual e existe uma alternativa para continuar trabalhando. Precisamos de orientação para resolver a situação.,Acesso,Baixa,Segurança
"Preciso de suporte porque foi identificado possível e-mail de phishing na caixa corporativa. O problema é pontual e existe uma alternativa para continuar trabalhando. Podem verificar, por favor?",E-mail,Baixa,Segurança
Foi identificado que monitor fica sem imagem durante o uso. O problema se espalhou para diferentes usuários e está comprometendo uma atividade do setor. Solicito análise da equipe responsável.,Hardware,Alta,Suporte N1
"Estamos com uma ocorrência em que documentos ficam presos na fila de impressão. A solicitação não impede o trabalho neste momento e pode aguardar atendimento. Podem verificar, por favor?",Impressora,Baixa,Suporte N1
"Preciso de suporte porque acesso a recursos internos pela rede está falhando. A falha está impedindo uma operação importante para a equipe e precisa de atendimento rápido. Podem verificar, por favor?",Rede,Alta,Infraestrutura
Estamos com uma ocorrência em que computador corporativo está superaquecendo. A ocorrência está interrompendo uma operação essencial para muitos usuários da empresa. Precisamos de orientação para resolver a situação.,Hardware,Crítica,Infraestrutura
"Preciso de suporte porque equipamento apresenta falha após troca de componente. A rotina de trabalho foi prejudicada, embora outras atividades ainda possam ser realizadas. Podem verificar, por favor?",Hardware,Média,Infraestrutura
"Foi identificado que Outlook não está sincronizando novas mensagens. O problema se espalhou para diferentes usuários e está comprometendo uma atividade do setor. Podem verificar, por favor?",E-mail,Alta,Suporte N1
"Preciso de suporte porque equipamento não recebe conexão pela rede cabeada. A rotina de trabalho foi prejudicada, embora outras atividades ainda possam ser realizadas. Solicito análise da equipe responsável.",Rede,Média,Infraestrutura
Estamos com uma ocorrência em que conexão com o servidor está intermitente. Um usuário está com dificuldade para executar uma atividade normal e precisa de suporte. Precisamos de orientação para resolver a situação.,Rede,Média,Infraestrutura
Estamos com uma ocorrência em que perfil não possui acesso a uma função do sistema. A solicitação não impede o trabalho neste momento e pode aguardar atendimento. Precisamos de orientação para resolver a situação.,Acesso,Baixa,Sistemas
Foi identificado que sistema registrou alterações de dados sem identificação clara. A atividade pode continuar por outro caminho e não há interrupção relevante. Precisamos de orientação para resolver a situação.,Segurança,Baixa,Sistemas
Foi identificado que integração entre dois sistemas deixou de funcionar. O problema se espalhou para diferentes usuários e está comprometendo uma atividade do setor. Precisamos de orientação para resolver a situação.,Software,Alta,Sistemas
Preciso de suporte porque rede apresenta perda de conexão durante o trabalho. O problema é pontual e existe uma alternativa para continuar trabalhando. Solicito análise da equipe responsável.,Rede,Baixa,Infraestrutura
"Preciso de suporte porque mensagens ficam presas na caixa de saída. A rotina de trabalho foi prejudicada, embora outras atividades ainda possam ser realizadas. Solicito análise da equipe responsável.",E-mail,Média,Suporte N1
Preciso de suporte porque aplicativo solicita permissões incomuns que não eram pedidas antes. O serviço é essencial e a indisponibilidade está afetando grande parte da operação. Precisamos de orientação para resolver a situação.,Software,Crítica,Segurança
Preciso de suporte porque mensagens ficam presas na caixa de saída. A falha está impedindo uma operação importante para a equipe e precisa de atendimento rápido. Precisamos de orientação para resolver a situação.,E-mail,Alta,Suporte N1
"Preciso de suporte porque usuário não consegue enviar mensagens pelo e-mail corporativo. A rotina de trabalho foi prejudicada, embora outras atividades ainda possam ser realizadas. Precisamos de orientação para resolver a situação.",E-mail,Média,Suporte N1
Foi identificado que usuário precisa de ajuda para selecionar a rede corporativa correta. O problema se espalhou para diferentes usuários e está comprometendo uma atividade do setor. Precisamos de orientação para resolver a situação.,Rede,Alta,Suporte N1
"Foi identificado que senha do usuário não está sendo aceita. O problema afeta o trabalho de uma pessoa e está causando perda de produtividade. Podem verificar, por favor?",Acesso,Média,Suporte N1
Estamos com uma ocorrência em que usuário recebeu aviso de alteração de senha que não solicitou. Vários usuários do mesmo setor estão sendo afetados e uma atividade importante ficou interrompida. Solicito análise da equipe responsável.,Acesso,Alta,Segurança
"Preciso de suporte porque mensagens ficam presas na caixa de saída. O serviço é essencial e a indisponibilidade está afetando grande parte da operação. Podem verificar, por favor?",E-mail,Crítica,Suporte N1
Preciso de suporte porque aplicação apresenta erro depois da última atualização. O problema é pontual e existe uma alternativa para continuar trabalhando. Solicito análise da equipe responsável.,Software,Baixa,Sistemas
Foi identificado que foram recebidos anexos inesperados de remetente desconhecido. O problema se espalhou para diferentes usuários e está comprometendo uma atividade do setor. Solicito análise da equipe responsável.,E-mail,Alta,Segurança
Estamos com uma ocorrência em que navegador redireciona para páginas inesperadas. A ocorrência está interrompendo uma operação essencial para muitos usuários da empresa. Precisamos de orientação para resolver a situação.,Segurança,Crítica,Segurança
Foi identificado que sistema interno não carrega uma das telas. Diversas equipes estão sem conseguir trabalhar e não há alternativa disponível no momento. Solicito análise da equipe responsável.,Software,Crítica,Sistemas
Estamos com uma ocorrência em que computador não consegue acessar a rede corporativa. A solicitação não impede o trabalho neste momento e pode aguardar atendimento. Precisamos de orientação para resolver a situação.,Rede,Baixa,Infraestrutura
Foi identificado que integração do sistema com o envio de e-mails falhou. O problema se espalhou para diferentes usuários e está comprometendo uma atividade do setor. Precisamos de orientação para resolver a situação.,E-mail,Alta,Sistemas
Preciso de suporte porque usuário recebeu alerta de acesso suspeito. O serviço é essencial e a indisponibilidade está afetando grande parte da operação. Solicito análise da equipe responsável.,Segurança,Crítica,Segurança
Estamos com uma ocorrência em que computador corporativo está superaquecendo. Vários usuários do mesmo setor estão sendo afetados e uma atividade importante ficou interrompida. Solicito análise da equipe responsável.,Hardware,Alta,Infraestrutura
"Foi identificado que usuário não consegue enviar mensagens pelo e-mail corporativo. O problema afeta o trabalho de uma pessoa e está causando perda de produtividade. Podem verificar, por favor?",E-mail,Média,Suporte N1
"Estamos com uma ocorrência em que usuário não consegue enviar mensagens pelo e-mail corporativo. A ocorrência está interrompendo uma operação essencial para muitos usuários da empresa. Podem verificar, por favor?",E-mail,Crítica,Suporte N1
"Foi identificado que equipamento foi encontrado com um dispositivo desconhecido conectado. A atividade pode continuar por outro caminho e não há interrupção relevante. Podem verificar, por favor?",Hardware,Baixa,Segurança
Preciso de suporte porque notebook corporativo apresenta comportamento físico incomum após manutenção. A falha está impedindo uma operação importante para a equipe e precisa de atendimento rápido. Precisamos de orientação para resolver a situação.,Hardware,Alta,Segurança
"Estamos com uma ocorrência em que permissão de acesso não foi aplicada corretamente no sistema. A solicitação não impede o trabalho neste momento e pode aguardar atendimento. Podem verificar, por favor?",Acesso,Baixa,Sistemas
Preciso de suporte porque disco do computador apresenta erros durante o uso. O problema é pontual e existe uma alternativa para continuar trabalhando. Solicito análise da equipe responsável.,Hardware,Baixa,Infraestrutura
Foi identificado que houve tentativa de login em horário incomum. A atividade pode continuar por outro caminho e não há interrupção relevante. Solicito análise da equipe responsável.,Acesso,Baixa,Segurança
"Preciso de suporte porque disco do computador apresenta erros durante o uso. A rotina de trabalho foi prejudicada, embora outras atividades ainda possam ser realizadas. Precisamos de orientação para resolver a situação.",Hardware,Média,Infraestrutura
Estamos com uma ocorrência em que credenciais parecem ter sido utilizadas em outro dispositivo. A solicitação não impede o trabalho neste momento e pode aguardar atendimento. Solicito análise da equipe responsável.,Acesso,Baixa,Segurança
Foi identificado que estação apresenta alertas de segurança recorrentes. Diversas equipes estão sem conseguir trabalhar e não há alternativa disponível no momento. Precisamos de orientação para resolver a situação.,Segurança,Crítica,Segurança
"Preciso de suporte porque servidor registrou comportamento de rede fora do padrão. A rotina de trabalho foi prejudicada, embora outras atividades ainda possam ser realizadas. Podem verificar, por favor?",Segurança,Média,Infraestrutura
"Preciso de suporte porque mensagens ficam presas na caixa de saída. O problema é pontual e existe uma alternativa para continuar trabalhando. Podem verificar, por favor?",E-mail,Baixa,Suporte N1
"Estamos com uma ocorrência em que mensagens ficam presas na caixa de saída. Um usuário está com dificuldade para executar uma atividade normal e precisa de suporte. Podem verificar, por favor?",E-mail,Média,Suporte N1
Estamos com uma ocorrência em que disco do computador apresenta erros durante o uso. Vários usuários do mesmo setor estão sendo afetados e uma atividade importante ficou interrompida. Precisamos de orientação para resolver a situação.,Hardware,Alta,Infraestrutura
Estamos com uma ocorrência em que computador não liga mesmo estando conectado à tomada. A ocorrência está interrompendo uma operação essencial para muitos usuários da empresa. Precisamos de orientação para resolver a situação.,Hardware,Crítica,Suporte N1
"Foi identificado que integração do sistema com o envio de e-mails falhou. Diversas equipes estão sem conseguir trabalhar e não há alternativa disponível no momento. Podem verificar, por favor?",E-mail,Crítica,Sistemas
Foi identificado que notebook apresenta falha ao reconhecer dispositivos USB. Diversas equipes estão sem conseguir trabalhar e não há alternativa disponível no momento. Solicito análise da equipe responsável.,Hardware,Crítica,Suporte N1
Preciso de suporte porque notebook apresenta falha ao reconhecer dispositivos USB. A falha está impedindo uma operação importante para a equipe e precisa de atendimento rápido. Precisamos de orientação para resolver a situação.,Hardware,Alta,Suporte N1
Estamos com uma ocorrência em que sistema interno não carrega uma das telas. A ocorrência está interrompendo uma operação essencial para muitos usuários da empresa. Precisamos de orientação para resolver a situação.,Software,Crítica,Sistemas
"Estamos com uma ocorrência em que usuário recebeu alerta de acesso suspeito. A solicitação não impede o trabalho neste momento e pode aguardar atendimento. Podem verificar, por favor?",Segurança,Baixa,Segurança
Estamos com uma ocorrência em que driver da impressora apresenta erro na estação. Um usuário está com dificuldade para executar uma atividade normal e precisa de suporte. Precisamos de orientação para resolver a situação.,Impressora,Média,Suporte N1
Estamos com uma ocorrência em que sistema corporativo não consegue gerar o documento para impressão. Um usuário está com dificuldade para executar uma atividade normal e precisa de suporte. Precisamos de orientação para resolver a situação.,Impressora,Média,Sistemas
"Preciso de suporte porque serviço de impressão do servidor não processa os trabalhos enviados. O problema é pontual e existe uma alternativa para continuar trabalhando. Podem verificar, por favor?",Impressora,Baixa,Sistemas
Estamos com uma ocorrência em que aplicação apresenta erro depois da última atualização. Vários usuários do mesmo setor estão sendo afetados e uma atividade importante ficou interrompida. Precisamos de orientação para resolver a situação.,Software,Alta,Sistemas
Estamos com uma ocorrência em que usuário recebeu mensagem suspeita solicitando credenciais. Vários usuários do mesmo setor estão sendo afetados e uma atividade importante ficou interrompida. Solicito análise da equipe responsável.,E-mail,Alta,Segurança
Foi identificado que impressão sai com configuração diferente da selecionada. Diversas equipes estão sem conseguir trabalhar e não há alternativa disponível no momento. Solicito análise da equipe responsável.,Impressora,Crítica,Suporte N1
"Foi identificado que aplicação apresenta erro depois da última atualização. O problema afeta o trabalho de uma pessoa e está causando perda de produtividade. Podem verificar, por favor?",Software,Média,Sistemas
Foi identificado que impressora compartilhada não está disponível para alguns usuários. Diversas equipes estão sem conseguir trabalhar e não há alternativa disponível no momento. Solicito análise da equipe responsável.,Impressora,Crítica,Infraestrutura
"Foi identificado que mensagens estão sendo enviadas pela conta sem reconhecimento do usuário. A atividade pode continuar por outro caminho e não há interrupção relevante. Podem verificar, por favor?",E-mail,Baixa,Segurança
"Preciso de suporte porque conexão Wi-Fi cai durante o expediente. A rotina de trabalho foi prejudicada, embora outras atividades ainda possam ser realizadas. Precisamos de orientação para resolver a situação.",Rede,Média,Infraestrutura
Preciso de suporte porque senha do usuário não está sendo aceita. O problema é pontual e existe uma alternativa para continuar trabalhando. Solicito análise da equipe responsável.,Acesso,Baixa,Suporte N1
Preciso de suporte porque rede apresenta perda de conexão durante o trabalho. O serviço é essencial e a indisponibilidade está afetando grande parte da operação. Solicito análise da equipe responsável.,Rede,Crítica,Infraestrutura
"Estamos com uma ocorrência em que navegador redireciona para páginas inesperadas. Um usuário está com dificuldade para executar uma atividade normal e precisa de suporte. Podem verificar, por favor?",Segurança,Média,Segurança
Foi identificado que monitor fica sem imagem durante o uso. Diversas equipes estão sem conseguir trabalhar e não há alternativa disponível no momento. Precisamos de orientação para resolver a situação.,Hardware,Crítica,Suporte N1
"Preciso de suporte porque computador não liga mesmo estando conectado à tomada. O serviço é essencial e a indisponibilidade está afetando grande parte da operação. Podem verificar, por favor?",Hardware,Crítica,Suporte N1
Foi identificado que foi identificado tráfego de rede incomum em uma estação. Diversas equipes estão sem conseguir trabalhar e não há alternativa disponível no momento. Solicito análise da equipe responsável.,Rede,Crítica,Segurança
"Estamos com uma ocorrência em que conexão Wi-Fi cai durante o expediente. A solicitação não impede o trabalho neste momento e pode aguardar atendimento. Podem verificar, por favor?",Rede,Baixa,Infraestrutura
Preciso de suporte porque conta ficou bloqueada após tentativas de login. A falha está impedindo uma operação importante para a equipe e precisa de atendimento rápido. Solicito análise da equipe responsável.,Acesso,Alta,Suporte N1
"Preciso de suporte porque usuário não consegue imprimir na impressora do setor. A rotina de trabalho foi prejudicada, embora outras atividades ainda possam ser realizadas. Podem verificar, por favor?",Impressora,Média,Suporte N1
"Foi identificado que scanner multifuncional não aparece para o usuário. O problema afeta o trabalho de uma pessoa e está causando perda de produtividade. Podem verificar, por favor?",Impressora,Média,Suporte N1
"Estamos com uma ocorrência em que estação apresenta alertas de segurança recorrentes. A solicitação não impede o trabalho neste momento e pode aguardar atendimento. Podem verificar, por favor?",Segurança,Baixa,Segurança
"Foi identificado que houve tentativa de login em horário incomum. O problema se espalhou para diferentes usuários e está comprometendo uma atividade do setor. Podem verificar, por favor?",Acesso,Alta,Segurança
Foi identificado que navegador redireciona para páginas inesperadas. A atividade pode continuar por outro caminho e não há interrupção relevante. Solicito análise da equipe responsável.,Segurança,Baixa,Segurança
"Foi identificado que usuário recebeu uma solicitação de autenticação que não reconhece. A atividade pode continuar por outro caminho e não há interrupção relevante. Podem verificar, por favor?",Acesso,Baixa,Segurança
Foi identificado que rede apresenta perda de conexão durante o trabalho. A atividade pode continuar por outro caminho e não há interrupção relevante. Precisamos de orientação para resolver a situação.,Rede,Baixa,Infraestrutura
"Estamos com uma ocorrência em que Outlook não está sincronizando novas mensagens. Um usuário está com dificuldade para executar uma atividade normal e precisa de suporte. Podem verificar, por favor?",E-mail,Média,Suporte N1
"Preciso de suporte porque computador não liga mesmo estando conectado à tomada. A rotina de trabalho foi prejudicada, embora outras atividades ainda possam ser realizadas. Solicito análise da equipe responsável.",Hardware,Média,Suporte N1
"Preciso de suporte porque computador não consegue acessar a rede corporativa. A rotina de trabalho foi prejudicada, embora outras atividades ainda possam ser realizadas. Solicito análise da equipe responsável.",Rede,Média,Infraestrutura
Estamos com uma ocorrência em que monitor fica sem imagem durante o uso. Vários usuários do mesmo setor estão sendo afetados e uma atividade importante ficou interrompida. Precisamos de orientação para resolver a situação.,Hardware,Alta,Suporte N1
Estamos com uma ocorrência em que foi identificado tráfego de rede incomum em uma estação. A solicitação não impede o trabalho neste momento e pode aguardar atendimento. Precisamos de orientação para resolver a situação.,Rede,Baixa,Segurança
Foi identificado que aplicativo solicita permissões incomuns que não eram pedidas antes. O problema afeta o trabalho de uma pessoa e está causando perda de produtividade. Solicito análise da equipe responsável.,Software,Média,Segurança
Estamos com uma ocorrência em que foi identificado possível e-mail de phishing na caixa corporativa. Vários usuários do mesmo setor estão sendo afetados e uma atividade importante ficou interrompida. Solicito análise da equipe responsável.,E-mail,Alta,Segurança
"Preciso de suporte porque antivírus identificou uma ameaça em um arquivo. O serviço é essencial e a indisponibilidade está afetando grande parte da operação. Podem verificar, por favor?",Segurança,Crítica,Segurança
"Foi identificado que aplicação apresentou atividade incomum associada a um usuário. A atividade pode continuar por outro caminho e não há interrupção relevante. Podem verificar, por favor?",Segurança,Baixa,Sistemas
"Preciso de suporte porque Outlook não está sincronizando novas mensagens. O serviço é essencial e a indisponibilidade está afetando grande parte da operação. Podem verificar, por favor?",E-mail,Crítica,Suporte N1
Preciso de suporte porque usuário precisa de ajuda para selecionar a rede corporativa correta. O problema é pontual e existe uma alternativa para continuar trabalhando. Precisamos de orientação para resolver a situação.,Rede,Baixa,Suporte N1
Preciso de suporte porque sistema corporativo não consegue gerar o documento para impressão. O serviço é essencial e a indisponibilidade está afetando grande parte da operação. Precisamos de orientação para resolver a situação.,Impressora,Crítica,Sistemas
Estamos com uma ocorrência em que sistema está retornando erro durante o processamento. A ocorrência está interrompendo uma operação essencial para muitos usuários da empresa. Precisamos de orientação para resolver a situação.,Software,Crítica,Sistemas
"Preciso de suporte porque programa desconhecido apareceu instalado na máquina. A rotina de trabalho foi prejudicada, embora outras atividades ainda possam ser realizadas. Solicito análise da equipe responsável.",Software,Média,Segurança
"Foi identificado que disco do computador apresenta erros durante o uso. O problema afeta o trabalho de uma pessoa e está causando perda de produtividade. Podem verificar, por favor?",Hardware,Média,Infraestrutura
Foi identificado que usuário recebeu uma solicitação de autenticação que não reconhece. O problema afeta o trabalho de uma pessoa e está causando perda de produtividade. Solicito análise da equipe responsável.,Acesso,Média,Segurança
Preciso de suporte porque senha do usuário não está sendo aceita. O serviço é essencial e a indisponibilidade está afetando grande parte da operação. Solicito análise da equipe responsável.,Acesso,Crítica,Suporte N1
"Estamos com uma ocorrência em que regra automática de e-mail não está funcionando corretamente. A solicitação não impede o trabalho neste momento e pode aguardar atendimento. Podem verificar, por favor?",E-mail,Baixa,Sistemas
Estamos com uma ocorrência em que equipamento não recebe conexão pela rede cabeada. A solicitação não impede o trabalho neste momento e pode aguardar atendimento. Precisamos de orientação para resolver a situação.,Rede,Baixa,Infraestrutura
Preciso de suporte porque integração entre dois sistemas deixou de funcionar. O problema é pontual e existe uma alternativa para continuar trabalhando. Precisamos de orientação para resolver a situação.,Software,Baixa,Sistemas
Estamos com uma ocorrência em que impressora compartilhada não está disponível para alguns usuários. A solicitação não impede o trabalho neste momento e pode aguardar atendimento. Precisamos de orientação para resolver a situação.,Impressora,Baixa,Infraestrutura
"Estamos com uma ocorrência em que impressora compartilhada não está disponível para alguns usuários. Um usuário está com dificuldade para executar uma atividade normal e precisa de suporte. Podem verificar, por favor?",Impressora,Média,Infraestrutura
Estamos com uma ocorrência em que ERP apresenta erro ao salvar informações. Um usuário está com dificuldade para executar uma atividade normal e precisa de suporte. Precisamos de orientação para resolver a situação.,Software,Média,Sistemas
"Preciso de suporte porque computador corporativo está superaquecendo. O serviço é essencial e a indisponibilidade está afetando grande parte da operação. Podem verificar, por favor?",Hardware,Crítica,Infraestrutura
Estamos com uma ocorrência em que equipamento de impressão perdeu comunicação com a rede. Um usuário está com dificuldade para executar uma atividade normal e precisa de suporte. Solicito análise da equipe responsável.,Impressora,Média,Infraestrutura
Foi identificado que mensagens ficam presas na caixa de saída. Diversas equipes estão sem conseguir trabalhar e não há alternativa disponível no momento. Solicito análise da equipe responsável.,E-mail,Crítica,Suporte N1
Foi identificado que equipamento não recebe conexão pela rede cabeada. O problema afeta o trabalho de uma pessoa e está causando perda de produtividade. Precisamos de orientação para resolver a situação.,Rede,Média,Infraestrutura
"Foi identificado que equipamento apresenta falha após troca de componente. A atividade pode continuar por outro caminho e não há interrupção relevante. Podem verificar, por favor?",Hardware,Baixa,Infraestrutura
"Foi identificado que regra automática de e-mail não está funcionando corretamente. O problema afeta o trabalho de uma pessoa e está causando perda de produtividade. Podem verificar, por favor?",E-mail,Média,Sistemas
"Foi identificado que integração entre dois sistemas deixou de funcionar. A atividade pode continuar por outro caminho e não há interrupção relevante. Podem verificar, por favor?",Software,Baixa,Sistemas
Preciso de suporte porque internet está instável em uma área do escritório. O serviço é essencial e a indisponibilidade está afetando grande parte da operação. Precisamos de orientação para resolver a situação.,Rede,Crítica,Infraestrutura
Foi identificado que usuário não consegue imprimir na impressora do setor. O problema afeta o trabalho de uma pessoa e está causando perda de produtividade. Solicito análise da equipe responsável.,Impressora,Média,Suporte N1
Foi identificado que regra automática de e-mail não está funcionando corretamente. A atividade pode continuar por outro caminho e não há interrupção relevante. Precisamos de orientação para resolver a situação.,E-mail,Baixa,Sistemas
Estamos com uma ocorrência em que programa desconhecido apareceu instalado na máquina. A solicitação não impede o trabalho neste momento e pode aguardar atendimento. Precisamos de orientação para resolver a situação.,Software,Baixa,Segurança
"Estamos com uma ocorrência em que disco do computador apresenta erros durante o uso. A solicitação não impede o trabalho neste momento e pode aguardar atendimento. Podem verificar, por favor?",Hardware,Baixa,Infraestrutura
Preciso de suporte porque serviço de impressão do servidor não processa os trabalhos enviados. A falha está impedindo uma operação importante para a equipe e precisa de atendimento rápido. Precisamos de orientação para resolver a situação.,Impressora,Alta,Sistemas
"Preciso de suporte porque notebook corporativo apresenta comportamento físico incomum após manutenção. A rotina de trabalho foi prejudicada, embora outras atividades ainda possam ser realizadas. Solicito análise da equipe responsável.",Hardware,Média,Segurança
"Estamos com uma ocorrência em que aplicativo corporativo fecha sozinho ao executar uma tarefa. Um usuário está com dificuldade para executar uma atividade normal e precisa de suporte. Podem verificar, por favor?",Software,Média,Suporte N1
"Estamos com uma ocorrência em que equipamento de impressão perdeu comunicação com a rede. A ocorrência está interrompendo uma operação essencial para muitos usuários da empresa. Podem verificar, por favor?",Impressora,Crítica,Infraestrutura
Estamos com uma ocorrência em que acesso a recursos internos pela rede está falhando. Um usuário está com dificuldade para executar uma atividade normal e precisa de suporte. Solicito análise da equipe responsável.,Rede,Média,Infraestrutura
"Foi identificado que programa desconhecido apareceu instalado na máquina. O problema se espalhou para diferentes usuários e está comprometendo uma atividade do setor. Podem verificar, por favor?",Software,Alta,Segurança
"Preciso de suporte porque computador não liga mesmo estando conectado à tomada. O problema é pontual e existe uma alternativa para continuar trabalhando. Podem verificar, por favor?",Hardware,Baixa,Suporte N1
"Preciso de suporte porque usuário precisa de orientação após receber um alerta de segurança. O serviço é essencial e a indisponibilidade está afetando grande parte da operação. Podem verificar, por favor?",Segurança,Crítica,Suporte N1
Estamos com uma ocorrência em que permissão de acesso não foi aplicada corretamente no sistema. Um usuário está com dificuldade para executar uma atividade normal e precisa de suporte. Solicito análise da equipe responsável.,Acesso,Média,Sistemas
Estamos com uma ocorrência em que usuário recebeu alerta de acesso suspeito. Um usuário está com dificuldade para executar uma atividade normal e precisa de suporte. Solicito análise da equipe responsável.,Segurança,Média,Segurança
"Foi identificado que conta ficou bloqueada após tentativas de login. Diversas equipes estão sem conseguir trabalhar e não há alternativa disponível no momento. Podem verificar, por favor?",Acesso,Crítica,Suporte N1
Foi identificado que Outlook não está sincronizando novas mensagens. Diversas equipes estão sem conseguir trabalhar e não há alternativa disponível no momento. Solicito análise da equipe responsável.,E-mail,Crítica,Suporte N1
Foi identificado que usuário não consegue enviar mensagens pelo e-mail corporativo. Diversas equipes estão sem conseguir trabalhar e não há alternativa disponível no momento. Precisamos de orientação para resolver a situação.,E-mail,Crítica,Suporte N1
Estamos com uma ocorrência em que equipamento não recebe conexão pela rede cabeada. Vários usuários do mesmo setor estão sendo afetados e uma atividade importante ficou interrompida. Solicito análise da equipe responsável.,Rede,Alta,Infraestrutura
"Preciso de suporte porque scanner multifuncional não aparece para o usuário. A rotina de trabalho foi prejudicada, embora outras atividades ainda possam ser realizadas. Precisamos de orientação para resolver a situação.",Impressora,Média,Suporte N1
Estamos com uma ocorrência em que notebook corporativo apresenta comportamento físico incomum após manutenção. A solicitação não impede o trabalho neste momento e pode aguardar atendimento. Precisamos de orientação para resolver a situação.,Hardware,Baixa,Segurança
"Preciso de suporte porque programa desconhecido apareceu instalado na máquina. O problema é pontual e existe uma alternativa para continuar trabalhando. Podem verificar, por favor?",Software,Baixa,Segurança
"Preciso de suporte porque foi identificado possível e-mail de phishing na caixa corporativa. O serviço é essencial e a indisponibilidade está afetando grande parte da operação. Podem verificar, por favor?",E-mail,Crítica,Segurança
Estamos com uma ocorrência em que conta apresenta acessos que o usuário não reconhece. Um usuário está com dificuldade para executar uma atividade normal e precisa de suporte. Solicito análise da equipe responsável.,Acesso,Média,Segurança
Estamos com uma ocorrência em que sistema corporativo não consegue gerar o documento para impressão. A solicitação não impede o trabalho neste momento e pode aguardar atendimento. Solicito análise da equipe responsável.,Impressora,Baixa,Sistemas
Preciso de suporte porque internet está instável em uma área do escritório. A falha está impedindo uma operação importante para a equipe e precisa de atendimento rápido. Solicito análise da equipe responsável.,Rede,Alta,Infraestrutura
Preciso de suporte porque VPN corporativa não estabelece conexão. A falha está impedindo uma operação importante para a equipe e precisa de atendimento rápido. Precisamos de orientação para resolver a situação.,Rede,Alta,Infraestrutura
Preciso de suporte porque foram recebidos anexos inesperados de remetente desconhecido. O serviço é essencial e a indisponibilidade está afetando grande parte da operação. Solicito análise da equipe responsável.,E-mail,Crítica,Segurança
Estamos com uma ocorrência em que ERP apresenta erro ao salvar informações. A solicitação não impede o trabalho neste momento e pode aguardar atendimento. Solicito análise da equipe responsável.,Software,Baixa,Sistemas
Estamos com uma ocorrência em que impressora aparece como offline no computador. Vários usuários do mesmo setor estão sendo afetados e uma atividade importante ficou interrompida. Solicito análise da equipe responsável.,Impressora,Alta,Suporte N1
Foi identificado que regra automática de e-mail não está funcionando corretamente. Diversas equipes estão sem conseguir trabalhar e não há alternativa disponível no momento. Precisamos de orientação para resolver a situação.,E-mail,Crítica,Sistemas
Foi identificado que navegador redireciona para páginas inesperadas. Diversas equipes estão sem conseguir trabalhar e não há alternativa disponível no momento. Solicito análise da equipe responsável.,Segurança,Crítica,Segurança
"Foi identificado que impressora aparece como offline no computador. O problema se espalhou para diferentes usuários e está comprometendo uma atividade do setor. Podem verificar, por favor?",Impressora,Alta,Suporte N1
"Preciso de suporte porque usuário não consegue entrar na conta corporativa. A rotina de trabalho foi prejudicada, embora outras atividades ainda possam ser realizadas. Solicito análise da equipe responsável.",Acesso,Média,Suporte N1
Preciso de suporte porque internet está instável em uma área do escritório. O problema é pontual e existe uma alternativa para continuar trabalhando. Precisamos de orientação para resolver a situação.,Rede,Baixa,Infraestrutura
Foi identificado que antivírus identificou uma ameaça em um arquivo. Diversas equipes estão sem conseguir trabalhar e não há alternativa disponível no momento. Solicito análise da equipe responsável.,Segurança,Crítica,Segurança
Preciso de suporte porque conexão com o servidor está intermitente. O serviço é essencial e a indisponibilidade está afetando grande parte da operação. Precisamos de orientação para resolver a situação.,Rede,Crítica,Infraestrutura
Preciso de suporte porque conexão com o servidor está intermitente. A falha está impedindo uma operação importante para a equipe e precisa de atendimento rápido. Solicito análise da equipe responsável.,Rede,Alta,Infraestrutura
"Foi identificado que usuário recebeu aviso de alteração de senha que não solicitou. O problema se espalhou para diferentes usuários e está comprometendo uma atividade do setor. Podem verificar, por favor?",Acesso,Alta,Segurança
"Foi identificado que notebook apresenta falha ao reconhecer dispositivos USB. O problema se espalhou para diferentes usuários e está comprometendo uma atividade do setor. Podem verificar, por favor?",Hardware,Alta,Suporte N1
Foi identificado que foi identificado tráfego de rede incomum em uma estação. O problema afeta o trabalho de uma pessoa e está causando perda de produtividade. Precisamos de orientação para resolver a situação.,Rede,Média,Segurança
Estamos com uma ocorrência em que usuário não consegue entrar na conta corporativa. A ocorrência está interrompendo uma operação essencial para muitos usuários da empresa. Precisamos de orientação para resolver a situação.,Acesso,Crítica,Suporte N1
Preciso de suporte porque integração do sistema com o envio de e-mails falhou. O serviço é essencial e a indisponibilidade está afetando grande parte da operação. Precisamos de orientação para resolver a situação.,E-mail,Crítica,Sistemas
"Foi identificado que conexão Wi-Fi cai durante o expediente. O problema afeta o trabalho de uma pessoa e está causando perda de produtividade. Podem verificar, por favor?",Rede,Média,Infraestrutura
"Preciso de suporte porque sistema está retornando erro durante o processamento. O serviço é essencial e a indisponibilidade está afetando grande parte da operação. Podem verificar, por favor?",Software,Crítica,Sistemas
Estamos com uma ocorrência em que usuário precisa de orientação após receber um alerta de segurança. A ocorrência está interrompendo uma operação essencial para muitos usuários da empresa. Precisamos de orientação para resolver a situação.,Segurança,Crítica,Suporte N1
"Foi identificado que sistema corporativo não consegue gerar o documento para impressão. A atividade pode continuar por outro caminho e não há interrupção relevante. Podem verificar, por favor?",Impressora,Baixa,Sistemas
"Foi identificado que equipamento foi encontrado com um dispositivo desconhecido conectado. Diversas equipes estão sem conseguir trabalhar e não há alternativa disponível no momento. Podem verificar, por favor?",Hardware,Crítica,Segurança
Preciso de suporte porque estação de trabalho reinicia sem aviso. O serviço é essencial e a indisponibilidade está afetando grande parte da operação. Solicito análise da equipe responsável.,Hardware,Crítica,Infraestrutura
Foi identificado que usuário não consegue imprimir na impressora do setor. O problema se espalhou para diferentes usuários e está comprometendo uma atividade do setor. Precisamos de orientação para resolver a situação.,Impressora,Alta,Suporte N1
Estamos com uma ocorrência em que usuário precisa de orientação após receber um alerta de segurança. Vários usuários do mesmo setor estão sendo afetados e uma atividade importante ficou interrompida. Solicito análise da equipe responsável.,Segurança,Alta,Suporte N1
Preciso de suporte porque equipamento foi encontrado com um dispositivo desconhecido conectado. O problema é pontual e existe uma alternativa para continuar trabalhando. Precisamos de orientação para resolver a situação.,Hardware,Baixa,Segurança
Estamos com uma ocorrência em que caixa de e-mail apresenta erro ao abrir. A ocorrência está interrompendo uma operação essencial para muitos usuários da empresa. Solicito análise da equipe responsável.,E-mail,Crítica,Suporte N1
Preciso de suporte porque arquivo corporativo foi alterado sem explicação. A falha está impedindo uma operação importante para a equipe e precisa de atendimento rápido. Solicito análise da equipe responsável.,Segurança,Alta,Segurança
Foi identificado que impressão sai com configuração diferente da selecionada. O problema afeta o trabalho de uma pessoa e está causando perda de produtividade. Precisamos de orientação para resolver a situação.,Impressora,Média,Suporte N1
Foi identificado que Outlook não está sincronizando novas mensagens. O problema afeta o trabalho de uma pessoa e está causando perda de produtividade. Precisamos de orientação para resolver a situação.,E-mail,Média,Suporte N1
Preciso de suporte porque aplicação apresenta erro depois da última atualização. O serviço é essencial e a indisponibilidade está afetando grande parte da operação. Solicito análise da equipe responsável.,Software,Crítica,Sistemas
Preciso de suporte porque conexão com o servidor está intermitente. O problema é pontual e existe uma alternativa para continuar trabalhando. Precisamos de orientação para resolver a situação.,Rede,Baixa,Infraestrutura
Foi identificado que estação apresenta alertas de segurança recorrentes. O problema se espalhou para diferentes usuários e está comprometendo uma atividade do setor. Solicito análise da equipe responsável.,Segurança,Alta,Segurança
Foi identificado que caixa de e-mail apresenta erro ao abrir. O problema se espalhou para diferentes usuários e está comprometendo uma atividade do setor. Precisamos de orientação para resolver a situação.,E-mail,Alta,Suporte N1
"Preciso de suporte porque sistema registrou alterações de dados sem identificação clara. A rotina de trabalho foi prejudicada, embora outras atividades ainda possam ser realizadas. Precisamos de orientação para resolver a situação.",Segurança,Média,Sistemas
Foi identificado que ERP apresenta erro ao salvar informações. O problema afeta o trabalho de uma pessoa e está causando perda de produtividade. Solicito análise da equipe responsável.,Software,Média,Sistemas
Foi identificado que aplicativo corporativo fecha sozinho ao executar uma tarefa. A atividade pode continuar por outro caminho e não há interrupção relevante. Solicito análise da equipe responsável.,Software,Baixa,Suporte N1
Foi identificado que driver da impressora apresenta erro na estação. O problema afeta o trabalho de uma pessoa e está causando perda de produtividade. Solicito análise da equipe responsável.,Impressora,Média,Suporte N1
"Foi identificado que antivírus identificou uma ameaça em um arquivo. O problema se espalhou para diferentes usuários e está comprometendo uma atividade do setor. Podem verificar, por favor?",Segurança,Alta,Segurança
Foi identificado que integração entre dois sistemas deixou de funcionar. O problema afeta o trabalho de uma pessoa e está causando perda de produtividade. Solicito análise da equipe responsável.,Software,Média,Sistemas
Preciso de suporte porque usuário não consegue imprimir na impressora do setor. O serviço é essencial e a indisponibilidade está afetando grande parte da operação. Precisamos de orientação para resolver a situação.,Impressora,Crítica,Suporte N1
"Preciso de suporte porque estação de trabalho reinicia sem aviso. A falha está impedindo uma operação importante para a equipe e precisa de atendimento rápido. Podem verificar, por favor?",Hardware,Alta,Infraestrutura
Estamos com uma ocorrência em que antivírus identificou uma ameaça em um arquivo. A solicitação não impede o trabalho neste momento e pode aguardar atendimento. Precisamos de orientação para resolver a situação.,Segurança,Baixa,Segurança
"Preciso de suporte porque conta apresenta acessos que o usuário não reconhece. A falha está impedindo uma operação importante para a equipe e precisa de atendimento rápido. Podem verificar, por favor?",Acesso,Alta,Segurança
Foi identificado que usuário precisa de orientação após receber um alerta de segurança. O problema afeta o trabalho de uma pessoa e está causando perda de produtividade. Precisamos de orientação para resolver a situação.,Segurança,Média,Suporte N1
Preciso de suporte porque usuário não consegue enviar mensagens pelo e-mail corporativo. O problema é pontual e existe uma alternativa para continuar trabalhando. Solicito análise da equipe responsável.,E-mail,Baixa,Suporte N1
"Preciso de suporte porque VPN corporativa não estabelece conexão. A rotina de trabalho foi prejudicada, embora outras atividades ainda possam ser realizadas. Solicito análise da equipe responsável.",Rede,Média,Infraestrutura
"Estamos com uma ocorrência em que foi identificado tráfego de rede incomum em uma estação. Um usuário está com dificuldade para executar uma atividade normal e precisa de suporte. Podem verificar, por favor?",Rede,Média,Segurança
Estamos com uma ocorrência em que servidor registrou comportamento de rede fora do padrão. A solicitação não impede o trabalho neste momento e pode aguardar atendimento. Solicito análise da equipe responsável.,Segurança,Baixa,Infraestrutura
Estamos com uma ocorrência em que programa instalado não abre para o usuário. Vários usuários do mesmo setor estão sendo afetados e uma atividade importante ficou interrompida. Precisamos de orientação para resolver a situação.,Software,Alta,Suporte N1
"Foi identificado que usuário não consegue entrar na conta corporativa. O problema se espalhou para diferentes usuários e está comprometendo uma atividade do setor. Podem verificar, por favor?",Acesso,Alta,Suporte N1
"Preciso de suporte porque sistema corporativo não consegue gerar o documento para impressão. A rotina de trabalho foi prejudicada, embora outras atividades ainda possam ser realizadas. Podem verificar, por favor?",Impressora,Média,Sistemas
"Foi identificado que programa instalado não abre para o usuário. O problema afeta o trabalho de uma pessoa e está causando perda de produtividade. Podem verificar, por favor?",Software,Média,Suporte N1
"Preciso de suporte porque perfil não possui acesso a uma função do sistema. O serviço é essencial e a indisponibilidade está afetando grande parte da operação. Podem verificar, por favor?",Acesso,Crítica,Sistemas
Preciso de suporte porque conexão Wi-Fi cai durante o expediente. O serviço é essencial e a indisponibilidade está afetando grande parte da operação. Solicito análise da equipe responsável.,Rede,Crítica,Infraestrutura
Estamos com uma ocorrência em que VPN corporativa não estabelece conexão. A solicitação não impede o trabalho neste momento e pode aguardar atendimento. Precisamos de orientação para resolver a situação.,Rede,Baixa,Infraestrutura
"Estamos com uma ocorrência em que monitor fica sem imagem durante o uso. A ocorrência está interrompendo uma operação essencial para muitos usuários da empresa. Podem verificar, por favor?",Hardware,Crítica,Suporte N1
"Estamos com uma ocorrência em que aplicação apresenta erro depois da última atualização. A solicitação não impede o trabalho neste momento e pode aguardar atendimento. Podem verificar, por favor?",Software,Baixa,Sistemas
Foi identificado que equipamento de impressão perdeu comunicação com a rede. A atividade pode continuar por outro caminho e não há interrupção relevante. Precisamos de orientação para resolver a situação.,Impressora,Baixa,Infraestrutura
"Preciso de suporte porque VPN corporativa não estabelece conexão. O problema é pontual e existe uma alternativa para continuar trabalhando. Podem verificar, por favor?",Rede,Baixa,Infraestrutura
"Estamos com uma ocorrência em que conta ficou bloqueada após tentativas de login. Vários usuários do mesmo setor estão sendo afetados e uma atividade importante ficou interrompida. Podem verificar, por favor?",Acesso,Alta,Suporte N1
Estamos com uma ocorrência em que servidor registrou comportamento de rede fora do padrão. A ocorrência está interrompendo uma operação essencial para muitos usuários da empresa. Solicito análise da equipe responsável.,Segurança,Crítica,Infraestrutura
Foi identificado que monitor fica sem imagem durante o uso. A atividade pode continuar por outro caminho e não há interrupção relevante. Precisamos de orientação para resolver a situação.,Hardware,Baixa,Suporte N1
Estamos com uma ocorrência em que perfil não possui acesso a uma função do sistema. A ocorrência está interrompendo uma operação essencial para muitos usuários da empresa. Precisamos de orientação para resolver a situação.,Acesso,Crítica,Sistemas
Foi identificado que permissão de acesso não foi aplicada corretamente no sistema. A atividade pode continuar por outro caminho e não há interrupção relevante. Precisamos de orientação para resolver a situação.,Acesso,Baixa,Sistemas
Foi identificado que conexão com o servidor está intermitente. O problema afeta o trabalho de uma pessoa e está causando perda de produtividade. Solicito análise da equipe responsável.,Rede,Média,Infraestrutura
Preciso de suporte porque foi identificado tráfego de rede incomum em uma estação. A falha está impedindo uma operação importante para a equipe e precisa de atendimento rápido. Precisamos de orientação para resolver a situação.,Rede,Alta,Segurança
"Preciso de suporte porque teclado parou de responder corretamente. A rotina de trabalho foi prejudicada, embora outras atividades ainda possam ser realizadas. Podem verificar, por favor?",Hardware,Média,Suporte N1
"Preciso de suporte porque impressão sai com configuração diferente da selecionada. O problema é pontual e existe uma alternativa para continuar trabalhando. Podem verificar, por favor?",Impressora,Baixa,Suporte N1
Estamos com uma ocorrência em que aplicação apresenta erro depois da última atualização. Um usuário está com dificuldade para executar uma atividade normal e precisa de suporte. Solicito análise da equipe responsável.,Software,Média,Sistemas
"Preciso de suporte porque regra automática de e-mail não está funcionando corretamente. A falha está impedindo uma operação importante para a equipe e precisa de atendimento rápido. Podem verificar, por favor?",E-mail,Alta,Sistemas
Estamos com uma ocorrência em que notebook apresenta falha ao reconhecer dispositivos USB. Vários usuários do mesmo setor estão sendo afetados e uma atividade importante ficou interrompida. Solicito análise da equipe responsável.,Hardware,Alta,Suporte N1
"Estamos com uma ocorrência em que aplicação apresenta erro depois da última atualização. A ocorrência está interrompendo uma operação essencial para muitos usuários da empresa. Podem verificar, por favor?",Software,Crítica,Sistemas
"Estamos com uma ocorrência em que computador não consegue acessar a rede corporativa. Um usuário está com dificuldade para executar uma atividade normal e precisa de suporte. Podem verificar, por favor?",Rede,Média,Infraestrutura
Estamos com uma ocorrência em que acesso a recursos internos pela rede está falhando. Vários usuários do mesmo setor estão sendo afetados e uma atividade importante ficou interrompida. Precisamos de orientação para resolver a situação.,Rede,Alta,Infraestrutura
Preciso de suporte porque usuário precisa de orientação após receber um alerta de segurança. A falha está impedindo uma operação importante para a equipe e precisa de atendimento rápido. Precisamos de orientação para resolver a situação.,Segurança,Alta,Suporte N1
Preciso de suporte porque permissão de acesso não foi aplicada corretamente no sistema. O problema é pontual e existe uma alternativa para continuar trabalhando. Solicito análise da equipe responsável.,Acesso,Baixa,Sistemas
Preciso de suporte porque foram recebidos anexos inesperados de remetente desconhecido. O problema é pontual e existe uma alternativa para continuar trabalhando. Solicito análise da equipe responsável.,E-mail,Baixa,Segurança
"Foi identificado que internet está instável em uma área do escritório. A atividade pode continuar por outro caminho e não há interrupção relevante. Podem verificar, por favor?",Rede,Baixa,Infraestrutura
"Estamos com uma ocorrência em que usuário recebeu aviso de alteração de senha que não solicitou. Um usuário está com dificuldade para executar uma atividade normal e precisa de suporte. Podem verificar, por favor?",Acesso,Média,Segurança
Foi identificado que impressão sai com configuração diferente da selecionada. A atividade pode continuar por outro caminho e não há interrupção relevante. Solicito análise da equipe responsável.,Impressora,Baixa,Suporte N1
"Estamos com uma ocorrência em que foram recebidos anexos inesperados de remetente desconhecido. A solicitação não impede o trabalho neste momento e pode aguardar atendimento. Podem verificar, por favor?",E-mail,Baixa,Segurança
Preciso de suporte porque ERP apresenta erro ao salvar informações. A falha está impedindo uma operação importante para a equipe e precisa de atendimento rápido. Solicito análise da equipe responsável.,Software,Alta,Sistemas
Preciso de suporte porque aplicativo corporativo fecha sozinho ao executar uma tarefa. A falha está impedindo uma operação importante para a equipe e precisa de atendimento rápido. Precisamos de orientação para resolver a situação.,Software,Alta,Suporte N1
"Preciso de suporte porque conta apresenta acessos que o usuário não reconhece. A rotina de trabalho foi prejudicada, embora outras atividades ainda possam ser realizadas. Precisamos de orientação para resolver a situação.",Acesso,Média,Segurança
Estamos com uma ocorrência em que foi identificado possível e-mail de phishing na caixa corporativa. A solicitação não impede o trabalho neste momento e pode aguardar atendimento. Precisamos de orientação para resolver a situação.,E-mail,Baixa,Segurança
Foi identificado que usuário precisa de ajuda para selecionar a rede corporativa correta. O problema afeta o trabalho de uma pessoa e está causando perda de produtividade. Solicito análise da equipe responsável.,Rede,Média,Suporte N1
Preciso de suporte porque usuário recebeu uma solicitação de autenticação que não reconhece. A falha está impedindo uma operação importante para a equipe e precisa de atendimento rápido. Solicito análise da equipe responsável.,Acesso,Alta,Segurança
Estamos com uma ocorrência em que equipamento não recebe conexão pela rede cabeada. A ocorrência está interrompendo uma operação essencial para muitos usuários da empresa. Precisamos de orientação para resolver a situação.,Rede,Crítica,Infraestrutura
"Estamos com uma ocorrência em que notebook corporativo apresenta comportamento físico incomum após manutenção. Um usuário está com dificuldade para executar uma atividade normal e precisa de suporte. Podem verificar, por favor?",Hardware,Média,Segurança
Foi identificado que serviço de impressão do servidor não processa os trabalhos enviados. O problema afeta o trabalho de uma pessoa e está causando perda de produtividade. Precisamos de orientação para resolver a situação.,Impressora,Média,Sistemas
"Preciso de suporte porque aplicação apresenta erro depois da última atualização. A rotina de trabalho foi prejudicada, embora outras atividades ainda possam ser realizadas. Precisamos de orientação para resolver a situação.",Software,Média,Sistemas
Estamos com uma ocorrência em que foi identificado tráfego de rede incomum em uma estação. A ocorrência está interrompendo uma operação essencial para muitos usuários da empresa. Precisamos de orientação para resolver a situação.,Rede,Crítica,Segurança
Estamos com uma ocorrência em que caixa de e-mail apresenta erro ao abrir. Um usuário está com dificuldade para executar uma atividade normal e precisa de suporte. Precisamos de orientação para resolver a situação.,E-mail,Média,Suporte N1
"Foi identificado que estação de trabalho reinicia sem aviso. O problema afeta o trabalho de uma pessoa e está causando perda de produtividade. Podem verificar, por favor?",Hardware,Média,Infraestrutura
Estamos com uma ocorrência em que mensagens estão sendo enviadas pela conta sem reconhecimento do usuário. A solicitação não impede o trabalho neste momento e pode aguardar atendimento. Solicito análise da equipe responsável.,E-mail,Baixa,Segurança
"Estamos com uma ocorrência em que aplicativo solicita permissões incomuns que não eram pedidas antes. Vários usuários do mesmo setor estão sendo afetados e uma atividade importante ficou interrompida. Podem verificar, por favor?",Software,Alta,Segurança
Foi identificado que antivírus identificou uma ameaça em um arquivo. O problema afeta o trabalho de uma pessoa e está causando perda de produtividade. Precisamos de orientação para resolver a situação.,Segurança,Média,Segurança
Foi identificado que equipamento não recebe conexão pela rede cabeada. A atividade pode continuar por outro caminho e não há interrupção relevante. Solicito análise da equipe responsável.,Rede,Baixa,Infraestrutura
"Preciso de suporte porque monitor fica sem imagem durante o uso. A rotina de trabalho foi prejudicada, embora outras atividades ainda possam ser realizadas. Precisamos de orientação para resolver a situação.",Hardware,Média,Suporte N1
Foi identificado que aplicativo corporativo fecha sozinho ao executar uma tarefa. Diversas equipes estão sem conseguir trabalhar e não há alternativa disponível no momento. Solicito análise da equipe responsável.,Software,Crítica,Suporte N1
"Foi identificado que VPN corporativa não estabelece conexão. O problema se espalhou para diferentes usuários e está comprometendo uma atividade do setor. Podem verificar, por favor?",Rede,Alta,Infraestrutura
Foi identificado que conexão Wi-Fi cai durante o expediente. Diversas equipes estão sem conseguir trabalhar e não há alternativa disponível no momento. Precisamos de orientação para resolver a situação.,Rede,Crítica,Infraestrutura
"Preciso de suporte porque VPN registrou conexões incomuns para uma conta. O serviço é essencial e a indisponibilidade está afetando grande parte da operação. Podem verificar, por favor?",Segurança,Crítica,Infraestrutura
Foi identificado que sistema registrou alterações de dados sem identificação clara. Diversas equipes estão sem conseguir trabalhar e não há alternativa disponível no momento. Precisamos de orientação para resolver a situação.,Segurança,Crítica,Sistemas
Preciso de suporte porque integração entre dois sistemas deixou de funcionar. A falha está impedindo uma operação importante para a equipe e precisa de atendimento rápido. Solicito análise da equipe responsável.,Software,Alta,Sistemas
Foi identificado que notebook corporativo apresenta comportamento físico incomum após manutenção. Diversas equipes estão sem conseguir trabalhar e não há alternativa disponível no momento. Solicito análise da equipe responsável.,Hardware,Crítica,Segurança
"Foi identificado que mensagens ficam presas na caixa de saída. O problema se espalhou para diferentes usuários e está comprometendo uma atividade do setor. Podem verificar, por favor?",E-mail,Alta,Suporte N1
Estamos com uma ocorrência em que integração entre dois sistemas deixou de funcionar. A solicitação não impede o trabalho neste momento e pode aguardar atendimento. Solicito análise da equipe responsável.,Software,Baixa,Sistemas
"Preciso de suporte porque conexão com o servidor está intermitente. A rotina de trabalho foi prejudicada, embora outras atividades ainda possam ser realizadas. Podem verificar, por favor?",Rede,Média,Infraestrutura
Foi identificado que impressora compartilhada não está disponível para alguns usuários. A atividade pode continuar por outro caminho e não há interrupção relevante. Solicito análise da equipe responsável.,Impressora,Baixa,Infraestrutura
Preciso de suporte porque impressora aparece como offline no computador. A falha está impedindo uma operação importante para a equipe e precisa de atendimento rápido. Precisamos de orientação para resolver a situação.,Impressora,Alta,Suporte N1
"Preciso de suporte porque documentos ficam presos na fila de impressão. A rotina de trabalho foi prejudicada, embora outras atividades ainda possam ser realizadas. Precisamos de orientação para resolver a situação.",Impressora,Média,Suporte N1
Estamos com uma ocorrência em que mensagens estão sendo enviadas pela conta sem reconhecimento do usuário. Um usuário está com dificuldade para executar uma atividade normal e precisa de suporte. Precisamos de orientação para resolver a situação.,E-mail,Média,Segurança
Estamos com uma ocorrência em que VPN registrou conexões incomuns para uma conta. Vários usuários do mesmo setor estão sendo afetados e uma atividade importante ficou interrompida. Solicito análise da equipe responsável.,Segurança,Alta,Infraestrutura
Foi identificado que mensagens ficam presas na caixa de saída. O problema afeta o trabalho de uma pessoa e está causando perda de produtividade. Precisamos de orientação para resolver a situação.,E-mail,Média,Suporte N1
Estamos com uma ocorrência em que aplicação apresentou atividade incomum associada a um usuário. Um usuário está com dificuldade para executar uma atividade normal e precisa de suporte. Precisamos de orientação para resolver a situação.,Segurança,Média,Sistemas
"Preciso de suporte porque notebook apresenta falha ao reconhecer dispositivos USB. A rotina de trabalho foi prejudicada, embora outras atividades ainda possam ser realizadas. Solicito análise da equipe responsável.",Hardware,Média,Suporte N1
Preciso de suporte porque navegador redireciona para páginas inesperadas. A falha está impedindo uma operação importante para a equipe e precisa de atendimento rápido. Precisamos de orientação para resolver a situação.,Segurança,Alta,Segurança
Foi identificado que sistema interno não carrega uma das telas. O problema afeta o trabalho de uma pessoa e está causando perda de produtividade. Precisamos de orientação para resolver a situação.,Software,Média,Sistemas
Estamos com uma ocorrência em que driver da impressora apresenta erro na estação. A solicitação não impede o trabalho neste momento e pode aguardar atendimento. Solicito análise da equipe responsável.,Impressora,Baixa,Suporte N1
Foi identificado que aplicação apresenta erro depois da última atualização. Diversas equipes estão sem conseguir trabalhar e não há alternativa disponível no momento. Precisamos de orientação para resolver a situação.,Software,Crítica,Sistemas
"Estamos com uma ocorrência em que monitor fica sem imagem durante o uso. A solicitação não impede o trabalho neste momento e pode aguardar atendimento. Podem verificar, por favor?",Hardware,Baixa,Suporte N1
Preciso de suporte porque caixa de e-mail apresenta erro ao abrir. O serviço é essencial e a indisponibilidade está afetando grande parte da operação. Precisamos de orientação para resolver a situação.,E-mail,Crítica,Suporte N1
Foi identificado que estação de trabalho reinicia sem aviso. A atividade pode continuar por outro caminho e não há interrupção relevante. Precisamos de orientação para resolver a situação.,Hardware,Baixa,Infraestrutura
"Foi identificado que sistema registrou alterações de dados sem identificação clara. O problema afeta o trabalho de uma pessoa e está causando perda de produtividade. Podem verificar, por favor?",Segurança,Média,Sistemas
"Foi identificado que caixa de e-mail apresenta erro ao abrir. Diversas equipes estão sem conseguir trabalhar e não há alternativa disponível no momento. Podem verificar, por favor?",E-mail,Crítica,Suporte N1
Preciso de suporte porque mensagens estão sendo enviadas pela conta sem reconhecimento do usuário. A falha está impedindo uma operação importante para a equipe e precisa de atendimento rápido. Solicito análise da equipe responsável.,E-mail,Alta,Segurança
"Preciso de suporte porque Outlook não está sincronizando novas mensagens. O problema é pontual e existe uma alternativa para continuar trabalhando. Podem verificar, por favor?",E-mail,Baixa,Suporte N1
Foi identificado que equipamento não recebe conexão pela rede cabeada. Diversas equipes estão sem conseguir trabalhar e não há alternativa disponível no momento. Solicito análise da equipe responsável.,Rede,Crítica,Infraestrutura
Preciso de suporte porque sistema registrou alterações de dados sem identificação clara. O serviço é essencial e a indisponibilidade está afetando grande parte da operação. Solicito análise da equipe responsável.,Segurança,Crítica,Sistemas
Estamos com uma ocorrência em que aplicativo solicita permissões incomuns que não eram pedidas antes. Um usuário está com dificuldade para executar uma atividade normal e precisa de suporte. Precisamos de orientação para resolver a situação.,Software,Média,Segurança
Foi identificado que teclado parou de responder corretamente. O problema se espalhou para diferentes usuários e está comprometendo uma atividade do setor. Precisamos de orientação para resolver a situação.,Hardware,Alta,Suporte N1
Foi identificado que aplicação apresentou atividade incomum associada a um usuário. O problema afeta o trabalho de uma pessoa e está causando perda de produtividade. Solicito análise da equipe responsável.,Segurança,Média,Sistemas
"Estamos com uma ocorrência em que houve tentativa de login em horário incomum. Um usuário está com dificuldade para executar uma atividade normal e precisa de suporte. Podem verificar, por favor?",Acesso,Média,Segurança
Foi identificado que usuário não consegue entrar na conta corporativa. A atividade pode continuar por outro caminho e não há interrupção relevante. Solicito análise da equipe responsável.,Acesso,Baixa,Suporte N1
Foi identificado que programa desconhecido apareceu instalado na máquina. O problema afeta o trabalho de uma pessoa e está causando perda de produtividade. Precisamos de orientação para resolver a situação.,Software,Média,Segurança
Foi identificado que notebook apresenta falha ao reconhecer dispositivos USB. O problema afeta o trabalho de uma pessoa e está causando perda de produtividade. Precisamos de orientação para resolver a situação.,Hardware,Média,Suporte N1
"Estamos com uma ocorrência em que sistema registrou alterações de dados sem identificação clara. A solicitação não impede o trabalho neste momento e pode aguardar atendimento. Podem verificar, por favor?",Segurança,Baixa,Sistemas
"Preciso de suporte porque senha do usuário não está sendo aceita. A falha está impedindo uma operação importante para a equipe e precisa de atendimento rápido. Podem verificar, por favor?",Acesso,Alta,Suporte N1
Foi identificado que usuário recebeu aviso de alteração de senha que não solicitou. O problema afeta o trabalho de uma pessoa e está causando perda de produtividade. Precisamos de orientação para resolver a situação.,Acesso,Média,Segurança
Foi identificado que sistema registrou alterações de dados sem identificação clara. O problema se espalhou para diferentes usuários e está comprometendo uma atividade do setor. Solicito análise da equipe responsável.,Segurança,Alta,Sistemas
Foi identificado que serviço de impressão do servidor não processa os trabalhos enviados. Diversas equipes estão sem conseguir trabalhar e não há alternativa disponível no momento. Solicito análise da equipe responsável.,Impressora,Crítica,Sistemas
"Estamos com uma ocorrência em que antivírus identificou uma ameaça em um arquivo. Um usuário está com dificuldade para executar uma atividade normal e precisa de suporte. Podem verificar, por favor?",Segurança,Média,Segurança
Estamos com uma ocorrência em que sistema está retornando erro durante o processamento. Vários usuários do mesmo setor estão sendo afetados e uma atividade importante ficou interrompida. Solicito análise da equipe responsável.,Software,Alta,Sistemas
"Preciso de suporte porque serviço de impressão do servidor não processa os trabalhos enviados. A rotina de trabalho foi prejudicada, embora outras atividades ainda possam ser realizadas. Solicito análise da equipe responsável.",Impressora,Média,Sistemas
Preciso de suporte porque arquivo corporativo foi alterado sem explicação. O serviço é essencial e a indisponibilidade está afetando grande parte da operação. Precisamos de orientação para resolver a situação.,Segurança,Crítica,Segurança
Preciso de suporte porque usuário não consegue enviar mensagens pelo e-mail corporativo. O serviço é essencial e a indisponibilidade está afetando grande parte da operação. Solicito análise da equipe responsável.,E-mail,Crítica,Suporte N1
Preciso de suporte porque sistema registrou alterações de dados sem identificação clara. O problema é pontual e existe uma alternativa para continuar trabalhando. Solicito análise da equipe responsável.,Segurança,Baixa,Sistemas
Foi identificado que arquivo corporativo foi alterado sem explicação. O problema afeta o trabalho de uma pessoa e está causando perda de produtividade. Solicito análise da equipe responsável.,Segurança,Média,Segurança
"Estamos com uma ocorrência em que sistema registrou alterações de dados sem identificação clara. A ocorrência está interrompendo uma operação essencial para muitos usuários da empresa. Podem verificar, por favor?",Segurança,Crítica,Sistemas
Preciso de suporte porque sistema interno não carrega uma das telas. A falha está impedindo uma operação importante para a equipe e precisa de atendimento rápido. Precisamos de orientação para resolver a situação.,Software,Alta,Sistemas
"Foi identificado que foi identificado possível e-mail de phishing na caixa corporativa. O problema se espalhou para diferentes usuários e está comprometendo uma atividade do setor. Podem verificar, por favor?",E-mail,Alta,Segurança
"Foi identificado que ERP apresenta erro ao salvar informações. A atividade pode continuar por outro caminho e não há interrupção relevante. Podem verificar, por favor?",Software,Baixa,Sistemas
Foi identificado que mensagens estão sendo enviadas pela conta sem reconhecimento do usuário. O problema afeta o trabalho de uma pessoa e está causando perda de produtividade. Solicito análise da equipe responsável.,E-mail,Média,Segurança
"Preciso de suporte porque foi identificado possível e-mail de phishing na caixa corporativa. A rotina de trabalho foi prejudicada, embora outras atividades ainda possam ser realizadas. Solicito análise da equipe responsável.",E-mail,Média,Segurança
"Estamos com uma ocorrência em que impressão sai com configuração diferente da selecionada. Um usuário está com dificuldade para executar uma atividade normal e precisa de suporte. Podem verificar, por favor?",Impressora,Média,Suporte N1
"Preciso de suporte porque notebook corporativo apresenta comportamento físico incomum após manutenção. O serviço é essencial e a indisponibilidade está afetando grande parte da operação. Podem verificar, por favor?",Hardware,Crítica,Segurança
Preciso de suporte porque aplicativo solicita permissões incomuns que não eram pedidas antes. A falha está impedindo uma operação importante para a equipe e precisa de atendimento rápido. Solicito análise da equipe responsável.,Software,Alta,Segurança
"Foi identificado que mensagens estão sendo enviadas pela conta sem reconhecimento do usuário. Diversas equipes estão sem conseguir trabalhar e não há alternativa disponível no momento. Podem verificar, por favor?",E-mail,Crítica,Segurança
Preciso de suporte porque equipamento foi encontrado com um dispositivo desconhecido conectado. O serviço é essencial e a indisponibilidade está afetando grande parte da operação. Precisamos de orientação para resolver a situação.,Hardware,Crítica,Segurança
"Preciso de suporte porque usuário recebeu uma solicitação de autenticação que não reconhece. A rotina de trabalho foi prejudicada, embora outras atividades ainda possam ser realizadas. Podem verificar, por favor?",Acesso,Média,Segurança
Preciso de suporte porque permissão de acesso não foi aplicada corretamente no sistema. O serviço é essencial e a indisponibilidade está afetando grande parte da operação. Solicito análise da equipe responsável.,Acesso,Crítica,Sistemas
Estamos com uma ocorrência em que notebook corporativo apresenta comportamento físico incomum após manutenção. A ocorrência está interrompendo uma operação essencial para muitos usuários da empresa. Precisamos de orientação para resolver a situação.,Hardware,Crítica,Segurança
"Preciso de suporte porque estação de trabalho reinicia sem aviso. A rotina de trabalho foi prejudicada, embora outras atividades ainda possam ser realizadas. Precisamos de orientação para resolver a situação.",Hardware,Média,Infraestrutura
Preciso de suporte porque ERP apresenta erro ao salvar informações. O serviço é essencial e a indisponibilidade está afetando grande parte da operação. Precisamos de orientação para resolver a situação.,Software,Crítica,Sistemas
Foi identificado que perfil não possui acesso a uma função do sistema. Diversas equipes estão sem conseguir trabalhar e não há alternativa disponível no momento. Solicito análise da equipe responsável.,Acesso,Crítica,Sistemas
"Foi identificado que servidor registrou comportamento de rede fora do padrão. Diversas equipes estão sem conseguir trabalhar e não há alternativa disponível no momento. Podem verificar, por favor?",Segurança,Crítica,Infraestrutura
Foi identificado que funcionalidade do portal corporativo não responde. Diversas equipes estão sem conseguir trabalhar e não há alternativa disponível no momento. Precisamos de orientação para resolver a situação.,Software,Crítica,Sistemas
Estamos com uma ocorrência em que serviço de impressão do servidor não processa os trabalhos enviados. Vários usuários do mesmo setor estão sendo afetados e uma atividade importante ficou interrompida. Solicito análise da equipe responsável.,Impressora,Alta,Sistemas
Foi identificado que usuário recebeu alerta de acesso suspeito. A atividade pode continuar por outro caminho e não há interrupção relevante. Precisamos de orientação para resolver a situação.,Segurança,Baixa,Segurança
Estamos com uma ocorrência em que computador não liga mesmo estando conectado à tomada. A solicitação não impede o trabalho neste momento e pode aguardar atendimento. Precisamos de orientação para resolver a situação.,Hardware,Baixa,Suporte N1
"Foi identificado que impressora compartilhada não está disponível para alguns usuários. O problema se espalhou para diferentes usuários e está comprometendo uma atividade do setor. Podem verificar, por favor?",Impressora,Alta,Infraestrutura
"Preciso de suporte porque notebook apresenta falha ao reconhecer dispositivos USB. O problema é pontual e existe uma alternativa para continuar trabalhando. Podem verificar, por favor?",Hardware,Baixa,Suporte N1
Preciso de suporte porque conta apresenta acessos que o usuário não reconhece. O problema é pontual e existe uma alternativa para continuar trabalhando. Solicito análise da equipe responsável.,Acesso,Baixa,Segurança
Estamos com uma ocorrência em que conexão Wi-Fi cai durante o expediente. Um usuário está com dificuldade para executar uma atividade normal e precisa de suporte. Solicito análise da equipe responsável.,Rede,Média,Infraestrutura
Estamos com uma ocorrência em que conexão com o servidor está intermitente. A ocorrência está interrompendo uma operação essencial para muitos usuários da empresa. Solicito análise da equipe responsável.,Rede,Crítica,Infraestrutura
Estamos com uma ocorrência em que usuário não consegue imprimir na impressora do setor. Um usuário está com dificuldade para executar uma atividade normal e precisa de suporte. Precisamos de orientação para resolver a situação.,Impressora,Média,Suporte N1
"Estamos com uma ocorrência em que foram recebidos anexos inesperados de remetente desconhecido. A ocorrência está interrompendo uma operação essencial para muitos usuários da empresa. Podem verificar, por favor?",E-mail,Crítica,Segurança
Foi identificado que impressora aparece como offline no computador. A atividade pode continuar por outro caminho e não há interrupção relevante. Solicito análise da equipe responsável.,Impressora,Baixa,Suporte N1
Estamos com uma ocorrência em que documentos ficam presos na fila de impressão. Um usuário está com dificuldade para executar uma atividade normal e precisa de suporte. Solicito análise da equipe responsável.,Impressora,Média,Suporte N1
Estamos com uma ocorrência em que conexão Wi-Fi cai durante o expediente. Vários usuários do mesmo setor estão sendo afetados e uma atividade importante ficou interrompida. Precisamos de orientação para resolver a situação.,Rede,Alta,Infraestrutura
"Foi identificado que acesso a recursos internos pela rede está falhando. O problema afeta o trabalho de uma pessoa e está causando perda de produtividade. Podem verificar, por favor?",Rede,Média,Infraestrutura
Foi identificado que permissão de acesso não foi aplicada corretamente no sistema. O problema se espalhou para diferentes usuários e está comprometendo uma atividade do setor. Solicito análise da equipe responsável.,Acesso,Alta,Sistemas
"Estamos com uma ocorrência em que ERP apresenta erro ao salvar informações. Vários usuários do mesmo setor estão sendo afetados e uma atividade importante ficou interrompida. Podem verificar, por favor?",Software,Alta,Sistemas
Preciso de suporte porque driver da impressora apresenta erro na estação. O serviço é essencial e a indisponibilidade está afetando grande parte da operação. Precisamos de orientação para resolver a situação.,Impressora,Crítica,Suporte N1
"Preciso de suporte porque arquivo corporativo foi alterado sem explicação. A rotina de trabalho foi prejudicada, embora outras atividades ainda possam ser realizadas. Podem verificar, por favor?",Segurança,Média,Segurança
Preciso de suporte porque integração do sistema com o envio de e-mails falhou. A falha está impedindo uma operação importante para a equipe e precisa de atendimento rápido. Solicito análise da equipe responsável.,E-mail,Alta,Sistemas
Estamos com uma ocorrência em que Outlook não está sincronizando novas mensagens. A solicitação não impede o trabalho neste momento e pode aguardar atendimento. Precisamos de orientação para resolver a situação.,E-mail,Baixa,Suporte N1
Estamos com uma ocorrência em que ERP apresenta erro ao salvar informações. A ocorrência está interrompendo uma operação essencial para muitos usuários da empresa. Solicito análise da equipe responsável.,Software,Crítica,Sistemas
Foi identificado que ERP apresenta erro ao salvar informações. O problema se espalhou para diferentes usuários e está comprometendo uma atividade do setor. Precisamos de orientação para resolver a situação.,Software,Alta,Sistemas
Foi identificado que usuário precisa de orientação após receber um alerta de segurança. A atividade pode continuar por outro caminho e não há interrupção relevante. Solicito análise da equipe responsável.,Segurança,Baixa,Suporte N1
Preciso de suporte porque estação apresenta alertas de segurança recorrentes. O serviço é essencial e a indisponibilidade está afetando grande parte da operação. Solicito análise da equipe responsável.,Segurança,Crítica,Segurança
Preciso de suporte porque usuário não consegue imprimir na impressora do setor. O problema é pontual e existe uma alternativa para continuar trabalhando. Precisamos de orientação para resolver a situação.,Impressora,Baixa,Suporte N1
"Preciso de suporte porque foi identificado tráfego de rede incomum em uma estação. O problema é pontual e existe uma alternativa para continuar trabalhando. Podem verificar, por favor?",Rede,Baixa,Segurança
Preciso de suporte porque credenciais parecem ter sido utilizadas em outro dispositivo. O serviço é essencial e a indisponibilidade está afetando grande parte da operação. Precisamos de orientação para resolver a situação.,Acesso,Crítica,Segurança
Estamos com uma ocorrência em que rede apresenta perda de conexão durante o trabalho. Um usuário está com dificuldade para executar uma atividade normal e precisa de suporte. Solicito análise da equipe responsável.,Rede,Média,Infraestrutura
"Estamos com uma ocorrência em que integração entre dois sistemas deixou de funcionar. Vários usuários do mesmo setor estão sendo afetados e uma atividade importante ficou interrompida. Podem verificar, por favor?",Software,Alta,Sistemas
"Preciso de suporte porque aplicativo corporativo fecha sozinho ao executar uma tarefa. O serviço é essencial e a indisponibilidade está afetando grande parte da operação. Podem verificar, por favor?",Software,Crítica,Suporte N1
Estamos com uma ocorrência em que serviço de impressão do servidor não processa os trabalhos enviados. A solicitação não impede o trabalho neste momento e pode aguardar atendimento. Precisamos de orientação para resolver a situação.,Impressora,Baixa,Sistemas
Estamos com uma ocorrência em que impressora aparece como offline no computador. A solicitação não impede o trabalho neste momento e pode aguardar atendimento. Precisamos de orientação para resolver a situação.,Impressora,Baixa,Suporte N1
Preciso de suporte porque programa instalado não abre para o usuário. O serviço é essencial e a indisponibilidade está afetando grande parte da operação. Solicito análise da equipe responsável.,Software,Crítica,Suporte N1
"Foi identificado que VPN registrou conexões incomuns para uma conta. O problema se espalhou para diferentes usuários e está comprometendo uma atividade do setor. Podem verificar, por favor?",Segurança,Alta,Infraestrutura
"Estamos com uma ocorrência em que sistema está retornando erro durante o processamento. Um usuário está com dificuldade para executar uma atividade normal e precisa de suporte. Podem verificar, por favor?",Software,Média,Sistemas
"Preciso de suporte porque impressora aparece como offline no computador. A rotina de trabalho foi prejudicada, embora outras atividades ainda possam ser realizadas. Solicito análise da equipe responsável.",Impressora,Média,Suporte N1
"Preciso de suporte porque equipamento não recebe conexão pela rede cabeada. O serviço é essencial e a indisponibilidade está afetando grande parte da operação. Podem verificar, por favor?",Rede,Crítica,Infraestrutura
"Preciso de suporte porque acesso a recursos internos pela rede está falhando. A rotina de trabalho foi prejudicada, embora outras atividades ainda possam ser realizadas. Precisamos de orientação para resolver a situação.",Rede,Média,Infraestrutura
Foi identificado que perfil não possui acesso a uma função do sistema. A atividade pode continuar por outro caminho e não há interrupção relevante. Solicito análise da equipe responsável.,Acesso,Baixa,Sistemas
Estamos com uma ocorrência em que aplicativo corporativo fecha sozinho ao executar uma tarefa. Vários usuários do mesmo setor estão sendo afetados e uma atividade importante ficou interrompida. Solicito análise da equipe responsável.,Software,Alta,Suporte N1
Estamos com uma ocorrência em que integração entre dois sistemas deixou de funcionar. A ocorrência está interrompendo uma operação essencial para muitos usuários da empresa. Solicito análise da equipe responsável.,Software,Crítica,Sistemas
"Foi identificado que sistema está retornando erro durante o processamento. O problema se espalhou para diferentes usuários e está comprometendo uma atividade do setor. Podem verificar, por favor?",Software,Alta,Sistemas
Preciso de suporte porque houve tentativa de login em horário incomum. A falha está impedindo uma operação importante para a equipe e precisa de atendimento rápido. Precisamos de orientação para resolver a situação.,Acesso,Alta,Segurança
Preciso de suporte porque computador não consegue acessar a rede corporativa. A falha está impedindo uma operação importante para a equipe e precisa de atendimento rápido. Precisamos de orientação para resolver a situação.,Rede,Alta,Infraestrutura
"Estamos com uma ocorrência em que permissão de acesso não foi aplicada corretamente no sistema. A ocorrência está interrompendo uma operação essencial para muitos usuários da empresa. Podem verificar, por favor?",Acesso,Crítica,Sistemas
Estamos com uma ocorrência em que arquivo corporativo foi alterado sem explicação. A solicitação não impede o trabalho neste momento e pode aguardar atendimento. Solicito análise da equipe responsável.,Segurança,Baixa,Segurança
"Preciso de suporte porque aplicativo corporativo fecha sozinho ao executar uma tarefa. A rotina de trabalho foi prejudicada, embora outras atividades ainda possam ser realizadas. Solicito análise da equipe responsável.",Software,Média,Suporte N1
Preciso de suporte porque perfil não possui acesso a uma função do sistema. A falha está impedindo uma operação importante para a equipe e precisa de atendimento rápido. Precisamos de orientação para resolver a situação.,Acesso,Alta,Sistemas
Preciso de suporte porque aplicação apresentou atividade incomum associada a um usuário. O serviço é essencial e a indisponibilidade está afetando grande parte da operação. Precisamos de orientação para resolver a situação.,Segurança,Crítica,Sistemas
"Estamos com uma ocorrência em que scanner multifuncional não aparece para o usuário. A solicitação não impede o trabalho neste momento e pode aguardar atendimento. Podem verificar, por favor?",Impressora,Baixa,Suporte N1
Estamos com uma ocorrência em que navegador redireciona para páginas inesperadas. A solicitação não impede o trabalho neste momento e pode aguardar atendimento. Precisamos de orientação para resolver a situação.,Segurança,Baixa,Segurança
Estamos com uma ocorrência em que aplicativo solicita permissões incomuns que não eram pedidas antes. A ocorrência está interrompendo uma operação essencial para muitos usuários da empresa. Solicito análise da equipe responsável.,Software,Crítica,Segurança
"Foi identificado que navegador redireciona para páginas inesperadas. O problema se espalhou para diferentes usuários e está comprometendo uma atividade do setor. Podem verificar, por favor?",Segurança,Alta,Segurança
Estamos com uma ocorrência em que impressão sai com configuração diferente da selecionada. Vários usuários do mesmo setor estão sendo afetados e uma atividade importante ficou interrompida. Solicito análise da equipe responsável.,Impressora,Alta,Suporte N1
Estamos com uma ocorrência em que aplicação apresentou atividade incomum associada a um usuário. A ocorrência está interrompendo uma operação essencial para muitos usuários da empresa. Solicito análise da equipe responsável.,Segurança,Crítica,Sistemas
Estamos com uma ocorrência em que usuário não consegue imprimir na impressora do setor. A solicitação não impede o trabalho neste momento e pode aguardar atendimento. Solicito análise da equipe responsável.,Impressora,Baixa,Suporte N1
"Foi identificado que sistema corporativo não consegue gerar o documento para impressão. Diversas equipes estão sem conseguir trabalhar e não há alternativa disponível no momento. Podem verificar, por favor?",Impressora,Crítica,Sistemas
Estamos com uma ocorrência em que servidor registrou comportamento de rede fora do padrão. Um usuário está com dificuldade para executar uma atividade normal e precisa de suporte. Precisamos de orientação para resolver a situação.,Segurança,Média,Infraestrutura
Foi identificado que conta ficou bloqueada após tentativas de login. O problema se espalhou para diferentes usuários e está comprometendo uma atividade do setor. Precisamos de orientação para resolver a situação.,Acesso,Alta,Suporte N1
Estamos com uma ocorrência em que sistema registrou alterações de dados sem identificação clara. Vários usuários do mesmo setor estão sendo afetados e uma atividade importante ficou interrompida. Precisamos de orientação para resolver a situação.,Segurança,Alta,Sistemas
Foi identificado que caixa de e-mail apresenta erro ao abrir. O problema afeta o trabalho de uma pessoa e está causando perda de produtividade. Solicito análise da equipe responsável.,E-mail,Média,Suporte N1
Estamos com uma ocorrência em que internet está instável em uma área do escritório. A ocorrência está interrompendo uma operação essencial para muitos usuários da empresa. Solicito análise da equipe responsável.,Rede,Crítica,Infraestrutura
Preciso de suporte porque equipamento de impressão perdeu comunicação com a rede. O problema é pontual e existe uma alternativa para continuar trabalhando. Solicito análise da equipe responsável.,Impressora,Baixa,Infraestrutura
"Preciso de suporte porque houve tentativa de login em horário incomum. A rotina de trabalho foi prejudicada, embora outras atividades ainda possam ser realizadas. Solicito análise da equipe responsável.",Acesso,Média,Segurança
"Estamos com uma ocorrência em que usuário não consegue enviar mensagens pelo e-mail corporativo. A solicitação não impede o trabalho neste momento e pode aguardar atendimento. Podem verificar, por favor?",E-mail,Baixa,Suporte N1
Foi identificado que notebook corporativo apresenta comportamento físico incomum após manutenção. A atividade pode continuar por outro caminho e não há interrupção relevante. Solicito análise da equipe responsável.,Hardware,Baixa,Segurança
Foi identificado que programa desconhecido apareceu instalado na máquina. A atividade pode continuar por outro caminho e não há interrupção relevante. Solicito análise da equipe responsável.,Software,Baixa,Segurança
Estamos com uma ocorrência em que antivírus identificou uma ameaça em um arquivo. A ocorrência está interrompendo uma operação essencial para muitos usuários da empresa. Precisamos de orientação para resolver a situação.,Segurança,Crítica,Segurança
Foi identificado que impressora aparece como offline no computador. Diversas equipes estão sem conseguir trabalhar e não há alternativa disponível no momento. Solicito análise da equipe responsável.,Impressora,Crítica,Suporte N1
Estamos com uma ocorrência em que senha do usuário não está sendo aceita. Um usuário está com dificuldade para executar uma atividade normal e precisa de suporte. Solicito análise da equipe responsável.,Acesso,Média,Suporte N1
"Estamos com uma ocorrência em que programa desconhecido apareceu instalado na máquina. Um usuário está com dificuldade para executar uma atividade normal e precisa de suporte. Podem verificar, por favor?",Software,Média,Segurança
Preciso de suporte porque driver da impressora apresenta erro na estação. O problema é pontual e existe uma alternativa para continuar trabalhando. Precisamos de orientação para resolver a situação.,Impressora,Baixa,Suporte N1
"Estamos com uma ocorrência em que VPN corporativa não estabelece conexão. Um usuário está com dificuldade para executar uma atividade normal e precisa de suporte. Podem verificar, por favor?",Rede,Média,Infraestrutura
Foi identificado que scanner multifuncional não aparece para o usuário. A atividade pode continuar por outro caminho e não há interrupção relevante. Precisamos de orientação para resolver a situação.,Impressora,Baixa,Suporte N1
"Preciso de suporte porque permissão de acesso não foi aplicada corretamente no sistema. A falha está impedindo uma operação importante para a equipe e precisa de atendimento rápido. Podem verificar, por favor?",Acesso,Alta,Sistemas
Estamos com uma ocorrência em que arquivo corporativo foi alterado sem explicação. Um usuário está com dificuldade para executar uma atividade normal e precisa de suporte. Precisamos de orientação para resolver a situação.,Segurança,Média,Segurança
"Foi identificado que foi identificado tráfego de rede incomum em uma estação. O problema se espalhou para diferentes usuários e está comprometendo uma atividade do setor. Podem verificar, por favor?",Rede,Alta,Segurança
Foi identificado que conexão Wi-Fi cai durante o expediente. O problema se espalhou para diferentes usuários e está comprometendo uma atividade do setor. Solicito análise da equipe responsável.,Rede,Alta,Infraestrutura
Estamos com uma ocorrência em que usuário não consegue imprimir na impressora do setor. A ocorrência está interrompendo uma operação essencial para muitos usuários da empresa. Solicito análise da equipe responsável.,Impressora,Crítica,Suporte N1
"Foi identificado que usuário não consegue imprimir na impressora do setor. A atividade pode continuar por outro caminho e não há interrupção relevante. Podem verificar, por favor?",Impressora,Baixa,Suporte N1
Preciso de suporte porque equipamento não recebe conexão pela rede cabeada. A falha está impedindo uma operação importante para a equipe e precisa de atendimento rápido. Precisamos de orientação para resolver a situação.,Rede,Alta,Infraestrutura
"Estamos com uma ocorrência em que senha do usuário não está sendo aceita. A solicitação não impede o trabalho neste momento e pode aguardar atendimento. Podem verificar, por favor?",Acesso,Baixa,Suporte N1
Estamos com uma ocorrência em que conta ficou bloqueada após tentativas de login. A solicitação não impede o trabalho neste momento e pode aguardar atendimento. Solicito análise da equipe responsável.,Acesso,Baixa,Suporte N1
"Foi identificado que aplicativo solicita permissões incomuns que não eram pedidas antes. A atividade pode continuar por outro caminho e não há interrupção relevante. Podem verificar, por favor?",Software,Baixa,Segurança
"Estamos com uma ocorrência em que VPN registrou conexões incomuns para uma conta. Um usuário está com dificuldade para executar uma atividade normal e precisa de suporte. Podem verificar, por favor?",Segurança,Média,Infraestrutura
"Estamos com uma ocorrência em que equipamento de impressão perdeu comunicação com a rede. A solicitação não impede o trabalho neste momento e pode aguardar atendimento. Podem verificar, por favor?",Impressora,Baixa,Infraestrutura
Foi identificado que usuário recebeu aviso de alteração de senha que não solicitou. A atividade pode continuar por outro caminho e não há interrupção relevante. Solicito análise da equipe responsável.,Acesso,Baixa,Segurança
"Foi identificado que usuário precisa de ajuda para selecionar a rede corporativa correta. Diversas equipes estão sem conseguir trabalhar e não há alternativa disponível no momento. Podem verificar, por favor?",Rede,Crítica,Suporte N1
"Preciso de suporte porque caixa de e-mail apresenta erro ao abrir. A rotina de trabalho foi prejudicada, embora outras atividades ainda possam ser realizadas. Podem verificar, por favor?",E-mail,Média,Suporte N1
"Preciso de suporte porque impressão sai com configuração diferente da selecionada. O serviço é essencial e a indisponibilidade está afetando grande parte da operação. Podem verificar, por favor?",Impressora,Crítica,Suporte N1
"Preciso de suporte porque usuário precisa de orientação após receber um alerta de segurança. O problema é pontual e existe uma alternativa para continuar trabalhando. Podem verificar, por favor?",Segurança,Baixa,Suporte N1
"Foi identificado que estação apresenta alertas de segurança recorrentes. O problema afeta o trabalho de uma pessoa e está causando perda de produtividade. Podem verificar, por favor?",Segurança,Média,Segurança
Estamos com uma ocorrência em que navegador redireciona para páginas inesperadas. Vários usuários do mesmo setor estão sendo afetados e uma atividade importante ficou interrompida. Solicito análise da equipe responsável.,Segurança,Alta,Segurança
"Estamos com uma ocorrência em que documentos ficam presos na fila de impressão. A ocorrência está interrompendo uma operação essencial para muitos usuários da empresa. Podem verificar, por favor?",Impressora,Crítica,Suporte N1
"Foi identificado que serviço de impressão do servidor não processa os trabalhos enviados. O problema se espalhou para diferentes usuários e está comprometendo uma atividade do setor. Podem verificar, por favor?",Impressora,Alta,Sistemas
"Preciso de suporte porque impressão sai com configuração diferente da selecionada. A rotina de trabalho foi prejudicada, embora outras atividades ainda possam ser realizadas. Solicito análise da equipe responsável.",Impressora,Média,Suporte N1
"Preciso de suporte porque serviço de impressão do servidor não processa os trabalhos enviados. O serviço é essencial e a indisponibilidade está afetando grande parte da operação. Podem verificar, por favor?",Impressora,Crítica,Sistemas
Foi identificado que usuário recebeu mensagem suspeita solicitando credenciais. A atividade pode continuar por outro caminho e não há interrupção relevante. Solicito análise da equipe responsável.,E-mail,Baixa,Segurança
"Preciso de suporte porque mensagens estão sendo enviadas pela conta sem reconhecimento do usuário. A rotina de trabalho foi prejudicada, embora outras atividades ainda possam ser realizadas. Podem verificar, por favor?",E-mail,Média,Segurança
Estamos com uma ocorrência em que disco do computador apresenta erros durante o uso. Um usuário está com dificuldade para executar uma atividade normal e precisa de suporte. Solicito análise da equipe responsável.,Hardware,Média,Infraestrutura
Estamos com uma ocorrência em que computador não consegue acessar a rede corporativa. Vários usuários do mesmo setor estão sendo afetados e uma atividade importante ficou interrompida. Solicito análise da equipe responsável.,Rede,Alta,Infraestrutura
"Preciso de suporte porque sistema interno não carrega uma das telas. O serviço é essencial e a indisponibilidade está afetando grande parte da operação. Podem verificar, por favor?",Software,Crítica,Sistemas
Estamos com uma ocorrência em que mensagens ficam presas na caixa de saída. A solicitação não impede o trabalho neste momento e pode aguardar atendimento. Precisamos de orientação para resolver a situação.,E-mail,Baixa,Suporte N1
"Foi identificado que teclado parou de responder corretamente. Diversas equipes estão sem conseguir trabalhar e não há alternativa disponível no momento. Podem verificar, por favor?",Hardware,Crítica,Suporte N1
Estamos com uma ocorrência em que integração do sistema com o envio de e-mails falhou. A solicitação não impede o trabalho neste momento e pode aguardar atendimento. Solicito análise da equipe responsável.,E-mail,Baixa,Sistemas
"Preciso de suporte porque aplicação apresenta erro depois da última atualização. A falha está impedindo uma operação importante para a equipe e precisa de atendimento rápido. Podem verificar, por favor?",Software,Alta,Sistemas
Foi identificado que scanner multifuncional não aparece para o usuário. O problema se espalhou para diferentes usuários e está comprometendo uma atividade do setor. Solicito análise da equipe responsável.,Impressora,Alta,Suporte N1
"Preciso de suporte porque antivírus identificou uma ameaça em um arquivo. O problema é pontual e existe uma alternativa para continuar trabalhando. Podem verificar, por favor?",Segurança,Baixa,Segurança
Foi identificado que serviço de impressão do servidor não processa os trabalhos enviados. A atividade pode continuar por outro caminho e não há interrupção relevante. Solicito análise da equipe responsável.,Impressora,Baixa,Sistemas
Preciso de suporte porque servidor registrou comportamento de rede fora do padrão. A falha está impedindo uma operação importante para a equipe e precisa de atendimento rápido. Solicito análise da equipe responsável.,Segurança,Alta,Infraestrutura
Preciso de suporte porque disco do computador apresenta erros durante o uso. O serviço é essencial e a indisponibilidade está afetando grande parte da operação. Solicito análise da equipe responsável.,Hardware,Crítica,Infraestrutura
Estamos com uma ocorrência em que usuário recebeu mensagem suspeita solicitando credenciais. A ocorrência está interrompendo uma operação essencial para muitos usuários da empresa. Precisamos de orientação para resolver a situação.,E-mail,Crítica,Segurança
"Preciso de suporte porque computador não consegue acessar a rede corporativa. O problema é pontual e existe uma alternativa para continuar trabalhando. Podem verificar, por favor?",Rede,Baixa,Infraestrutura
Estamos com uma ocorrência em que foram recebidos anexos inesperados de remetente desconhecido. Vários usuários do mesmo setor estão sendo afetados e uma atividade importante ficou interrompida. Precisamos de orientação para resolver a situação.,E-mail,Alta,Segurança
Foi identificado que equipamento de impressão perdeu comunicação com a rede. O problema se espalhou para diferentes usuários e está comprometendo uma atividade do setor. Solicito análise da equipe responsável.,Impressora,Alta,Infraestrutura
Preciso de suporte porque credenciais parecem ter sido utilizadas em outro dispositivo. O problema é pontual e existe uma alternativa para continuar trabalhando. Precisamos de orientação para resolver a situação.,Acesso,Baixa,Segurança
Foi identificado que usuário recebeu mensagem suspeita solicitando credenciais. O problema afeta o trabalho de uma pessoa e está causando perda de produtividade. Precisamos de orientação para resolver a situação.,E-mail,Média,Segurança
"Preciso de suporte porque usuário recebeu alerta de acesso suspeito. A rotina de trabalho foi prejudicada, embora outras atividades ainda possam ser realizadas. Precisamos de orientação para resolver a situação.",Segurança,Média,Segurança
"Preciso de suporte porque funcionalidade do portal corporativo não responde. A falha está impedindo uma operação importante para a equipe e precisa de atendimento rápido. Podem verificar, por favor?",Software,Alta,Sistemas
"Foi identificado que conta ficou bloqueada após tentativas de login. A atividade pode continuar por outro caminho e não há interrupção relevante. Podem verificar, por favor?",Acesso,Baixa,Suporte N1
Foi identificado que perfil não possui acesso a uma função do sistema. O problema afeta o trabalho de uma pessoa e está causando perda de produtividade. Precisamos de orientação para resolver a situação.,Acesso,Média,Sistemas
"Estamos com uma ocorrência em que serviço de impressão do servidor não processa os trabalhos enviados. Um usuário está com dificuldade para executar uma atividade normal e precisa de suporte. Podem verificar, por favor?",Impressora,Média,Sistemas
"Preciso de suporte porque aplicativo solicita permissões incomuns que não eram pedidas antes. A rotina de trabalho foi prejudicada, embora outras atividades ainda possam ser realizadas. Podem verificar, por favor?",Software,Média,Segurança
Foi identificado que computador não liga mesmo estando conectado à tomada. A atividade pode continuar por outro caminho e não há interrupção relevante. Solicito análise da equipe responsável.,Hardware,Baixa,Suporte N1
Preciso de suporte porque impressão sai com configuração diferente da selecionada. A falha está impedindo uma operação importante para a equipe e precisa de atendimento rápido. Precisamos de orientação para resolver a situação.,Impressora,Alta,Suporte N1
"Foi identificado que arquivo corporativo foi alterado sem explicação. A atividade pode continuar por outro caminho e não há interrupção relevante. Podem verificar, por favor?",Segurança,Baixa,Segurança
Foi identificado que documentos ficam presos na fila de impressão. A atividade pode continuar por outro caminho e não há interrupção relevante. Precisamos de orientação para resolver a situação.,Impressora,Baixa,Suporte N1
"Estamos com uma ocorrência em que integração do sistema com o envio de e-mails falhou. Vários usuários do mesmo setor estão sendo afetados e uma atividade importante ficou interrompida. Podem verificar, por favor?",E-mail,Alta,Sistemas
Estamos com uma ocorrência em que impressora compartilhada não está disponível para alguns usuários. A ocorrência está interrompendo uma operação essencial para muitos usuários da empresa. Precisamos de orientação para resolver a situação.,Impressora,Crítica,Infraestrutura
Foi identificado que equipamento foi encontrado com um dispositivo desconhecido conectado. O problema se espalhou para diferentes usuários e está comprometendo uma atividade do setor. Precisamos de orientação para resolver a situação.,Hardware,Alta,Segurança
"Foi identificado que foram recebidos anexos inesperados de remetente desconhecido. O problema afeta o trabalho de uma pessoa e está causando perda de produtividade. Podem verificar, por favor?",E-mail,Média,Segurança
"Foi identificado que perfil não possui acesso a uma função do sistema. O problema se espalhou para diferentes usuários e está comprometendo uma atividade do setor. Podem verificar, por favor?",Acesso,Alta,Sistemas
Estamos com uma ocorrência em que usuário não consegue enviar mensagens pelo e-mail corporativo. Vários usuários do mesmo setor estão sendo afetados e uma atividade importante ficou interrompida. Precisamos de orientação para resolver a situação.,E-mail,Alta,Suporte N1
Estamos com uma ocorrência em que notebook apresenta falha ao reconhecer dispositivos USB. A ocorrência está interrompendo uma operação essencial para muitos usuários da empresa. Precisamos de orientação para resolver a situação.,Hardware,Crítica,Suporte N1
"Foi identificado que teclado parou de responder corretamente. A atividade pode continuar por outro caminho e não há interrupção relevante. Podem verificar, por favor?",Hardware,Baixa,Suporte N1
Estamos com uma ocorrência em que sistema está retornando erro durante o processamento. A solicitação não impede o trabalho neste momento e pode aguardar atendimento. Precisamos de orientação para resolver a situação.,Software,Baixa,Sistemas
"Preciso de suporte porque programa instalado não abre para o usuário. A falha está impedindo uma operação importante para a equipe e precisa de atendimento rápido. Podem verificar, por favor?",Software,Alta,Suporte N1
Estamos com uma ocorrência em que teclado parou de responder corretamente. A ocorrência está interrompendo uma operação essencial para muitos usuários da empresa. Solicito análise da equipe responsável.,Hardware,Crítica,Suporte N1
"Estamos com uma ocorrência em que usuário recebeu alerta de acesso suspeito. A ocorrência está interrompendo uma operação essencial para muitos usuários da empresa. Podem verificar, por favor?",Segurança,Crítica,Segurança
Estamos com uma ocorrência em que programa desconhecido apareceu instalado na máquina. Vários usuários do mesmo setor estão sendo afetados e uma atividade importante ficou interrompida. Solicito análise da equipe responsável.,Software,Alta,Segurança
"Preciso de suporte porque Outlook não está sincronizando novas mensagens. A rotina de trabalho foi prejudicada, embora outras atividades ainda possam ser realizadas. Solicito análise da equipe responsável.",E-mail,Média,Suporte N1
Foi identificado que senha do usuário não está sendo aceita. O problema se espalhou para diferentes usuários e está comprometendo uma atividade do setor. Solicito análise da equipe responsável.,Acesso,Alta,Suporte N1
Foi identificado que acesso a recursos internos pela rede está falhando. A atividade pode continuar por outro caminho e não há interrupção relevante. Precisamos de orientação para resolver a situação.,Rede,Baixa,Infraestrutura
Estamos com uma ocorrência em que permissão de acesso não foi aplicada corretamente no sistema. Vários usuários do mesmo setor estão sendo afetados e uma atividade importante ficou interrompida. Precisamos de orientação para resolver a situação.,Acesso,Alta,Sistemas
Estamos com uma ocorrência em que impressora compartilhada não está disponível para alguns usuários. Vários usuários do mesmo setor estão sendo afetados e uma atividade importante ficou interrompida. Solicito análise da equipe responsável.,Impressora,Alta,Infraestrutura
Preciso de suporte porque conta ficou bloqueada após tentativas de login. O serviço é essencial e a indisponibilidade está afetando grande parte da operação. Precisamos de orientação para resolver a situação.,Acesso,Crítica,Suporte N1
Foi identificado que foi identificado possível e-mail de phishing na caixa corporativa. A atividade pode continuar por outro caminho e não há interrupção relevante. Solicito análise da equipe responsável.,E-mail,Baixa,Segurança
Foi identificado que usuário não consegue enviar mensagens pelo e-mail corporativo. O problema se espalhou para diferentes usuários e está comprometendo uma atividade do setor. Solicito análise da equipe responsável.,E-mail,Alta,Suporte N1
Foi identificado que programa instalado não abre para o usuário. O problema se espalhou para diferentes usuários e está comprometendo uma atividade do setor. Solicito análise da equipe responsável.,Software,Alta,Suporte N1
Foi identificado que equipamento apresenta falha após troca de componente. O problema se espalhou para diferentes usuários e está comprometendo uma atividade do setor. Precisamos de orientação para resolver a situação.,Hardware,Alta,Infraestrutura
"Preciso de suporte porque usuário recebeu aviso de alteração de senha que não solicitou. O serviço é essencial e a indisponibilidade está afetando grande parte da operação. Podem verificar, por favor?",Acesso,Crítica,Segurança
Estamos com uma ocorrência em que impressão sai com configuração diferente da selecionada. A ocorrência está interrompendo uma operação essencial para muitos usuários da empresa. Precisamos de orientação para resolver a situação.,Impressora,Crítica,Suporte N1
Estamos com uma ocorrência em que aplicativo corporativo fecha sozinho ao executar uma tarefa. A solicitação não impede o trabalho neste momento e pode aguardar atendimento. Precisamos de orientação para resolver a situação.,Software,Baixa,Suporte N1
Foi identificado que aplicação apresentou atividade incomum associada a um usuário. O problema se espalhou para diferentes usuários e está comprometendo uma atividade do setor. Precisamos de orientação para resolver a situação.,Segurança,Alta,Sistemas
Foi identificado que mensagens ficam presas na caixa de saída. A atividade pode continuar por outro caminho e não há interrupção relevante. Solicito análise da equipe responsável.,E-mail,Baixa,Suporte N1
Preciso de suporte porque equipamento apresenta falha após troca de componente. O problema é pontual e existe uma alternativa para continuar trabalhando. Precisamos de orientação para resolver a situação.,Hardware,Baixa,Infraestrutura
"Preciso de suporte porque monitor fica sem imagem durante o uso. A falha está impedindo uma operação importante para a equipe e precisa de atendimento rápido. Podem verificar, por favor?",Hardware,Alta,Suporte N1
"Preciso de suporte porque sistema interno não carrega uma das telas. O problema é pontual e existe uma alternativa para continuar trabalhando. Podem verificar, por favor?",Software,Baixa,Sistemas
Foi identificado que notebook apresenta falha ao reconhecer dispositivos USB. A atividade pode continuar por outro caminho e não há interrupção relevante. Solicito análise da equipe responsável.,Hardware,Baixa,Suporte N1
Foi identificado que usuário não consegue enviar mensagens pelo e-mail corporativo. A atividade pode continuar por outro caminho e não há interrupção relevante. Precisamos de orientação para resolver a situação.,E-mail,Baixa,Suporte N1
"Estamos com uma ocorrência em que senha do usuário não está sendo aceita. A ocorrência está interrompendo uma operação essencial para muitos usuários da empresa. Podem verificar, por favor?",Acesso,Crítica,Suporte N1
Preciso de suporte porque integração entre dois sistemas deixou de funcionar. O serviço é essencial e a indisponibilidade está afetando grande parte da operação. Precisamos de orientação para resolver a situação.,Software,Crítica,Sistemas
Estamos com uma ocorrência em que aplicativo solicita permissões incomuns que não eram pedidas antes. A solicitação não impede o trabalho neste momento e pode aguardar atendimento. Solicito análise da equipe responsável.,Software,Baixa,Segurança
"Estamos com uma ocorrência em que estação de trabalho reinicia sem aviso. A solicitação não impede o trabalho neste momento e pode aguardar atendimento. Podem verificar, por favor?",Hardware,Baixa,Infraestrutura
"Preciso de suporte porque usuário precisa de ajuda para selecionar a rede corporativa correta. A rotina de trabalho foi prejudicada, embora outras atividades ainda possam ser realizadas. Podem verificar, por favor?",Rede,Média,Suporte N1
Estamos com uma ocorrência em que serviço de impressão do servidor não processa os trabalhos enviados. A ocorrência está interrompendo uma operação essencial para muitos usuários da empresa. Precisamos de orientação para resolver a situação.,Impressora,Crítica,Sistemas
Foi identificado que antivírus identificou uma ameaça em um arquivo. A atividade pode continuar por outro caminho e não há interrupção relevante. Solicito análise da equipe responsável.,Segurança,Baixa,Segurança
"Estamos com uma ocorrência em que acesso a recursos internos pela rede está falhando. A ocorrência está interrompendo uma operação essencial para muitos usuários da empresa. Podem verificar, por favor?",Rede,Crítica,Infraestrutura
Foi identificado que sistema corporativo não consegue gerar o documento para impressão. O problema afeta o trabalho de uma pessoa e está causando perda de produtividade. Solicito análise da equipe responsável.,Impressora,Média,Sistemas
Estamos com uma ocorrência em que computador não consegue acessar a rede corporativa. A ocorrência está interrompendo uma operação essencial para muitos usuários da empresa. Precisamos de orientação para resolver a situação.,Rede,Crítica,Infraestrutura
Preciso de suporte porque antivírus identificou uma ameaça em um arquivo. A falha está impedindo uma operação importante para a equipe e precisa de atendimento rápido. Precisamos de orientação para resolver a situação.,Segurança,Alta,Segurança
Foi identificado que credenciais parecem ter sido utilizadas em outro dispositivo. O problema afeta o trabalho de uma pessoa e está causando perda de produtividade. Solicito análise da equipe responsável.,Acesso,Média,Segurança
Preciso de suporte porque conta apresenta acessos que o usuário não reconhece. O serviço é essencial e a indisponibilidade está afetando grande parte da operação. Solicito análise da equipe responsável.,Acesso,Crítica,Segurança
"Preciso de suporte porque usuário precisa de orientação após receber um alerta de segurança. A rotina de trabalho foi prejudicada, embora outras atividades ainda possam ser realizadas. Solicito análise da equipe responsável.",Segurança,Média,Suporte N1
Foi identificado que internet está instável em uma área do escritório. O problema afeta o trabalho de uma pessoa e está causando perda de produtividade. Solicito análise da equipe responsável.,Rede,Média,Infraestrutura
"Preciso de suporte porque sistema está retornando erro durante o processamento. A rotina de trabalho foi prejudicada, embora outras atividades ainda possam ser realizadas. Solicito análise da equipe responsável.",Software,Média,Sistemas
"Estamos com uma ocorrência em que sistema interno não carrega uma das telas. Um usuário está com dificuldade para executar uma atividade normal e precisa de suporte. Podem verificar, por favor?",Software,Média,Sistemas
"Preciso de suporte porque usuário recebeu mensagem suspeita solicitando credenciais. O serviço é essencial e a indisponibilidade está afetando grande parte da operação. Podem verificar, por favor?",E-mail,Crítica,Segurança
"Preciso de suporte porque antivírus identificou uma ameaça em um arquivo. A rotina de trabalho foi prejudicada, embora outras atividades ainda possam ser realizadas. Solicito análise da equipe responsável.",Segurança,Média,Segurança
"Estamos com uma ocorrência em que perfil não possui acesso a uma função do sistema. Um usuário está com dificuldade para executar uma atividade normal e precisa de suporte. Podem verificar, por favor?",Acesso,Média,Sistemas
"Estamos com uma ocorrência em que sistema corporativo não consegue gerar o documento para impressão. Vários usuários do mesmo setor estão sendo afetados e uma atividade importante ficou interrompida. Podem verificar, por favor?",Impressora,Alta,Sistemas
Estamos com uma ocorrência em que usuário recebeu aviso de alteração de senha que não solicitou. A solicitação não impede o trabalho neste momento e pode aguardar atendimento. Precisamos de orientação para resolver a situação.,Acesso,Baixa,Segurança
Estamos com uma ocorrência em que equipamento foi encontrado com um dispositivo desconhecido conectado. Um usuário está com dificuldade para executar uma atividade normal e precisa de suporte. Precisamos de orientação para resolver a situação.,Hardware,Média,Segurança
Estamos com uma ocorrência em que foram recebidos anexos inesperados de remetente desconhecido. Um usuário está com dificuldade para executar uma atividade normal e precisa de suporte. Solicito análise da equipe responsável.,E-mail,Média,Segurança
Foi identificado que conta ficou bloqueada após tentativas de login. O problema afeta o trabalho de uma pessoa e está causando perda de produtividade. Solicito análise da equipe responsável.,Acesso,Média,Suporte N1
Foi identificado que computador não liga mesmo estando conectado à tomada. O problema afeta o trabalho de uma pessoa e está causando perda de produtividade. Precisamos de orientação para resolver a situação.,Hardware,Média,Suporte N1
Foi identificado que servidor registrou comportamento de rede fora do padrão. O problema afeta o trabalho de uma pessoa e está causando perda de produtividade. Solicito análise da equipe responsável.,Segurança,Média,Infraestrutura
"Preciso de suporte porque usuário recebeu mensagem suspeita solicitando credenciais. A rotina de trabalho foi prejudicada, embora outras atividades ainda possam ser realizadas. Solicito análise da equipe responsável.",E-mail,Média,Segurança
Estamos com uma ocorrência em que computador corporativo está superaquecendo. A solicitação não impede o trabalho neste momento e pode aguardar atendimento. Precisamos de orientação para resolver a situação.,Hardware,Baixa,Infraestrutura
Estamos com uma ocorrência em que funcionalidade do portal corporativo não responde. Um usuário está com dificuldade para executar uma atividade normal e precisa de suporte. Solicito análise da equipe responsável.,Software,Média,Sistemas
Preciso de suporte porque teclado parou de responder corretamente. A falha está impedindo uma operação importante para a equipe e precisa de atendimento rápido. Solicito análise da equipe responsável.,Hardware,Alta,Suporte N1
Preciso de suporte porque caixa de e-mail apresenta erro ao abrir. O problema é pontual e existe uma alternativa para continuar trabalhando. Precisamos de orientação para resolver a situação.,E-mail,Baixa,Suporte N1
Preciso de suporte porque usuário recebeu uma solicitação de autenticação que não reconhece. O serviço é essencial e a indisponibilidade está afetando grande parte da operação. Precisamos de orientação para resolver a situação.,Acesso,Crítica,Segurança
Estamos com uma ocorrência em que conta apresenta acessos que o usuário não reconhece. Vários usuários do mesmo setor estão sendo afetados e uma atividade importante ficou interrompida. Precisamos de orientação para resolver a situação.,Acesso,Alta,Segurança
Preciso de suporte porque usuário não consegue entrar na conta corporativa. A falha está impedindo uma operação importante para a equipe e precisa de atendimento rápido. Precisamos de orientação para resolver a situação.,Acesso,Alta,Suporte N1
"Estamos com uma ocorrência em que disco do computador apresenta erros durante o uso. A ocorrência está interrompendo uma operação essencial para muitos usuários da empresa. Podem verificar, por favor?",Hardware,Crítica,Infraestrutura
Estamos com uma ocorrência em que usuário precisa de ajuda para selecionar a rede corporativa correta. A ocorrência está interrompendo uma operação essencial para muitos usuários da empresa. Solicito análise da equipe responsável.,Rede,Crítica,Suporte N1
Foi identificado que foram recebidos anexos inesperados de remetente desconhecido. A atividade pode continuar por outro caminho e não há interrupção relevante. Precisamos de orientação para resolver a situação.,E-mail,Baixa,Segurança
Estamos com uma ocorrência em que usuário precisa de ajuda para selecionar a rede corporativa correta. Um usuário está com dificuldade para executar uma atividade normal e precisa de suporte. Precisamos de orientação para resolver a situação.,Rede,Média,Suporte N1
Preciso de suporte porque estação apresenta alertas de segurança recorrentes. O problema é pontual e existe uma alternativa para continuar trabalhando. Solicito análise da equipe responsável.,Segurança,Baixa,Segurança
Foi identificado que computador não consegue acessar a rede corporativa. O problema afeta o trabalho de uma pessoa e está causando perda de produtividade. Precisamos de orientação para resolver a situação.,Rede,Média,Infraestrutura
Estamos com uma ocorrência em que monitor fica sem imagem durante o uso. Um usuário está com dificuldade para executar uma atividade normal e precisa de suporte. Solicito análise da equipe responsável.,Hardware,Média,Suporte N1
"Preciso de suporte porque VPN corporativa não estabelece conexão. O serviço é essencial e a indisponibilidade está afetando grande parte da operação. Podem verificar, por favor?",Rede,Crítica,Infraestrutura
"Preciso de suporte porque impressora aparece como offline no computador. O problema é pontual e existe uma alternativa para continuar trabalhando. Podem verificar, por favor?",Impressora,Baixa,Suporte N1
Estamos com uma ocorrência em que conta ficou bloqueada após tentativas de login. A ocorrência está interrompendo uma operação essencial para muitos usuários da empresa. Solicito análise da equipe responsável.,Acesso,Crítica,Suporte N1
Estamos com uma ocorrência em que internet está instável em uma área do escritório. Um usuário está com dificuldade para executar uma atividade normal e precisa de suporte. Precisamos de orientação para resolver a situação.,Rede,Média,Infraestrutura
"Foi identificado que sistema interno não carrega uma das telas. O problema se espalhou para diferentes usuários e está comprometendo uma atividade do setor. Podem verificar, por favor?",Software,Alta,Sistemas
"Estamos com uma ocorrência em que usuário precisa de orientação após receber um alerta de segurança. Um usuário está com dificuldade para executar uma atividade normal e precisa de suporte. Podem verificar, por favor?",Segurança,Média,Suporte N1
"Foi identificado que impressão sai com configuração diferente da selecionada. O problema se espalhou para diferentes usuários e está comprometendo uma atividade do setor. Podem verificar, por favor?",Impressora,Alta,Suporte N1
Foi identificado que Outlook não está sincronizando novas mensagens. A atividade pode continuar por outro caminho e não há interrupção relevante. Solicito análise da equipe responsável.,E-mail,Baixa,Suporte N1
"Estamos com uma ocorrência em que aplicação apresentou atividade incomum associada a um usuário. Vários usuários do mesmo setor estão sendo afetados e uma atividade importante ficou interrompida. Podem verificar, por favor?",Segurança,Alta,Sistemas
Estamos com uma ocorrência em que caixa de e-mail apresenta erro ao abrir. A solicitação não impede o trabalho neste momento e pode aguardar atendimento. Solicito análise da equipe responsável.,E-mail,Baixa,Suporte N1
"Preciso de suporte porque computador não consegue acessar a rede corporativa. O serviço é essencial e a indisponibilidade está afetando grande parte da operação. Podem verificar, por favor?",Rede,Crítica,Infraestrutura
"Preciso de suporte porque foram recebidos anexos inesperados de remetente desconhecido. A falha está impedindo uma operação importante para a equipe e precisa de atendimento rápido. Podem verificar, por favor?",E-mail,Alta,Segurança
"Foi identificado que usuário recebeu mensagem suspeita solicitando credenciais. O problema se espalhou para diferentes usuários e está comprometendo uma atividade do setor. Podem verificar, por favor?",E-mail,Alta,Segurança
"Preciso de suporte porque equipamento de impressão perdeu comunicação com a rede. A falha está impedindo uma operação importante para a equipe e precisa de atendimento rápido. Podem verificar, por favor?",Impressora,Alta,Infraestrutura
Estamos com uma ocorrência em que integração entre dois sistemas deixou de funcionar. Um usuário está com dificuldade para executar uma atividade normal e precisa de suporte. Precisamos de orientação para resolver a situação.,Software,Média,Sistemas
Foi identificado que servidor registrou comportamento de rede fora do padrão. O problema se espalhou para diferentes usuários e está comprometendo uma atividade do setor. Precisamos de orientação para resolver a situação.,Segurança,Alta,Infraestrutura
Estamos com uma ocorrência em que sistema corporativo não consegue gerar o documento para impressão. A ocorrência está interrompendo uma operação essencial para muitos usuários da empresa. Solicito análise da equipe responsável.,Impressora,Crítica,Sistemas
Foi identificado que usuário recebeu aviso de alteração de senha que não solicitou. Diversas equipes estão sem conseguir trabalhar e não há alternativa disponível no momento. Solicito análise da equipe responsável.,Acesso,Crítica,Segurança
"Preciso de suporte porque impressora compartilhada não está disponível para alguns usuários. A rotina de trabalho foi prejudicada, embora outras atividades ainda possam ser realizadas. Solicito análise da equipe responsável.",Impressora,Média,Infraestrutura
"Estamos com uma ocorrência em que caixa de e-mail apresenta erro ao abrir. Vários usuários do mesmo setor estão sendo afetados e uma atividade importante ficou interrompida. Podem verificar, por favor?",E-mail,Alta,Suporte N1
Estamos com uma ocorrência em que estação de trabalho reinicia sem aviso. Vários usuários do mesmo setor estão sendo afetados e uma atividade importante ficou interrompida. Precisamos de orientação para resolver a situação.,Hardware,Alta,Infraestrutura
Preciso de suporte porque usuário recebeu aviso de alteração de senha que não solicitou. A falha está impedindo uma operação importante para a equipe e precisa de atendimento rápido. Precisamos de orientação para resolver a situação.,Acesso,Alta,Segurança
Estamos com uma ocorrência em que usuário recebeu mensagem suspeita solicitando credenciais. A solicitação não impede o trabalho neste momento e pode aguardar atendimento. Precisamos de orientação para resolver a situação.,E-mail,Baixa,Segurança
Estamos com uma ocorrência em que arquivo corporativo foi alterado sem explicação. A ocorrência está interrompendo uma operação essencial para muitos usuários da empresa. Solicito análise da equipe responsável.,Segurança,Crítica,Segurança
Foi identificado que conexão Wi-Fi cai durante o expediente. A atividade pode continuar por outro caminho e não há interrupção relevante. Precisamos de orientação para resolver a situação.,Rede,Baixa,Infraestrutura
"Foi identificado que monitor fica sem imagem durante o uso. O problema afeta o trabalho de uma pessoa e está causando perda de produtividade. Podem verificar, por favor?",Hardware,Média,Suporte N1
Foi identificado que VPN corporativa não estabelece conexão. O problema afeta o trabalho de uma pessoa e está causando perda de produtividade. Precisamos de orientação para resolver a situação.,Rede,Média,Infraestrutura
Estamos com uma ocorrência em que credenciais parecem ter sido utilizadas em outro dispositivo. A ocorrência está interrompendo uma operação essencial para muitos usuários da empresa. Solicito análise da equipe responsável.,Acesso,Crítica,Segurança
Foi identificado que sistema interno não carrega uma das telas. A atividade pode continuar por outro caminho e não há interrupção relevante. Solicito análise da equipe responsável.,Software,Baixa,Sistemas
"Preciso de suporte porque equipamento não recebe conexão pela rede cabeada. O problema é pontual e existe uma alternativa para continuar trabalhando. Podem verificar, por favor?",Rede,Baixa,Infraestrutura
"Foi identificado que integração entre dois sistemas deixou de funcionar. Diversas equipes estão sem conseguir trabalhar e não há alternativa disponível no momento. Podem verificar, por favor?",Software,Crítica,Sistemas
"Preciso de suporte porque conta ficou bloqueada após tentativas de login. A rotina de trabalho foi prejudicada, embora outras atividades ainda possam ser realizadas. Podem verificar, por favor?",Acesso,Média,Suporte N1
Estamos com uma ocorrência em que sistema registrou alterações de dados sem identificação clara. Um usuário está com dificuldade para executar uma atividade normal e precisa de suporte. Solicito análise da equipe responsável.,Segurança,Média,Sistemas
"Preciso de suporte porque permissão de acesso não foi aplicada corretamente no sistema. A rotina de trabalho foi prejudicada, embora outras atividades ainda possam ser realizadas. Precisamos de orientação para resolver a situação.",Acesso,Média,Sistemas
Estamos com uma ocorrência em que Outlook não está sincronizando novas mensagens. A ocorrência está interrompendo uma operação essencial para muitos usuários da empresa. Precisamos de orientação para resolver a situação.,E-mail,Crítica,Suporte N1
Preciso de suporte porque usuário precisa de ajuda para selecionar a rede corporativa correta. O serviço é essencial e a indisponibilidade está afetando grande parte da operação. Precisamos de orientação para resolver a situação.,Rede,Crítica,Suporte N1
Estamos com uma ocorrência em que estação apresenta alertas de segurança recorrentes. Um usuário está com dificuldade para executar uma atividade normal e precisa de suporte. Solicito análise da equipe responsável.,Segurança,Média,Segurança
"Foi identificado que conexão com o servidor está intermitente. A atividade pode continuar por outro caminho e não há interrupção relevante. Podem verificar, por favor?",Rede,Baixa,Infraestrutura
"Preciso de suporte porque driver da impressora apresenta erro na estação. A rotina de trabalho foi prejudicada, embora outras atividades ainda possam ser realizadas. Podem verificar, por favor?",Impressora,Média,Suporte N1
"Foi identificado que aplicativo corporativo fecha sozinho ao executar uma tarefa. O problema se espalhou para diferentes usuários e está comprometendo uma atividade do setor. Podem verificar, por favor?",Software,Alta,Suporte N1
Estamos com uma ocorrência em que driver da impressora apresenta erro na estação. A ocorrência está interrompendo uma operação essencial para muitos usuários da empresa. Solicito análise da equipe responsável.,Impressora,Crítica,Suporte N1
Estamos com uma ocorrência em que equipamento foi encontrado com um dispositivo desconhecido conectado. A ocorrência está interrompendo uma operação essencial para muitos usuários da empresa. Solicito análise da equipe responsável.,Hardware,Crítica,Segurança
Foi identificado que senha do usuário não está sendo aceita. A atividade pode continuar por outro caminho e não há interrupção relevante. Precisamos de orientação para resolver a situação.,Acesso,Baixa,Suporte N1
Foi identificado que disco do computador apresenta erros durante o uso. Diversas equipes estão sem conseguir trabalhar e não há alternativa disponível no momento. Precisamos de orientação para resolver a situação.,Hardware,Crítica,Infraestrutura
Foi identificado que credenciais parecem ter sido utilizadas em outro dispositivo. O problema se espalhou para diferentes usuários e está comprometendo uma atividade do setor. Precisamos de orientação para resolver a situação.,Acesso,Alta,Segurança
Foi identificado que rede apresenta perda de conexão durante o trabalho. O problema se espalhou para diferentes usuários e está comprometendo uma atividade do setor. Solicito análise da equipe responsável.,Rede,Alta,Infraestrutura
Estamos com uma ocorrência em que funcionalidade do portal corporativo não responde. Vários usuários do mesmo setor estão sendo afetados e uma atividade importante ficou interrompida. Precisamos de orientação para resolver a situação.,Software,Alta,Sistemas
Preciso de suporte porque credenciais parecem ter sido utilizadas em outro dispositivo. A falha está impedindo uma operação importante para a equipe e precisa de atendimento rápido. Solicito análise da equipe responsável.,Acesso,Alta,Segurança
Foi identificado que aplicativo corporativo fecha sozinho ao executar uma tarefa. O problema afeta o trabalho de uma pessoa e está causando perda de produtividade. Precisamos de orientação para resolver a situação.,Software,Média,Suporte N1
"Preciso de suporte porque documentos ficam presos na fila de impressão. A falha está impedindo uma operação importante para a equipe e precisa de atendimento rápido. Podem verificar, por favor?",Impressora,Alta,Suporte N1
Preciso de suporte porque monitor fica sem imagem durante o uso. O problema é pontual e existe uma alternativa para continuar trabalhando. Solicito análise da equipe responsável.,Hardware,Baixa,Suporte N1
Preciso de suporte porque sistema corporativo não consegue gerar o documento para impressão. O problema é pontual e existe uma alternativa para continuar trabalhando. Precisamos de orientação para resolver a situação.,Impressora,Baixa,Sistemas
"Foi identificado que equipamento apresenta falha após troca de componente. Diversas equipes estão sem conseguir trabalhar e não há alternativa disponível no momento. Podem verificar, por favor?",Hardware,Crítica,Infraestrutura
Preciso de suporte porque equipamento foi encontrado com um dispositivo desconhecido conectado. A falha está impedindo uma operação importante para a equipe e precisa de atendimento rápido. Solicito análise da equipe responsável.,Hardware,Alta,Segurança
"Estamos com uma ocorrência em que internet está instável em uma área do escritório. Vários usuários do mesmo setor estão sendo afetados e uma atividade importante ficou interrompida. Podem verificar, por favor?",Rede,Alta,Infraestrutura
"Preciso de suporte porque houve tentativa de login em horário incomum. O serviço é essencial e a indisponibilidade está afetando grande parte da operação. Podem verificar, por favor?",Acesso,Crítica,Segurança
"Estamos com uma ocorrência em que equipamento foi encontrado com um dispositivo desconhecido conectado. Vários usuários do mesmo setor estão sendo afetados e uma atividade importante ficou interrompida. Podem verificar, por favor?",Hardware,Alta,Segurança
